Gary saw my baboon in an woman with Gary on I on Gemma,"[['HEALTH AND FITNESS', 0.05828566], ['HOBBIES AND INTERESTS', 0.05578579], ['SPORTS', 0.05175513], ['AUTOMOTIVE', 0.05140174], ['RELIGION AND SPIRITUALITY', 0.05129992]]","[['HOBBIES & INTERESTS', 0.07], ['SCREENWRITING', 0.05]]",True,1,1,23:31:17.171654
I saw my baboon in an woman with Gary on I on Gemma,"[['HEALTH AND FITNESS', 0.05866405], ['HOBBIES AND INTERESTS', 0.05457172], ['AUTOMOTIVE', 0.05387234], ['SPORTS', 0.05218637], ['RELIGION AND SPIRITUALITY', 0.05067633]]","[['HOBBIES & INTERESTS', 0.07], ['NEEDLEWORK', 0.05]]",True,2,2,23:31:19.931685
I saw my baboon in my woman with Gary on I on Gemma,"[['HEALTH AND FITNESS', 0.05866405], ['HOBBIES AND INTERESTS', 0.05457172], ['AUTOMOTIVE', 0.05387234], ['SPORTS', 0.05218637], ['RELIGION AND SPIRITUALITY', 0.05067633]]","[['HOBBIES & INTERESTS', 0.07], ['NEEDLEWORK', 0.05]]",True,3,3,23:31:22.891004
I saw my baboon in my woman with Gemma on I on Gemma,"[['AUTOMOTIVE', 0.05574183], ['HEALTH AND FITNESS', 0.05541648], ['HOBBIES AND INTERESTS', 0.05466682], ['RELIGION AND SPIRITUALITY', 0.05184125], ['SCIENCE', 0.05051033]]","[['HOBBIES & INTERESTS', 0.07], ['SCREENWRITING', 0.05]]",True,4,4,23:31:25.816245
I saw my baboon by my woman with Gemma on I on Gemma,"[['AUTOMOTIVE', 0.05574183], ['HEALTH AND FITNESS', 0.05541648], ['HOBBIES AND INTERESTS', 0.05466682], ['RELIGION AND SPIRITUALITY', 0.05184125], ['SCIENCE', 0.05051033]]","[['HOBBIES & INTERESTS', 0.07], ['SCREENWRITING', 0.05]]",True,5,5,23:31:29.064469
I saw my river by my woman with Gemma on I on Gemma,"[['HOBBIES AND INTERESTS', 0.05584008], ['AUTOMOTIVE', 0.05530677], ['TRAVEL', 0.05457836], ['HEALTH AND FITNESS', 0.0540436], ['RELIGION AND SPIRITUALITY', 0.05355737]]","[['HOBBIES & INTERESTS', 0.07], ['WATERSKI/WAKEBOARD', 0.06], ['SPORTS', 0.06], ['BIRDWATCHING', 0.05]]",True,6,6,23:31:32.440328
I saw my river by the woman with Gemma on I on Gemma,"[['AUTOMOTIVE', 0.05517092], ['HOBBIES AND INTERESTS', 0.05497339], ['TRAVEL', 0.05478253], ['HEALTH AND FITNESS', 0.05405538], ['RELIGION AND SPIRITUALITY', 0.05377215]]","[['HOBBIES & INTERESTS', 0.07], ['WATERSKI/WAKEBOARD', 0.06], ['SPORTS', 0.06], ['BIRDWATCHING', 0.05]]",True,7,7,23:31:35.563303
I grabbed my river by the woman with Gemma on I on Gemma,"[['RELIGION AND SPIRITUALITY', 0.05815506], ['TRAVEL', 0.05675926], ['HOBBIES AND INTERESTS', 0.05281994], ['HEALTH AND FITNESS', 0.0517933], ['SPORTS', 0.05056848]]","[['HOBBIES & INTERESTS', 0.07], ['BIRDWATCHING', 0.05]]",True,8,8,23:31:38.489195
I grabbed my river by the salmon with Gemma on I on Gemma,"[['TRAVEL', 0.05596892], ['SPORTS', 0.05300222], ['HOBBIES AND INTERESTS', 0.05214372], ['RELIGION AND SPIRITUALITY', 0.05119945], ['TECHNOLOGY AND COMPUTING', 0.05064963]]","[['FLY FISHING', 0.09], ['HOBBIES & INTERESTS', 0.07], ['SPORTS', 0.06], ['BIRDWATCHING', 0.06]]",False,9,8,23:31:41.336813
I grabbed my river near the woman with Gemma on I on Gemma,"[['TRAVEL', 0.05973692], ['RELIGION AND SPIRITUALITY', 0.0575951], ['HOBBIES AND INTERESTS', 0.05270154], ['HEALTH AND FITNESS', 0.05217397], ['SCIENCE', 0.05032614]]","[['HOBBIES & INTERESTS', 0.07], ['BIRDWATCHING', 0.05]]",True,10,9,23:31:44.829668
I grabbed my river by the woman with Gemma on I on Gemma,"[['RELIGION AND SPIRITUALITY', 0.05815506], ['TRAVEL', 0.05675926], ['HOBBIES AND INTERESTS', 0.05281994], ['HEALTH AND FITNESS', 0.0517933], ['SPORTS', 0.05056848]]","[['HOBBIES & INTERESTS', 0.07], ['BIRDWATCHING', 0.05]]",True,10,9,23:31:47.655360
I disabled my river by the woman with Gemma on I on Gemma,"[['HEALTH AND FITNESS', 0.06414977], ['TRAVEL', 0.05616967], ['RELIGION AND SPIRITUALITY', 0.05543027], ['HOBBIES AND INTERESTS', 0.05228406], ['SPORTS', 0.05012532]]","[['HOBBIES & INTERESTS', 0.07], ['WATERSKI/WAKEBOARD', 0.06], ['SPORTS', 0.06], ['BIRDWATCHING', 0.05]]",False,11,9,23:31:50.488272
I grabbed my woman by the woman with Gemma on I on Gemma,"[['RELIGION AND SPIRITUALITY', 0.05641986], ['HEALTH AND FITNESS', 0.05396], ['HOBBIES AND INTERESTS', 0.05199319], ['AUTOMOTIVE', 0.05054197], ['TRAVEL', 0.04950831]]","[['BODY ART', 0.35], ['HOBBIES & INTERESTS', 0.07], ['STYLE & FASHION', 0.06], ['NEEDLEWORK', 0.05]]",True,12,10,23:31:53.630495
I grabbed the woman by the woman with Gemma on I on Gemma,"[['RELIGION AND SPIRITUALITY', 0.05469425], ['HEALTH AND FITNESS', 0.05137402], ['HOBBIES AND INTERESTS', 0.05095851], ['SCIENCE', 0.04954116], ['ARTS AND ENTERTAINMENT', 0.04938944]]","[['BODY ART', 0.35], ['HOBBIES & INTERESTS', 0.07], ['STYLE & FASHION', 0.06], ['NEEDLEWORK', 0.05]]",True,13,11,23:31:56.819382
I grabbed the woman near the woman with Gemma on I on Gemma,"[['RELIGION AND SPIRITUALITY', 0.05434869], ['SCIENCE', 0.05164406], ['HEALTH AND FITNESS', 0.05108417], ['HOBBIES AND INTERESTS', 0.05097285], ['TRAVEL', 0.05073046]]","[['BODY ART', 0.35], ['HOBBIES & INTERESTS', 0.07], ['STYLE & FASHION', 0.06], ['NEEDLEWORK', 0.05]]",True,14,12,23:31:59.865147
I grabbed the woman near the woman with Gemma on I in Gemma,"[['RELIGION AND SPIRITUALITY', 0.05434869], ['SCIENCE', 0.05164406], ['HEALTH AND FITNESS', 0.05108417], ['HOBBIES AND INTERESTS', 0.05097285], ['TRAVEL', 0.05073046]]","[['BODY ART', 0.35], ['HOBBIES & INTERESTS', 0.07], ['STYLE & FASHION', 0.06], ['NEEDLEWORK', 0.05]]",True,15,13,23:32:02.578004
I grabbed the woman near the woman with I on I in Gemma,"[['RELIGION AND SPIRITUALITY', 0.05317455], ['HOBBIES AND INTERESTS', 0.05183888], ['SCIENCE', 0.05151191], ['TRAVEL', 0.05099577], ['HEALTH AND FITNESS', 0.0506803]]","[['BODY ART', 0.34], ['WEDDINGS', 0.25], ['HOBBIES & INTERESTS', 0.07], ['STYLE & FASHION', 0.06], ['SOCIETY', 0.06]]",True,16,14,23:32:05.626211
I saw the woman near the woman with I on I in Gemma,"[['SCIENCE', 0.05446211], ['HOBBIES AND INTERESTS', 0.05404687], ['HEALTH AND FITNESS', 0.05232214], ['AUTOMOTIVE', 0.05113064], ['EDUCATION', 0.05105209]]","[['BODY ART', 0.34], ['WEDDINGS', 0.26], ['PORNOGRAPHY', 0.22], ['HOBBIES & INTERESTS', 0.07], ['STYLE & FASHION', 0.06]]",True,17,15,23:32:08.570345
I saw the woman near the woman on I on I in Gemma,"[['SCIENCE', 0.05446211], ['HOBBIES AND INTERESTS', 0.05404687], ['HEALTH AND FITNESS', 0.05232214], ['AUTOMOTIVE', 0.05113064], ['EDUCATION', 0.05105209]]","[['BODY ART', 0.34], ['WEDDINGS', 0.26], ['PORNOGRAPHY', 0.22], ['HOBBIES & INTERESTS', 0.07], ['STYLE & FASHION', 0.06]]",True,18,16,23:32:11.949312
I spent the woman near the woman on I on I in Gemma,"[['TRAVEL', 0.05390221], ['RELIGION AND SPIRITUALITY', 0.05355162], ['SCIENCE', 0.05230525], ['HOBBIES AND INTERESTS', 0.05105286], ['TECHNOLOGY AND COMPUTING', 0.04983593]]","[['BODY ART', 0.36], ['HOBBIES & INTERESTS', 0.07], ['STYLE & FASHION', 0.06], ['NEEDLEWORK', 0.05]]",True,19,17,23:32:15.311043
I spent the woman near the woman on Gemma on I in Gemma,"[['RELIGION AND SPIRITUALITY', 0.05472851], ['TRAVEL', 0.05361632], ['SCIENCE', 0.05243409], ['HOBBIES AND INTERESTS', 0.05019486], ['TECHNOLOGY AND COMPUTING', 0.05012126]]","[['HOBBIES & INTERESTS', 0.07], ['NEEDLEWORK', 0.05]]",True,20,18,23:32:18.684281
I damaged the woman near the woman on Gemma on I in Gemma,"[['RELIGION AND SPIRITUALITY', 0.05209281], ['HOBBIES AND INTERESTS', 0.05176043], ['SCIENCE', 0.05141067], ['HEALTH AND FITNESS', 0.05068022], ['TECHNOLOGY AND COMPUTING', 0.05058367]]","[['BODY ART', 0.36], ['HOBBIES & INTERESTS', 0.07], ['STYLE & FASHION', 0.06], ['NEEDLEWORK', 0.05]]",True,21,19,23:32:21.752830
I damaged the woman by the woman on Gemma on I in Gemma,"[['RELIGION AND SPIRITUALITY', 0.05242164], ['HOBBIES AND INTERESTS', 0.05174351], ['TECHNOLOGY AND COMPUTING', 0.0510743], ['HEALTH AND FITNESS', 0.05096546], ['ARTS AND ENTERTAINMENT', 0.04991363]]","[['BODY ART', 0.36], ['HOBBIES & INTERESTS', 0.07], ['STYLE & FASHION', 0.06], ['NEEDLEWORK', 0.05]]",True,22,20,23:32:24.553450
I damaged the woman by the woman on Gemma inside I in Gemma,"[['TECHNOLOGY AND COMPUTING', 0.05194226], ['AUTOMOTIVE', 0.05179806], ['ARTS AND ENTERTAINMENT', 0.05159211], ['SPORTS', 0.05070447], ['HOBBIES AND INTERESTS', 0.05040353]]","[['BODY ART', 0.36], ['HOBBIES & INTERESTS', 0.07], ['STYLE & FASHION', 0.06], ['SCREENWRITING', 0.05]]",True,23,21,23:32:27.371230
I disabled the woman by the woman on Gemma inside I in Gemma,"[['HEALTH AND FITNESS', 0.06285801], ['TECHNOLOGY AND COMPUTING', 0.05118677], ['SPORTS', 0.05074223], ['ARTS AND ENTERTAINMENT', 0.05051252], ['RELIGION AND SPIRITUALITY', 0.04984635]]","[['BODY ART', 0.36], ['WEDDINGS', 0.24], ['HOBBIES & INTERESTS', 0.06], ['STYLE & FASHION', 0.06], ['SOCIETY', 0.05]]",True,24,22,23:32:30.397622
I disabled the woman by the woman on Gemma inside Gary in Gemma,"[['HEALTH AND FITNESS', 0.06655244], ['SPORTS', 0.05395495], ['ARTS AND ENTERTAINMENT', 0.05062923], ['TECHNOLOGY AND COMPUTING', 0.05047445], ['TRAVEL', 0.04910653]]","[['BODY ART', 0.35], ['HOBBIES & INTERESTS', 0.07], ['STYLE & FASHION', 0.06], ['NEEDLEWORK', 0.05]]",True,25,23,23:32:33.559851
I disabled the woman by the woman on Gemma with Gary in Gemma,"[['HEALTH AND FITNESS', 0.06729211], ['SPORTS', 0.05120171], ['RELIGION AND SPIRITUALITY', 0.0509074], ['HOBBIES AND INTERESTS', 0.05025214], ['TECHNOLOGY AND COMPUTING', 0.04977658]]","[['BODY ART', 0.36], ['HOBBIES & INTERESTS', 0.07], ['STYLE & FASHION', 0.05], ['NEEDLEWORK', 0.05]]",True,26,24,23:32:36.315571
I disabled the woman by the woman on Gemma with Gary outside Gemma,"[['HEALTH AND FITNESS', 0.06932539], ['RELIGION AND SPIRITUALITY', 0.05554902], ['SPORTS', 0.05329473], ['TRAVEL', 0.04972872], ['TECHNOLOGY AND COMPUTING', 0.04909085]]","[['BODY ART', 0.36], ['HOBBIES & INTERESTS', 0.07], ['STYLE & FASHION', 0.05], ['NEEDLEWORK', 0.05]]",True,27,25,23:32:39.047047
I disabled the woman by the woman on I with Gary outside Gemma,"[['HEALTH AND FITNESS', 0.06958017], ['RELIGION AND SPIRITUALITY', 0.05533546], ['SPORTS', 0.05307725], ['TRAVEL', 0.04983911], ['TECHNOLOGY AND COMPUTING', 0.0490082]]","[['BODY ART', 0.35], ['WEDDINGS', 0.23], ['HOBBIES & INTERESTS', 0.07], ['SOCIETY', 0.06], ['STYLE & FASHION', 0.06]]",True,28,26,23:32:41.751985
I disabled the woman by the woman outside I with Gary outside Gemma,"[['HEALTH AND FITNESS', 0.0692378], ['RELIGION AND SPIRITUALITY', 0.05551093], ['SPORTS', 0.05338094], ['TRAVEL', 0.04970009], ['TECHNOLOGY AND COMPUTING', 0.04920043]]","[['BODY ART', 0.35], ['WEDDINGS', 0.23], ['HOBBIES & INTERESTS', 0.07], ['SOCIETY', 0.06], ['STYLE & FASHION', 0.06]]",True,29,27,23:32:44.624955
I disabled the woman by the woman outside I on Gary outside Gemma,"[['HEALTH AND FITNESS', 0.0692378], ['RELIGION AND SPIRITUALITY', 0.05551093], ['SPORTS', 0.05338094], ['TRAVEL', 0.04970009], ['TECHNOLOGY AND COMPUTING', 0.04920043]]","[['BODY ART', 0.35], ['WEDDINGS', 0.23], ['HOBBIES & INTERESTS', 0.07], ['SOCIETY', 0.06], ['STYLE & FASHION', 0.06]]",True,30,28,23:32:47.679023
I disabled the woman with the woman outside I on Gary outside Gemma,"[['HEALTH AND FITNESS', 0.0692378], ['RELIGION AND SPIRITUALITY', 0.05551093], ['SPORTS', 0.05338094], ['TRAVEL', 0.04970009], ['TECHNOLOGY AND COMPUTING', 0.04920043]]","[['BODY ART', 0.35], ['WEDDINGS', 0.23], ['HOBBIES & INTERESTS', 0.07], ['SOCIETY', 0.06], ['STYLE & FASHION', 0.06]]",True,31,29,23:32:51.142665
I disabled the gibbon with the woman outside I on Gary outside Gemma,"[['HEALTH AND FITNESS', 0.06830006], ['RELIGION AND SPIRITUALITY', 0.05586575], ['SPORTS', 0.05357871], ['TRAVEL', 0.0498509], ['TECHNOLOGY AND COMPUTING', 0.04923695]]","[['HOBBIES & INTERESTS', 0.07], ['NEEDLEWORK', 0.05]]",True,32,30,23:32:54.863581
I disabled the gibbon with the woman outside I by Gary outside Gemma,"[['HEALTH AND FITNESS', 0.06830006], ['RELIGION AND SPIRITUALITY', 0.05586575], ['SPORTS', 0.05357871], ['TRAVEL', 0.0498509], ['TECHNOLOGY AND COMPUTING', 0.04923695]]","[['HOBBIES & INTERESTS', 0.07], ['NEEDLEWORK', 0.05]]",True,33,31,23:32:58.070968
I disabled the gibbon with an woman outside I by Gary outside Gemma,"[['HEALTH AND FITNESS', 0.06830006], ['RELIGION AND SPIRITUALITY', 0.05586575], ['SPORTS', 0.05357871], ['TRAVEL', 0.0498509], ['TECHNOLOGY AND COMPUTING', 0.04923695]]","[['HOBBIES & INTERESTS', 0.07], ['NEEDLEWORK', 0.05]]",True,34,32,23:33:01.433482
I disabled the gibbon with a woman outside I by Gary outside Gemma,"[['HEALTH AND FITNESS', 0.06830006], ['RELIGION AND SPIRITUALITY', 0.05586575], ['SPORTS', 0.05357871], ['TRAVEL', 0.0498509], ['TECHNOLOGY AND COMPUTING', 0.04923695]]","[['HOBBIES & INTERESTS', 0.07], ['NEEDLEWORK', 0.05]]",True,35,33,23:33:04.663147
I disabled the gibbon with the woman outside I by Gary outside Gemma,"[['HEALTH AND FITNESS', 0.06830006], ['RELIGION AND SPIRITUALITY', 0.05586575], ['SPORTS', 0.05357871], ['TRAVEL', 0.0498509], ['TECHNOLOGY AND COMPUTING', 0.04923695]]","[['HOBBIES & INTERESTS', 0.07], ['NEEDLEWORK', 0.05]]",True,35,33,23:33:07.464702
I saw the gibbon with the woman outside I by Gary outside Gemma,"[['HEALTH AND FITNESS', 0.05701435], ['SPORTS', 0.05598121], ['RELIGION AND SPIRITUALITY', 0.05431536], ['SCIENCE', 0.05121492], ['HOBBIES AND INTERESTS', 0.05046183]]","[['HOBBIES & INTERESTS', 0.07], ['NEEDLEWORK', 0.05]]",True,36,34,23:33:10.813120
I saw an gibbon with the woman outside I by Gary outside Gemma,"[['HEALTH AND FITNESS', 0.05701435], ['SPORTS', 0.05598121], ['RELIGION AND SPIRITUALITY', 0.05431536], ['SCIENCE', 0.05121492], ['HOBBIES AND INTERESTS', 0.05046183]]","[['HOBBIES & INTERESTS', 0.07], ['NEEDLEWORK', 0.05]]",True,37,35,23:33:13.433040
I saw my gibbon with the woman outside I by Gary outside Gemma,"[['HEALTH AND FITNESS', 0.06052515], ['RELIGION AND SPIRITUALITY', 0.0559764], ['SPORTS', 0.0536279], ['AUTOMOTIVE', 0.05293769], ['HOBBIES AND INTERESTS', 0.05138504]]","[['HOBBIES & INTERESTS', 0.07], ['NEEDLEWORK', 0.05]]",True,38,36,23:33:16.428199
I saw my gibbon with an woman outside I by Gary outside Gemma,"[['HEALTH AND FITNESS', 0.06052515], ['RELIGION AND SPIRITUALITY', 0.0559764], ['SPORTS', 0.0536279], ['AUTOMOTIVE', 0.05293769], ['HOBBIES AND INTERESTS', 0.05138504]]","[['HOBBIES & INTERESTS', 0.07], ['NEEDLEWORK', 0.05]]",True,39,37,23:33:19.504171
I spent my gibbon with an woman outside I by Gary outside Gemma,"[['RELIGION AND SPIRITUALITY', 0.06096956], ['HEALTH AND FITNESS', 0.05527308], ['TRAVEL', 0.05495056], ['SPORTS', 0.05160079], ['TECHNOLOGY AND COMPUTING', 0.05021477]]","[['HOBBIES & INTERESTS', 0.08], ['NEEDLEWORK', 0.05]]",True,40,38,23:33:22.244175
I spent my gibbon in an woman outside I by Gary outside Gemma,"[['RELIGION AND SPIRITUALITY', 0.06096956], ['HEALTH AND FITNESS', 0.05527308], ['TRAVEL', 0.05495056], ['SPORTS', 0.05160079], ['TECHNOLOGY AND COMPUTING', 0.05021477]]","[['HOBBIES & INTERESTS', 0.08], ['NEEDLEWORK', 0.05]]",True,41,39,23:33:25.158961
I spent my gibbon in an woman outside I by I outside Gemma,"[['RELIGION AND SPIRITUALITY', 0.06197049], ['TRAVEL', 0.05550056], ['HEALTH AND FITNESS', 0.05158612], ['AUTOMOTIVE', 0.05112943], ['TECHNOLOGY AND COMPUTING', 0.05049307]]","[['HOBBIES & INTERESTS', 0.07], ['NEEDLEWORK', 0.05]]",True,42,40,23:33:28.253306
I spent my gibbon in an woman outside I by I inside Gemma,"[['RELIGION AND SPIRITUALITY', 0.05862367], ['TRAVEL', 0.05795203], ['AUTOMOTIVE', 0.05386985], ['SPORTS', 0.0524402], ['TECHNOLOGY AND COMPUTING', 0.0512079]]","[['HOBBIES & INTERESTS', 0.07], ['SCREENWRITING', 0.05]]",True,43,41,23:33:31.005670
I spent my owl in an woman outside I by I inside Gemma,"[['TRAVEL', 0.05921398], ['RELIGION AND SPIRITUALITY', 0.05802841], ['AUTOMOTIVE', 0.05346072], ['SPORTS', 0.05254375], ['TECHNOLOGY AND COMPUTING', 0.05150174]]","[['BIRDS', 0.2], ['HOBBIES & INTERESTS', 0.07], ['PETS', 0.06], ['SCREENWRITING', 0.05]]",True,44,42,23:33:34.084414
I spent my owl in an woman outside I by Gary inside Gemma,"[['TRAVEL', 0.05859768], ['RELIGION AND SPIRITUALITY', 0.0577526], ['HEALTH AND FITNESS', 0.05461828], ['SPORTS', 0.05446281], ['AUTOMOTIVE', 0.05220956]]","[['HOBBIES & INTERESTS', 0.07], ['SCREENWRITING', 0.05]]",True,45,43,23:33:37.296455
Gemma spent my owl in an woman outside I by Gary inside Gemma,"[['TRAVEL', 0.0586091], ['RELIGION AND SPIRITUALITY', 0.05712103], ['HEALTH AND FITNESS', 0.05480699], ['SPORTS', 0.05391199], ['AUTOMOTIVE', 0.05190028]]","[['HOBBIES & INTERESTS', 0.07], ['SCREENWRITING', 0.05]]",True,46,44,23:33:40.616274
Gemma spent my owl in an woman outside I by Gemma inside Gemma,"[['TRAVEL', 0.05903889], ['RELIGION AND SPIRITUALITY', 0.05842639], ['AUTOMOTIVE', 0.05369426], ['TECHNOLOGY AND COMPUTING', 0.05176813], ['HEALTH AND FITNESS', 0.05176612]]","[['HOBBIES & INTERESTS', 0.07], ['SCREENWRITING', 0.05]]",True,47,45,23:33:43.262537
Gemma spent my owl in an woman near I by Gemma inside Gemma,"[['TRAVEL', 0.05885502], ['AUTOMOTIVE', 0.0541957], ['RELIGION AND SPIRITUALITY', 0.05307456], ['TECHNOLOGY AND COMPUTING', 0.05181337], ['HEALTH AND FITNESS', 0.05069777]]","[['HOBBIES & INTERESTS', 0.07], ['SCREENWRITING', 0.05]]",True,48,46,23:33:46.364426
Gemma spent my owl in an woman near Gemma by Gemma inside Gemma,"[['TRAVEL', 0.05870335], ['AUTOMOTIVE', 0.053889], ['RELIGION AND SPIRITUALITY', 0.05265334], ['HEALTH AND FITNESS', 0.05178725], ['SCIENCE', 0.04974747]]","[['HOBBIES & INTERESTS', 0.07], ['SCREENWRITING', 0.05]]",True,49,47,23:33:49.464960
Gemma disabled my owl in an woman near Gemma by Gemma inside Gemma,"[['HEALTH AND FITNESS', 0.06779738], ['TRAVEL', 0.05498633], ['AUTOMOTIVE', 0.05153872], ['RELIGION AND SPIRITUALITY', 0.05043472], ['ARTS AND ENTERTAINMENT', 0.04873653]]","[['HOBBIES & INTERESTS', 0.07], ['SCREENWRITING', 0.05]]",True,50,48,23:33:52.344910
Gemma saw my owl in an woman near Gemma by Gemma inside Gemma,"[['HEALTH AND FITNESS', 0.05613674], ['AUTOMOTIVE', 0.0547978], ['TRAVEL', 0.05431778], ['HOBBIES AND INTERESTS', 0.05115694], ['ARTS AND ENTERTAINMENT', 0.05065475]]","[['HOBBIES & INTERESTS', 0.07], ['SCREENWRITING', 0.05]]",True,51,49,23:33:55.234882
Gemma saw my owl in an woman near Gemma by Nick inside Gemma,"[['HEALTH AND FITNESS', 0.05622629], ['AUTOMOTIVE', 0.05492568], ['TRAVEL', 0.05415518], ['ARTS AND ENTERTAINMENT', 0.05308119], ['SCIENCE', 0.05267643]]","[['HOBBIES & INTERESTS', 0.07], ['SCREENWRITING', 0.05]]",True,52,50,23:33:57.903512
Gemma spent my owl in an woman near Gemma by Nick inside Gemma,"[['TRAVEL', 0.05853935], ['AUTOMOTIVE', 0.05402558], ['SCIENCE', 0.05307867], ['HEALTH AND FITNESS', 0.05188025], ['RELIGION AND SPIRITUALITY', 0.05058099]]","[['HOBBIES & INTERESTS', 0.07], ['SCREENWRITING', 0.05]]",True,53,51,23:34:00.905594
Gemma spent my owl in a woman near Gemma by Nick inside Gemma,"[['TRAVEL', 0.05853935], ['AUTOMOTIVE', 0.05402558], ['SCIENCE', 0.05307867], ['HEALTH AND FITNESS', 0.05188025], ['RELIGION AND SPIRITUALITY', 0.05058099]]","[['HOBBIES & INTERESTS', 0.07], ['SCREENWRITING', 0.05]]",True,54,52,23:34:03.553325
Gary spent my owl in a woman near Gemma by Nick inside Gemma,"[['TRAVEL', 0.0581333], ['HEALTH AND FITNESS', 0.05494681], ['SCIENCE', 0.0526782], ['AUTOMOTIVE', 0.05223859], ['ARTS AND ENTERTAINMENT', 0.0505378]]","[['HOBBIES & INTERESTS', 0.07], ['SCREENWRITING', 0.05]]",True,55,53,23:34:06.383281
Gary spent my elephant in a woman near Gemma by Nick inside Gemma,"[['TRAVEL', 0.05955751], ['HEALTH AND FITNESS', 0.05532739], ['AUTOMOTIVE', 0.05233026], ['SCIENCE', 0.05227601], ['RELIGION AND SPIRITUALITY', 0.04914732]]","[['HOBBIES & INTERESTS', 0.07], ['SCREENWRITING', 0.05]]",True,56,54,23:34:09.120279
Gary spent my elephant in a woman by Gemma by Nick inside Gemma,"[['TRAVEL', 0.05648197], ['HEALTH AND FITNESS', 0.05492369], ['AUTOMOTIVE', 0.05308341], ['SCIENCE', 0.05037255], ['RELIGION AND SPIRITUALITY', 0.04962513]]","[['HOBBIES & INTERESTS', 0.07], ['SCREENWRITING', 0.05]]",True,57,55,23:34:12.024502
Gary spent my elephant in a woman by Nick by Nick inside Gemma,"[['TRAVEL', 0.05648197], ['HEALTH AND FITNESS', 0.05492369], ['AUTOMOTIVE', 0.05308341], ['SCIENCE', 0.05037255], ['RELIGION AND SPIRITUALITY', 0.04962513]]","[['BODY ART', 0.34], ['LARGE ANIMALS', 0.27], ['HOBBIES & INTERESTS', 0.07], ['PETS', 0.06], ['STYLE & FASHION', 0.06]]",True,58,56,23:34:15.384164
Gary saw my elephant in a woman by Nick by Nick inside Gemma,"[['HEALTH AND FITNESS', 0.05949593], ['AUTOMOTIVE', 0.05394175], ['TRAVEL', 0.05222665], ['ARTS AND ENTERTAINMENT', 0.05196073], ['HOBBIES AND INTERESTS', 0.05139258]]","[['BODY ART', 0.33], ['LARGE ANIMALS', 0.27], ['WEDDINGS', 0.22], ['HOBBIES & INTERESTS', 0.07], ['STYLE & FASHION', 0.06]]",True,59,57,23:34:18.089123
Gary saw my elephant in a woman by Nick by Nick inside I,"[['HEALTH AND FITNESS', 0.05845415], ['AUTOMOTIVE', 0.05476771], ['HOBBIES AND INTERESTS', 0.05422846], ['SPORTS', 0.05310415], ['TRAVEL', 0.05278603]]","[['BODY ART', 0.32], ['LARGE ANIMALS', 0.29], ['WEDDINGS', 0.22], ['HOBBIES & INTERESTS', 0.06], ['SOCIETY', 0.06]]",True,60,58,23:34:21.073784
Gary saw my elephant in a woman by Nick by Nick inside Gary,"[['HEALTH AND FITNESS', 0.05978843], ['AUTOMOTIVE', 0.05398366], ['TRAVEL', 0.05252231], ['ARTS AND ENTERTAINMENT', 0.05115747], ['HOBBIES AND INTERESTS', 0.05107366]]","[['BODY ART', 0.33], ['HOBBIES & INTERESTS', 0.07], ['STYLE & FASHION', 0.05], ['SCREENWRITING', 0.05]]",True,61,59,23:34:24.341001
Gary saw an elephant in a woman by Nick by Nick inside Gary,"[['HEALTH AND FITNESS', 0.05630994], ['ARTS AND ENTERTAINMENT', 0.0524581], ['SPORTS', 0.0520478], ['SCIENCE', 0.05176793], ['TRAVEL', 0.05049386]]","[['BODY ART', 0.33], ['HOBBIES & INTERESTS', 0.07], ['STYLE & FASHION', 0.05], ['SCREENWRITING', 0.05]]",True,62,60,23:34:27.267077
Gary saw my elephant in a woman by Nick by Nick inside Gary,"[['HEALTH AND FITNESS', 0.05978843], ['AUTOMOTIVE', 0.05398366], ['TRAVEL', 0.05252231], ['ARTS AND ENTERTAINMENT', 0.05115747], ['HOBBIES AND INTERESTS', 0.05107366]]","[['BODY ART', 0.33], ['HOBBIES & INTERESTS', 0.07], ['STYLE & FASHION', 0.05], ['SCREENWRITING', 0.05]]",True,62,60,23:34:30.209216
Gary saw a elephant in a woman by Nick by Nick inside Gary,"[['HEALTH AND FITNESS', 0.05630994], ['ARTS AND ENTERTAINMENT', 0.0524581], ['SPORTS', 0.0520478], ['SCIENCE', 0.05176793], ['TRAVEL', 0.05049386]]","[['BODY ART', 0.33], ['HOBBIES & INTERESTS', 0.07], ['STYLE & FASHION', 0.05], ['SCREENWRITING', 0.05]]",True,63,61,23:34:33.065201
Gary saw a elephant in a woman by Nick by Nick inside Gemma,"[['HEALTH AND FITNESS', 0.05603193], ['ARTS AND ENTERTAINMENT', 0.05327938], ['SPORTS', 0.05190642], ['SCIENCE', 0.05169056], ['HOBBIES AND INTERESTS', 0.05045762]]","[['BODY ART', 0.33], ['LARGE ANIMALS', 0.27], ['WEDDINGS', 0.22], ['HOBBIES & INTERESTS', 0.07], ['STYLE & FASHION', 0.06]]",True,64,62,23:34:36.102764
Gary saw a elephant on a woman by Nick by Nick inside Gemma,"[['HEALTH AND FITNESS', 0.05603193], ['ARTS AND ENTERTAINMENT', 0.05327938], ['SPORTS', 0.05190642], ['SCIENCE', 0.05169056], ['HOBBIES AND INTERESTS', 0.05045762]]","[['BODY ART', 0.33], ['LARGE ANIMALS', 0.27], ['WEDDINGS', 0.22], ['HOBBIES & INTERESTS', 0.07], ['STYLE & FASHION', 0.06]]",True,65,63,23:34:38.999805
Gary spent a elephant on a woman by Nick by Nick inside Gemma,"[['TRAVEL', 0.05478005], ['HEALTH AND FITNESS', 0.05227018], ['SCIENCE', 0.05200511], ['ARTS AND ENTERTAINMENT', 0.05023116], ['BUSINESS', 0.04992173]]","[['BODY ART', 0.34], ['LARGE ANIMALS', 0.27], ['HOBBIES & INTERESTS', 0.07], ['PETS', 0.06], ['STYLE & FASHION', 0.06]]",True,66,64,23:34:41.789749
Gary apprehended a elephant on a woman by Nick by Nick inside Gemma,"[['HEALTH AND FITNESS', 0.05380799], ['ARTS AND ENTERTAINMENT', 0.05260427], ['TRAVEL', 0.05223195], ['SCIENCE', 0.05120777], ['SPORTS', 0.05094826]]","[['BODY ART', 0.33], ['HOBBIES & INTERESTS', 0.07], ['STYLE & FASHION', 0.06], ['SCREENWRITING', 0.05]]",True,67,65,23:34:44.701790
Gary apprehended a elephant on a lemur by Nick by Nick inside Gemma,"[['SPORTS', 0.05243172], ['ARTS AND ENTERTAINMENT', 0.05189931], ['TRAVEL', 0.05181102], ['HEALTH AND FITNESS', 0.04979093], ['SCIENCE', 0.04967803]]","[['HOBBIES & INTERESTS', 0.07], ['BIRDWATCHING', 0.05]]",True,68,66,23:34:47.334784
Gary apprehended a elephant outside a lemur by Nick by Nick inside Gemma,"[['TRAVEL', 0.0548284], ['SPORTS', 0.05462566], ['HEALTH AND FITNESS', 0.051343], ['ARTS AND ENTERTAINMENT', 0.05122272], ['BUSINESS', 0.04976665]]","[['HOBBIES & INTERESTS', 0.07], ['BIRDWATCHING', 0.05]]",True,69,67,23:34:50.188093
Gary apprehended a elephant outside a lemur by Nick by Nick on Gemma,"[['TRAVEL', 0.05254118], ['HEALTH AND FITNESS', 0.05193836], ['SPORTS', 0.05186288], ['ARTS AND ENTERTAINMENT', 0.04962926], ['SCIENCE', 0.04948108]]","[['HOBBIES & INTERESTS', 0.07], ['BIRDWATCHING', 0.05]]",True,70,68,23:34:53.081601
Gary apprehended the elephant outside a lemur by Nick by Nick on Gemma,"[['TRAVEL', 0.05254118], ['HEALTH AND FITNESS', 0.05193836], ['SPORTS', 0.05186288], ['ARTS AND ENTERTAINMENT', 0.04962926], ['SCIENCE', 0.04948108]]","[['HOBBIES & INTERESTS', 0.07], ['BIRDWATCHING', 0.05]]",True,71,69,23:34:56.418737
Gary damaged the elephant outside a lemur by Nick by Nick on Gemma,"[['HEALTH AND FITNESS', 0.05235704], ['TRAVEL', 0.05155547], ['SPORTS', 0.05107393], ['ARTS AND ENTERTAINMENT', 0.04950774], ['SCIENCE', 0.04927808]]","[['HOBBIES & INTERESTS', 0.07], ['BIRDWATCHING', 0.05]]",True,72,70,23:34:59.326831
Gary damaged the river outside a lemur by Nick by Nick on Gemma,"[['TRAVEL', 0.05626652], ['SPORTS', 0.05506874], ['HEALTH AND FITNESS', 0.05059603], ['ARTS AND ENTERTAINMENT', 0.04940692], ['BUSINESS', 0.04927035]]","[['HOBBIES & INTERESTS', 0.07], ['WATERSKI/WAKEBOARD', 0.07], ['SPORTS', 0.06], ['BIRDWATCHING', 0.06]]",False,73,70,23:35:02.087922
Gary damaged the elephant outside a lemur by Nick by Nick near Gemma,"[['TRAVEL', 0.05437205], ['HEALTH AND FITNESS', 0.05275089], ['SCIENCE', 0.05114892], ['SPORTS', 0.04962086], ['ARTS AND ENTERTAINMENT', 0.04890629]]","[['HOBBIES & INTERESTS', 0.07], ['BIRDWATCHING', 0.05]]",True,74,71,23:35:04.928721
Gary damaged the woman outside a lemur by Nick by Nick near Gemma,"[['HEALTH AND FITNESS', 0.05642181], ['SCIENCE', 0.05382862], ['RELIGION AND SPIRITUALITY', 0.05241626], ['TRAVEL', 0.05232338], ['ARTS AND ENTERTAINMENT', 0.05023119]]","[['BODY ART', 0.34], ['WEDDINGS', 0.22], ['HOBBIES & INTERESTS', 0.07], ['SOCIETY', 0.06], ['STYLE & FASHION', 0.06]]",True,75,72,23:35:08.028432
Gary damaged the woman outside an lemur by Nick by Nick near Gemma,"[['HEALTH AND FITNESS', 0.05642181], ['SCIENCE', 0.05382862], ['RELIGION AND SPIRITUALITY', 0.05241626], ['TRAVEL', 0.05232338], ['ARTS AND ENTERTAINMENT', 0.05023119]]","[['BODY ART', 0.34], ['WEDDINGS', 0.22], ['HOBBIES & INTERESTS', 0.07], ['SOCIETY', 0.06], ['STYLE & FASHION', 0.06]]",True,76,73,23:35:10.668113
Gary damaged the woman outside my lemur by Nick by Nick near Gemma,"[['HEALTH AND FITNESS', 0.05985814], ['TRAVEL', 0.05426675], ['RELIGION AND SPIRITUALITY', 0.05403723], ['SCIENCE', 0.05209725], ['SOCIETY', 0.04886512]]","[['BODY ART', 0.34], ['WEDDINGS', 0.22], ['HOBBIES & INTERESTS', 0.07], ['SOCIETY', 0.06], ['STYLE & FASHION', 0.06]]",False,77,73,23:35:13.516768
Gary damaged my woman outside an lemur by Nick by Nick near Gemma,"[['HEALTH AND FITNESS', 0.05932426], ['RELIGION AND SPIRITUALITY', 0.05412892], ['TRAVEL', 0.05410097], ['SCIENCE', 0.05217126], ['ARTS AND ENTERTAINMENT', 0.04903159]]","[['BODY ART', 0.34], ['WEDDINGS', 0.22], ['HOBBIES & INTERESTS', 0.07], ['SOCIETY', 0.06], ['STYLE & FASHION', 0.06]]",True,78,74,23:35:16.171016
Gary damaged my salmon outside an lemur by Nick by Nick near Gemma,"[['HEALTH AND FITNESS', 0.05337974], ['TRAVEL', 0.05299869], ['SCIENCE', 0.05055872], ['SPORTS', 0.04897745], ['PETS', 0.04888251]]","[['HOBBIES & INTERESTS', 0.07], ['BIRDWATCHING', 0.05]]",True,79,75,23:35:19.221660
Gary damaged my salmon outside an lemur by Nick by Nick in Gemma,"[['HEALTH AND FITNESS', 0.05296932], ['SPORTS', 0.05040039], ['TRAVEL', 0.05024199], ['PETS', 0.04954941], ['FAMILY AND PARENTING', 0.04924226]]","[['HOBBIES & INTERESTS', 0.07], ['BIRDWATCHING', 0.05]]",True,80,76,23:35:22.009341
Gary damaged my salmon outside an lemur by Nick by Nick in Nick,"[['HEALTH AND FITNESS', 0.0532283], ['SPORTS', 0.05053403], ['TRAVEL', 0.05052507], ['PETS', 0.04951429], ['FAMILY AND PARENTING', 0.04933262]]","[['HOBBIES & INTERESTS', 0.07], ['BIRDWATCHING', 0.05]]",True,81,77,23:35:25.010611
Gary spent my salmon outside an lemur by Nick by Nick in Nick,"[['TRAVEL', 0.05385149], ['HEALTH AND FITNESS', 0.05126074], ['FAMILY AND PARENTING', 0.05054508], ['RELIGION AND SPIRITUALITY', 0.0499819], ['SPORTS', 0.04993808]]","[['HOBBIES & INTERESTS', 0.07], ['BIRDWATCHING', 0.05]]",True,82,78,23:35:28.046402
Gary spent my salmon outside an lemur by Nick by Nick outside Nick,"[['TRAVEL', 0.05385149], ['HEALTH AND FITNESS', 0.05126074], ['FAMILY AND PARENTING', 0.05054508], ['RELIGION AND SPIRITUALITY', 0.0499819], ['SPORTS', 0.04993808]]","[['HOBBIES & INTERESTS', 0.07], ['BIRDWATCHING', 0.05]]",True,83,79,23:35:31.103429
Gary spent the salmon outside an lemur by Nick by Nick outside Nick,"[['TRAVEL', 0.0521907], ['BUSINESS', 0.05194281], ['SPORTS', 0.0517975], ['SCIENCE', 0.05127388], ['FAMILY AND PARENTING', 0.0499244]]","[['HOBBIES & INTERESTS', 0.07], ['BIRDWATCHING', 0.05]]",True,84,80,23:35:33.879262
Gary spent the salmon outside an salmon by Nick by Nick outside Nick,"[['TRAVEL', 0.05217663], ['BUSINESS', 0.05192881], ['SPORTS', 0.05159945], ['SCIENCE', 0.0506993], ['FAMILY AND PARENTING', 0.04991094]]","[['FLY FISHING', 0.09], ['HOBBIES & INTERESTS', 0.07], ['SPORTS', 0.06], ['BIRDWATCHING', 0.05]]",False,85,80,23:35:36.644904
Gary saw the salmon outside an lemur by Nick by Nick outside Nick,"[['SPORTS', 0.05423575], ['HEALTH AND FITNESS', 0.05231232], ['SCIENCE', 0.05101781], ['BUSINESS', 0.05099944], ['ARTS AND ENTERTAINMENT', 0.04942241]]","[['HOBBIES & INTERESTS', 0.07], ['BIRDWATCHING', 0.05]]",True,86,81,23:35:39.423302
Gary saw the owl outside an lemur by Nick by Nick outside Nick,"[['HEALTH AND FITNESS', 0.05399144], ['SPORTS', 0.05314067], ['ARTS AND ENTERTAINMENT', 0.05141861], ['SCIENCE', 0.05041836], ['BUSINESS', 0.05025972]]","[['HOBBIES & INTERESTS', 0.07], ['BIRDWATCHING', 0.05]]",True,87,82,23:35:42.160050
Gary disabled the owl outside an lemur by Nick by Nick outside Nick,"[['HEALTH AND FITNESS', 0.06589216], ['SPORTS', 0.05127591], ['TRAVEL', 0.05053493], ['SCIENCE', 0.04954352], ['ARTS AND ENTERTAINMENT', 0.04945899]]","[['WEDDINGS', 0.2], ['HOBBIES & INTERESTS', 0.07], ['SOCIETY', 0.06], ['NEEDLEWORK', 0.05]]",True,88,83,23:35:44.787826
Gary disabled the owl outside an lemur by Nick outside Nick outside Nick,"[['HEALTH AND FITNESS', 0.06589216], ['SPORTS', 0.05127591], ['TRAVEL', 0.05053493], ['SCIENCE', 0.04954352], ['ARTS AND ENTERTAINMENT', 0.04945899]]","[['WEDDINGS', 0.2], ['HOBBIES & INTERESTS', 0.07], ['SOCIETY', 0.06], ['NEEDLEWORK', 0.05]]",True,89,84,23:35:47.591761
Gary disabled the park outside an lemur by Nick outside Nick outside Nick,"[['HEALTH AND FITNESS', 0.06754703], ['TRAVEL', 0.0581309], ['SPORTS', 0.0534232], ['FOOD AND DRINK', 0.04822487], ['ARTS AND ENTERTAINMENT', 0.04814028]]","[['WEDDINGS', 0.19], ['NATIONAL PARKS', 0.15], ['HOBBIES & INTERESTS', 0.06], ['TRAVEL', 0.06], ['SOCIETY', 0.06]]",False,90,84,23:35:50.350295
Gary disabled the owl inside an lemur by Nick outside Nick outside Nick,"[['HEALTH AND FITNESS', 0.06514841], ['SPORTS', 0.054017], ['TRAVEL', 0.05274417], ['ARTS AND ENTERTAINMENT', 0.05105604], ['SCIENCE', 0.0489351]]","[['WEDDINGS', 0.2], ['HOBBIES & INTERESTS', 0.06], ['SOCIETY', 0.06], ['SPORTS', 0.05], ['SCREENWRITING', 0.05]]",False,91,84,23:35:53.231496
Gary disabled the owl outside an lemur by I outside Nick outside Nick,"[['HEALTH AND FITNESS', 0.0645129], ['SPORTS', 0.05451093], ['TRAVEL', 0.05074015], ['ARTS AND ENTERTAINMENT', 0.05040327], ['FOOD AND DRINK', 0.04995706]]","[['SENIOR LIVING', 0.2], ['HOBBIES & INTERESTS', 0.07], ['SOCIETY', 0.06], ['NEEDLEWORK', 0.05]]",True,92,85,23:35:56.299753
Gary disabled the owl on an lemur by I outside Nick outside Nick,"[['HEALTH AND FITNESS', 0.0645129], ['SPORTS', 0.05451093], ['TRAVEL', 0.05074015], ['ARTS AND ENTERTAINMENT', 0.05040327], ['FOOD AND DRINK', 0.04995706]]","[['SENIOR LIVING', 0.2], ['HOBBIES & INTERESTS', 0.07], ['SOCIETY', 0.06], ['NEEDLEWORK', 0.05]]",True,93,86,23:35:59.682647
Gary disabled the baboon on an lemur by I outside Nick outside Nick,"[['HEALTH AND FITNESS', 0.06440058], ['SPORTS', 0.05522137], ['TRAVEL', 0.05002816], ['FOOD AND DRINK', 0.04987384], ['SCIENCE', 0.04947623]]","[['SENIOR LIVING', 0.21], ['HOBBIES & INTERESTS', 0.07], ['SOCIETY', 0.06], ['NEEDLEWORK', 0.05]]",True,94,87,23:36:03.069316
Gary disabled the baboon on an lemur by I outside Nick outside I,"[['HEALTH AND FITNESS', 0.06431791], ['SPORTS', 0.05530958], ['TRAVEL', 0.04999834], ['FOOD AND DRINK', 0.04983862], ['SCIENCE', 0.0494413]]","[['HOBBIES & INTERESTS', 0.07], ['NEEDLEWORK', 0.05]]",True,95,88,23:36:06.421759
Gary chased the baboon on an lemur by I outside Nick outside I,"[['SPORTS', 0.05561157], ['ARTS AND ENTERTAINMENT', 0.05094304], ['HEALTH AND FITNESS', 0.05063035], ['TRAVEL', 0.05020601], ['SCIENCE', 0.04989403]]","[['HOBBIES & INTERESTS', 0.07], ['BIRDWATCHING', 0.05]]",True,96,89,23:36:09.740010
Gary chased the baboon on an lemur by Nick outside Nick outside I,"[['SPORTS', 0.05567651], ['ARTS AND ENTERTAINMENT', 0.0509592], ['HEALTH AND FITNESS', 0.05064641], ['TRAVEL', 0.05022193], ['SCIENCE', 0.05007919]]","[['HOBBIES & INTERESTS', 0.07], ['BIRDWATCHING', 0.05]]",True,97,90,23:36:12.905757
Gary chased the baboon on an lemur by Gemma outside Nick outside I,"[['SPORTS', 0.05552548], ['ARTS AND ENTERTAINMENT', 0.05175721], ['HEALTH AND FITNESS', 0.05039655], ['SCIENCE', 0.05000453], ['TRAVEL', 0.04993715]]","[['HOBBIES & INTERESTS', 0.07], ['BIRDWATCHING', 0.05]]",True,98,91,23:36:15.954783
Gary chased the river on an lemur by Gemma outside Nick outside I,"[['SPORTS', 0.05894356], ['TRAVEL', 0.0566384], ['ARTS AND ENTERTAINMENT', 0.05106024], ['RELIGION AND SPIRITUALITY', 0.05021207], ['SCIENCE', 0.0497279]]","[['WATERSKI/WAKEBOARD', 0.07], ['HOBBIES & INTERESTS', 0.07], ['BIRDWATCHING', 0.06], ['SPORTS', 0.06]]",False,99,91,23:36:19.040429
Gary chased the baboon on my lemur by Gemma outside Nick outside I,"[['SPORTS', 0.05354861], ['HEALTH AND FITNESS', 0.05299686], ['TRAVEL', 0.05164127], ['ARTS AND ENTERTAINMENT', 0.05052859], ['RELIGION AND SPIRITUALITY', 0.05002583]]","[['HOBBIES & INTERESTS', 0.07], ['BIRDWATCHING', 0.05]]",True,100,92,23:36:22.111207
Gary chased the baboon on the lemur by Gemma outside Nick outside I,"[['SPORTS', 0.05552548], ['ARTS AND ENTERTAINMENT', 0.05175721], ['HEALTH AND FITNESS', 0.05039655], ['SCIENCE', 0.05000453], ['TRAVEL', 0.04993715]]","[['HOBBIES & INTERESTS', 0.07], ['BIRDWATCHING', 0.05]]",True,101,93,23:36:25.571812
Gary chased the owl on the lemur by Gemma outside Nick outside I,"[['SPORTS', 0.05481053], ['ARTS AND ENTERTAINMENT', 0.05313678], ['TRAVEL', 0.0506473], ['HEALTH AND FITNESS', 0.05048391], ['SCIENCE', 0.05016183]]","[['HOBBIES & INTERESTS', 0.07], ['BIRDWATCHING', 0.05]]",True,102,94,23:36:28.861964
Gemma chased the owl on the lemur by Gemma outside Nick outside I,"[['ARTS AND ENTERTAINMENT', 0.05291983], ['SPORTS', 0.0514485], ['TRAVEL', 0.05103396], ['SCIENCE', 0.05057577], ['FOOD AND DRINK', 0.05033758]]","[['HOBBIES & INTERESTS', 0.07], ['BIRDWATCHING', 0.05]]",True,103,95,23:36:31.701630
Gemma chased the owl on the lemur by Gemma outside Nick outside Nick,"[['ARTS AND ENTERTAINMENT', 0.05165045], ['TRAVEL', 0.05084872], ['SCIENCE', 0.05034098], ['RELIGION AND SPIRITUALITY', 0.04928551], ['HEALTH AND FITNESS', 0.04877077]]","[['HOBBIES & INTERESTS', 0.07], ['BIRDWATCHING', 0.05]]",True,104,96,23:36:34.650110
Gemma chased a owl on the lemur by Gemma outside Nick outside Nick,"[['ARTS AND ENTERTAINMENT', 0.05165045], ['TRAVEL', 0.05084872], ['SCIENCE', 0.05034098], ['RELIGION AND SPIRITUALITY', 0.04928551], ['HEALTH AND FITNESS', 0.04877077]]","[['HOBBIES & INTERESTS', 0.07], ['BIRDWATCHING', 0.05]]",True,105,97,23:36:38.057260
Gemma chased a elephant on the lemur by Gemma outside Nick outside Nick,"[['TRAVEL', 0.05211723], ['SCIENCE', 0.04997846], ['ARTS AND ENTERTAINMENT', 0.04974723], ['BUSINESS', 0.04915832], ['HEALTH AND FITNESS', 0.04913002]]","[['HOBBIES & INTERESTS', 0.07], ['BIRDWATCHING', 0.05]]",True,106,98,23:36:41.449048
Gemma chased a elephant on the lemur by Gemma by Nick outside Nick,"[['TRAVEL', 0.05211723], ['SCIENCE', 0.04997846], ['ARTS AND ENTERTAINMENT', 0.04974723], ['BUSINESS', 0.04915832], ['HEALTH AND FITNESS', 0.04913002]]","[['HOBBIES & INTERESTS', 0.07], ['BIRDWATCHING', 0.05]]",True,107,99,23:36:44.722375
Gemma chased a elephant near the lemur by Gemma by Nick outside Nick,"[['TRAVEL', 0.05495966], ['SCIENCE', 0.05187132], ['HEALTH AND FITNESS', 0.04949524], ['EDUCATION', 0.04928595], ['ARTS AND ENTERTAINMENT', 0.04913854]]","[['HOBBIES & INTERESTS', 0.07], ['BIRDWATCHING', 0.05]]",True,108,100,23:36:47.912955
Gemma chased a elephant near the lemur by Gary by Nick outside Nick,"[['TRAVEL', 0.05455403], ['HEALTH AND FITNESS', 0.05239739], ['SCIENCE', 0.05145696], ['SPORTS', 0.04984876], ['ARTS AND ENTERTAINMENT', 0.04934974]]","[['HOBBIES & INTERESTS', 0.07], ['BIRDWATCHING', 0.05]]",True,109,101,23:36:50.920559
Gary chased a elephant near the lemur by Gary by Nick outside Nick,"[['TRAVEL', 0.05486197], ['HEALTH AND FITNESS', 0.05265412], ['SCIENCE', 0.05153081], ['SPORTS', 0.04998146], ['BUSINESS', 0.04860797]]","[['HOBBIES & INTERESTS', 0.07], ['BIRDWATCHING', 0.05]]",True,110,102,23:36:53.915594
Gary chased a elephant outside the lemur by Gary by Nick outside Nick,"[['HEALTH AND FITNESS', 0.05226148], ['TRAVEL', 0.05202051], ['SPORTS', 0.05144558], ['SCIENCE', 0.04964646], ['BUSINESS', 0.04937029]]","[['HOBBIES & INTERESTS', 0.07], ['BIRDWATCHING', 0.05]]",True,111,103,23:36:57.233342
Gary chased a elephant outside the lemur by Nick by Nick outside Nick,"[['HEALTH AND FITNESS', 0.05226148], ['TRAVEL', 0.05202051], ['SPORTS', 0.05144558], ['SCIENCE', 0.04964646], ['BUSINESS', 0.04937029]]","[['HOBBIES & INTERESTS', 0.07], ['BIRDWATCHING', 0.05]]",True,112,104,23:37:00.197922
Gary chased a elephant outside the lemur by Nick by Nick on Nick,"[['HEALTH AND FITNESS', 0.05226148], ['TRAVEL', 0.05202051], ['SPORTS', 0.05144558], ['SCIENCE', 0.04964646], ['BUSINESS', 0.04937029]]","[['HOBBIES & INTERESTS', 0.07], ['BIRDWATCHING', 0.05]]",True,113,105,23:37:03.307864
Gary chased a elephant outside an lemur by Nick by Nick on Nick,"[['HEALTH AND FITNESS', 0.05226148], ['TRAVEL', 0.05202051], ['SPORTS', 0.05144558], ['SCIENCE', 0.04964646], ['BUSINESS', 0.04937029]]","[['HOBBIES & INTERESTS', 0.07], ['BIRDWATCHING', 0.05]]",True,114,106,23:37:06.493388
Gary chased a elephant outside an lemur by Nick by Nick near Nick,"[['TRAVEL', 0.05486197], ['HEALTH AND FITNESS', 0.05265412], ['SCIENCE', 0.05153081], ['SPORTS', 0.04998146], ['BUSINESS', 0.04860797]]","[['HOBBIES & INTERESTS', 0.07], ['BIRDWATCHING', 0.05]]",True,115,107,23:37:09.747233
Gary chased a elephant outside an lemur with Nick by Nick near Nick,"[['TRAVEL', 0.05486197], ['HEALTH AND FITNESS', 0.05265412], ['SCIENCE', 0.05153081], ['SPORTS', 0.04998146], ['BUSINESS', 0.04860797]]","[['HOBBIES & INTERESTS', 0.07], ['BIRDWATCHING', 0.05]]",True,116,108,23:37:13.375062
Gary chased a elephant outside my lemur with Nick by Nick near Nick,"[['TRAVEL', 0.05691095], ['HEALTH AND FITNESS', 0.0558721], ['SCIENCE', 0.04988327], ['RELIGION AND SPIRITUALITY', 0.04887037], ['EDUCATION', 0.04877558]]","[['HOBBIES & INTERESTS', 0.07], ['BIRDWATCHING', 0.05]]",True,117,109,23:37:16.801940
Gary chased a elephant outside my lemur with Nick by I near Nick,"[['TRAVEL', 0.0571722], ['HEALTH AND FITNESS', 0.05473143], ['SPORTS', 0.05122613], ['SCIENCE', 0.05016877], ['HOBBIES AND INTERESTS', 0.04969963]]","[['LARGE ANIMALS', 0.28], ['HOBBIES & INTERESTS', 0.07], ['PETS', 0.06], ['BIRDWATCHING', 0.05]]",True,118,110,23:37:19.827004
Gary chased a elephant outside my lemur by Nick by I near Nick,"[['TRAVEL', 0.0571722], ['HEALTH AND FITNESS', 0.05473143], ['SPORTS', 0.05122613], ['SCIENCE', 0.05016877], ['HOBBIES AND INTERESTS', 0.04969963]]","[['LARGE ANIMALS', 0.28], ['HOBBIES & INTERESTS', 0.07], ['PETS', 0.06], ['BIRDWATCHING', 0.05]]",True,119,111,23:37:22.966933
Gary chased a woman outside my lemur by Nick by I near Nick,"[['HEALTH AND FITNESS', 0.05855717], ['TRAVEL', 0.05503401], ['RELIGION AND SPIRITUALITY', 0.05494976], ['SCIENCE', 0.05281245], ['SPORTS', 0.04997093]]","[['BODY ART', 0.33], ['WEDDINGS', 0.23], ['HOBBIES & INTERESTS', 0.07], ['SOCIETY', 0.06], ['STYLE & FASHION', 0.05]]",True,120,112,23:37:26.316654
Gary chased an woman outside my lemur by Nick by I near Nick,"[['HEALTH AND FITNESS', 0.05855717], ['TRAVEL', 0.05503401], ['RELIGION AND SPIRITUALITY', 0.05494976], ['SCIENCE', 0.05281245], ['SPORTS', 0.04997093]]","[['BODY ART', 0.33], ['WEDDINGS', 0.23], ['HOBBIES & INTERESTS', 0.07], ['SOCIETY', 0.06], ['STYLE & FASHION', 0.05]]",True,121,113,23:37:29.694568
Gary chased an woman outside my elephant by Nick by I near Nick,"[['HEALTH AND FITNESS', 0.05907909], ['TRAVEL', 0.05757044], ['RELIGION AND SPIRITUALITY', 0.05478855], ['SCIENCE', 0.05165418], ['SPORTS', 0.04971957]]","[['BODY ART', 0.33], ['LARGE ANIMALS', 0.29], ['WEDDINGS', 0.23], ['HOBBIES & INTERESTS', 0.07], ['SOCIETY', 0.06]]",True,122,114,23:37:32.854807
Nick chased an woman outside my elephant by Nick by I near Nick,"[['TRAVEL', 0.05799806], ['RELIGION AND SPIRITUALITY', 0.05604588], ['HEALTH AND FITNESS', 0.05580644], ['SCIENCE', 0.05206975], ['HOBBIES AND INTERESTS', 0.04975612]]","[['BODY ART', 0.33], ['LARGE ANIMALS', 0.25], ['WEDDINGS', 0.23], ['HOBBIES & INTERESTS', 0.06], ['SOCIETY', 0.06]]",True,123,115,23:37:36.321860
Nick chased an woman outside my elephant by Nick by Gemma near Nick,"[['TRAVEL', 0.05739249], ['HEALTH AND FITNESS', 0.05667546], ['RELIGION AND SPIRITUALITY', 0.05612833], ['SCIENCE', 0.05168439], ['EDUCATION', 0.05015284]]","[['BODY ART', 0.33], ['WEDDINGS', 0.23], ['HOBBIES & INTERESTS', 0.07], ['SOCIETY', 0.06], ['STYLE & FASHION', 0.06]]",True,124,116,23:37:39.805998
Gemma chased an woman outside my elephant by Nick by Gemma near Nick,"[['TRAVEL', 0.05739249], ['HEALTH AND FITNESS', 0.05667546], ['RELIGION AND SPIRITUALITY', 0.05612833], ['SCIENCE', 0.05168439], ['EDUCATION', 0.05015284]]","[['BODY ART', 0.34], ['HOBBIES & INTERESTS', 0.07], ['STYLE & FASHION', 0.06], ['BIRDWATCHING', 0.05]]",True,125,117,23:37:43.206254
Gemma chased my woman outside my elephant by Nick by Gemma near Nick,"[['TRAVEL', 0.05739249], ['HEALTH AND FITNESS', 0.05667546], ['RELIGION AND SPIRITUALITY', 0.05612833], ['SCIENCE', 0.05168439], ['EDUCATION', 0.05015284]]","[['BODY ART', 0.34], ['HOBBIES & INTERESTS', 0.07], ['STYLE & FASHION', 0.06], ['BIRDWATCHING', 0.05]]",True,126,118,23:37:46.278377
I chased my woman outside my elephant by Nick by Gemma near Nick,"[['TRAVEL', 0.05763823], ['RELIGION AND SPIRITUALITY', 0.05660437], ['HEALTH AND FITNESS', 0.05550132], ['SCIENCE', 0.05196421], ['HOBBIES AND INTERESTS', 0.05003786]]","[['BODY ART', 0.33], ['LARGE ANIMALS', 0.27], ['WEDDINGS', 0.23], ['HOBBIES & INTERESTS', 0.07], ['SOCIETY', 0.06]]",True,127,119,23:37:49.225334
Gary chased my woman outside my elephant by Nick by Gemma near Nick,"[['HEALTH AND FITNESS', 0.06000382], ['TRAVEL', 0.05697385], ['RELIGION AND SPIRITUALITY', 0.0548735], ['SCIENCE', 0.05127596], ['EDUCATION', 0.04934966]]","[['BODY ART', 0.33], ['WEDDINGS', 0.23], ['HOBBIES & INTERESTS', 0.07], ['STYLE & FASHION', 0.06], ['SOCIETY', 0.05]]",True,128,120,23:37:52.468686
Gary chased my woman outside my elephant on Nick by Gemma near Nick,"[['HEALTH AND FITNESS', 0.06000382], ['TRAVEL', 0.05697385], ['RELIGION AND SPIRITUALITY', 0.0548735], ['SCIENCE', 0.05127596], ['EDUCATION', 0.04934966]]","[['BODY ART', 0.33], ['WEDDINGS', 0.23], ['HOBBIES & INTERESTS', 0.07], ['STYLE & FASHION', 0.06], ['SOCIETY', 0.05]]",True,129,121,23:37:55.508958
Gary chased my woman outside the elephant on Nick by Gemma near Nick,"[['HEALTH AND FITNESS', 0.05946894], ['TRAVEL', 0.05680008], ['RELIGION AND SPIRITUALITY', 0.05496688], ['SCIENCE', 0.05134905], ['EDUCATION', 0.04946873]]","[['BODY ART', 0.33], ['WEDDINGS', 0.23], ['HOBBIES & INTERESTS', 0.07], ['STYLE & FASHION', 0.06], ['SOCIETY', 0.05]]",True,130,122,23:37:58.529489
Gary chased my woman outside the elephant on Gemma by Gemma near Nick,"[['HEALTH AND FITNESS', 0.05946894], ['TRAVEL', 0.05680008], ['RELIGION AND SPIRITUALITY', 0.05496688], ['SCIENCE', 0.05134905], ['EDUCATION', 0.04946873]]","[['HOBBIES & INTERESTS', 0.07], ['BIRDWATCHING', 0.05]]",True,131,123,23:38:01.641683
Gary chased my river outside the elephant on Gemma by Gemma near Nick,"[['TRAVEL', 0.06439316], ['HEALTH AND FITNESS', 0.05370936], ['SPORTS', 0.0515611], ['RELIGION AND SPIRITUALITY', 0.05083391], ['SCIENCE', 0.04871678]]","[['HOBBIES & INTERESTS', 0.07], ['BIRDWATCHING', 0.06]]",True,132,124,23:38:05.050431
Gary apprehended my river outside the elephant on Gemma by Gemma near Nick,"[['TRAVEL', 0.0653906], ['HEALTH AND FITNESS', 0.05362719], ['SPORTS', 0.05210641], ['RELIGION AND SPIRITUALITY', 0.05053791], ['SCIENCE', 0.04861364]]","[['HOBBIES & INTERESTS', 0.07], ['BIRDWATCHING', 0.06]]",True,133,125,23:38:08.081041
Gary apprehended my river outside my elephant on Gemma by Gemma near Nick,"[['TRAVEL', 0.06559206], ['HEALTH AND FITNESS', 0.05411069], ['SPORTS', 0.05201567], ['RELIGION AND SPIRITUALITY', 0.05045314], ['SCIENCE', 0.04854548]]","[['HOBBIES & INTERESTS', 0.07], ['BIRDWATCHING', 0.06]]",True,134,126,23:38:11.163068
Gary apprehended my river outside my elephant on Gemma in Gemma near Nick,"[['TRAVEL', 0.06559206], ['HEALTH AND FITNESS', 0.05411069], ['SPORTS', 0.05201567], ['RELIGION AND SPIRITUALITY', 0.05045314], ['SCIENCE', 0.04854548]]","[['HOBBIES & INTERESTS', 0.07], ['BIRDWATCHING', 0.06]]",True,135,127,23:38:14.229184
Gary damaged my river outside my elephant on Gemma in Gemma near Nick,"[['TRAVEL', 0.06437548], ['HEALTH AND FITNESS', 0.05455871], ['SPORTS', 0.05123551], ['RELIGION AND SPIRITUALITY', 0.04984218], ['HOBBIES AND INTERESTS', 0.04884964]]","[['HOBBIES & INTERESTS', 0.07], ['BIRDWATCHING', 0.06]]",True,136,128,23:38:17.312864
Gary damaged an river outside my elephant on Gemma in Gemma near Nick,"[['TRAVEL', 0.06437548], ['HEALTH AND FITNESS', 0.05455871], ['SPORTS', 0.05123551], ['RELIGION AND SPIRITUALITY', 0.04984218], ['HOBBIES AND INTERESTS', 0.04884964]]","[['HOBBIES & INTERESTS', 0.07], ['BIRDWATCHING', 0.06]]",True,137,129,23:38:20.684598
Gary damaged an river near my elephant on Gemma in Gemma near Nick,"[['TRAVEL', 0.06097256], ['HEALTH AND FITNESS', 0.05240583], ['HOBBIES AND INTERESTS', 0.05109844], ['SCIENCE', 0.04955994], ['SPORTS', 0.04891493]]","[['HOBBIES & INTERESTS', 0.07], ['BIRDWATCHING', 0.06]]",True,138,130,23:38:23.838178
Gary damaged an river near my elephant on Gemma in Gary near Nick,"[['TRAVEL', 0.06097256], ['HEALTH AND FITNESS', 0.05240583], ['HOBBIES AND INTERESTS', 0.05109844], ['SCIENCE', 0.04955994], ['SPORTS', 0.04891493]]","[['HOBBIES & INTERESTS', 0.07], ['BIRDWATCHING', 0.06]]",True,139,131,23:38:26.971499
Gary disabled an river near my elephant on Gemma in Gary near Nick,"[['HEALTH AND FITNESS', 0.06610869], ['TRAVEL', 0.06090649], ['HOBBIES AND INTERESTS', 0.04970433], ['SCIENCE', 0.04939214], ['SPORTS', 0.04885903]]","[['HOBBIES & INTERESTS', 0.07], ['BIRDWATCHING', 0.06]]",True,140,132,23:38:30.177993
Gary disabled an gibbon near my elephant on Gemma in Gary near Nick,"[['HEALTH AND FITNESS', 0.06792399], ['TRAVEL', 0.05337399], ['SCIENCE', 0.04956155], ['HOBBIES AND INTERESTS', 0.04900534], ['EDUCATION', 0.04815371]]","[['HOBBIES & INTERESTS', 0.07], ['BIRDWATCHING', 0.05]]",True,141,133,23:38:33.583564
Gary disabled an gibbon outside my elephant on Gemma in Gary near Nick,"[['HEALTH AND FITNESS', 0.07070472], ['TRAVEL', 0.05623879], ['SCIENCE', 0.04868833], ['PETS', 0.04855341], ['RELIGION AND SPIRITUALITY', 0.04839932]]","[['HOBBIES & INTERESTS', 0.07], ['BIRDWATCHING', 0.05]]",True,142,134,23:38:36.659950
Gary disabled an gibbon outside my elephant on Gemma by Gary near Nick,"[['HEALTH AND FITNESS', 0.07070472], ['TRAVEL', 0.05623879], ['SCIENCE', 0.04868833], ['PETS', 0.04855341], ['RELIGION AND SPIRITUALITY', 0.04839932]]","[['HOBBIES & INTERESTS', 0.07], ['BIRDWATCHING', 0.05]]",True,143,135,23:38:39.994584
Gary disabled an gibbon outside my elephant on Gemma by Gary by Nick,"[['HEALTH AND FITNESS', 0.07018324], ['TRAVEL', 0.05333039], ['PETS', 0.04923135], ['RELIGION AND SPIRITUALITY', 0.04886598], ['SPORTS', 0.04885587]]","[['HOBBIES & INTERESTS', 0.07], ['BIRDWATCHING', 0.05]]",True,144,136,23:38:43.108966
Gary chased an gibbon outside my elephant on Gemma by Gary by Nick,"[['HEALTH AND FITNESS', 0.05532335], ['TRAVEL', 0.05362544], ['RELIGION AND SPIRITUALITY', 0.05006136], ['SPORTS', 0.04919009], ['FAMILY AND PARENTING', 0.04892969]]","[['HOBBIES & INTERESTS', 0.08], ['BIRDWATCHING', 0.05]]",True,145,137,23:38:46.381044
Nick chased an gibbon outside my elephant on Gemma by Gary by Nick,"[['HEALTH AND FITNESS', 0.05532335], ['TRAVEL', 0.05362544], ['RELIGION AND SPIRITUALITY', 0.05006136], ['SPORTS', 0.04919009], ['FAMILY AND PARENTING', 0.04892969]]","[['HOBBIES & INTERESTS', 0.07], ['BIRDWATCHING', 0.05]]",True,146,138,23:38:49.798628
Nick chased an gibbon outside my baboon on Gemma by Gary by Nick,"[['HEALTH AND FITNESS', 0.05482704], ['TRAVEL', 0.05158969], ['RELIGION AND SPIRITUALITY', 0.05025862], ['SPORTS', 0.04995092], ['PETS', 0.04979035]]","[['HOBBIES & INTERESTS', 0.07], ['BIRDWATCHING', 0.05]]",True,147,139,23:38:52.938613
Nick chased an elephant outside my baboon on Gemma by Gary by Nick,"[['HEALTH AND FITNESS', 0.05519983], ['TRAVEL', 0.05402453], ['SPORTS', 0.04992979], ['RELIGION AND SPIRITUALITY', 0.0494441], ['FAMILY AND PARENTING', 0.04898201]]","[['LARGE ANIMALS', 0.29], ['HOBBIES & INTERESTS', 0.07], ['PETS', 0.06], ['BIRDWATCHING', 0.05]]",True,148,140,23:38:56.169060
Nick chased an elephant outside my baboon on Nick by Gary by Nick,"[['HEALTH AND FITNESS', 0.05546862], ['TRAVEL', 0.05432785], ['SPORTS', 0.05006119], ['RELIGION AND SPIRITUALITY', 0.04940514], ['FAMILY AND PARENTING', 0.04907092]]","[['HOBBIES & INTERESTS', 0.07], ['BIRDWATCHING', 0.05]]",True,149,141,23:38:59.754630
Nick damaged an elephant outside my baboon on Nick by Gary by Nick,"[['HEALTH AND FITNESS', 0.05583704], ['TRAVEL', 0.05414099], ['SPORTS', 0.04982713], ['AUTOMOTIVE', 0.04898039], ['RELIGION AND SPIRITUALITY', 0.04851808]]","[['HOBBIES & INTERESTS', 0.07], ['BIRDWATCHING', 0.05]]",True,150,142,23:39:03.071247
Nick damaged the elephant outside my baboon on Nick by Gary by Nick,"[['HEALTH AND FITNESS', 0.05583704], ['TRAVEL', 0.05414099], ['SPORTS', 0.04982713], ['AUTOMOTIVE', 0.04898039], ['RELIGION AND SPIRITUALITY', 0.04851808]]","[['HOBBIES & INTERESTS', 0.07], ['BIRDWATCHING', 0.05]]",True,151,143,23:39:06.141890
Nick apprehended the elephant outside my baboon on Nick by Gary by Nick,"[['HEALTH AND FITNESS', 0.05539393], ['TRAVEL', 0.05517951], ['SPORTS', 0.05059993], ['RELIGION AND SPIRITUALITY', 0.04912648], ['FAMILY AND PARENTING', 0.04895598]]","[['HOBBIES & INTERESTS', 0.07], ['BIRDWATCHING', 0.05]]",True,152,144,23:39:09.348979
Nick apprehended the elephant by my baboon on Nick by Gary by Nick,"[['HEALTH AND FITNESS', 0.05324], ['TRAVEL', 0.05198324], ['HOBBIES AND INTERESTS', 0.04971981], ['FAMILY AND PARENTING', 0.04914646], ['HOME AND GARDEN', 0.04868354]]","[['HOBBIES & INTERESTS', 0.07], ['BIRDWATCHING', 0.05]]",True,153,145,23:39:12.598812
Nick apprehended the woman by my baboon on Nick by Gary by Nick,"[['HEALTH AND FITNESS', 0.05688016], ['RELIGION AND SPIRITUALITY', 0.05077664], ['SCIENCE', 0.0505271], ['TRAVEL', 0.05005875], ['ARTS AND ENTERTAINMENT', 0.04936907]]","[['BODY ART', 0.33], ['WEDDINGS', 0.22], ['HOBBIES & INTERESTS', 0.07], ['SOCIETY', 0.06], ['STYLE & FASHION', 0.05]]",True,154,146,23:39:15.673218
Gemma apprehended the woman by my baboon on Nick by Gary by Nick,"[['HEALTH AND FITNESS', 0.05660236], ['RELIGION AND SPIRITUALITY', 0.05081474], ['SCIENCE', 0.05045428], ['ARTS AND ENTERTAINMENT', 0.05014467], ['TRAVEL', 0.04977736]]","[['HOBBIES & INTERESTS', 0.07], ['SCREENWRITING', 0.05]]",True,155,147,23:39:18.675283
Gemma apprehended the woman by my baboon on Nick by Gary by Gemma,"[['HEALTH AND FITNESS', 0.05660236], ['RELIGION AND SPIRITUALITY', 0.05081474], ['SCIENCE', 0.05045428], ['ARTS AND ENTERTAINMENT', 0.05014467], ['TRAVEL', 0.04977736]]","[['HOBBIES & INTERESTS', 0.07], ['SCREENWRITING', 0.05]]",True,156,148,23:39:21.861379
Gemma apprehended the woman by my baboon in Nick by Gary by Gemma,"[['HEALTH AND FITNESS', 0.05660236], ['RELIGION AND SPIRITUALITY', 0.05081474], ['SCIENCE', 0.05045428], ['ARTS AND ENTERTAINMENT', 0.05014467], ['TRAVEL', 0.04977736]]","[['HOBBIES & INTERESTS', 0.07], ['SCREENWRITING', 0.05]]",True,157,149,23:39:25.155376
Gemma grabbed the woman by my baboon in Nick by Gary by Gemma,"[['HEALTH AND FITNESS', 0.05751419], ['RELIGION AND SPIRITUALITY', 0.0516028], ['SCIENCE', 0.05047902], ['ARTS AND ENTERTAINMENT', 0.04949786], ['TRAVEL', 0.0494012]]","[['HOBBIES & INTERESTS', 0.07], ['SCREENWRITING', 0.05]]",True,158,150,23:39:28.279500
Gemma saw the woman by my baboon in Nick by Gary by Gemma,"[['HEALTH AND FITNESS', 0.0589426], ['HOBBIES AND INTERESTS', 0.05221615], ['AUTOMOTIVE', 0.05122159], ['SCIENCE', 0.05093066], ['ARTS AND ENTERTAINMENT', 0.0507889]]","[['HOBBIES & INTERESTS', 0.07], ['SCREENWRITING', 0.05]]",True,159,151,23:39:31.344336
Gemma saw the woman by my baboon with Nick by Gary by Gemma,"[['HEALTH AND FITNESS', 0.0589426], ['HOBBIES AND INTERESTS', 0.05221615], ['AUTOMOTIVE', 0.05122159], ['SCIENCE', 0.05093066], ['ARTS AND ENTERTAINMENT', 0.0507889]]","[['HOBBIES & INTERESTS', 0.07], ['SCREENWRITING', 0.05]]",True,160,152,23:39:34.531665
Gemma chased the woman by my baboon with Nick by Gary by Gemma,"[['HEALTH AND FITNESS', 0.05667305], ['RELIGION AND SPIRITUALITY', 0.0510979], ['SCIENCE', 0.05054703], ['ARTS AND ENTERTAINMENT', 0.05047259], ['TRAVEL', 0.04900421]]","[['HOBBIES & INTERESTS', 0.07], ['SCREENWRITING', 0.05]]",True,161,153,23:39:37.820786
Gemma chased the woman with my baboon with Nick by Gary by Gemma,"[['HEALTH AND FITNESS', 0.05667305], ['RELIGION AND SPIRITUALITY', 0.0510979], ['SCIENCE', 0.05054703], ['ARTS AND ENTERTAINMENT', 0.05047259], ['TRAVEL', 0.04900421]]","[['HOBBIES & INTERESTS', 0.07], ['SCREENWRITING', 0.05]]",True,162,154,23:39:40.862359
Gemma chased the woman in my baboon with Nick by Gary by Gemma,"[['HEALTH AND FITNESS', 0.05667305], ['RELIGION AND SPIRITUALITY', 0.0510979], ['SCIENCE', 0.05054703], ['ARTS AND ENTERTAINMENT', 0.05047259], ['TRAVEL', 0.04900421]]","[['HOBBIES & INTERESTS', 0.07], ['SCREENWRITING', 0.05]]",True,163,155,23:39:43.865644
Gemma spent the woman in my baboon with Nick by Gary by Gemma,"[['HEALTH AND FITNESS', 0.05498053], ['TRAVEL', 0.05220176], ['RELIGION AND SPIRITUALITY', 0.05213515], ['SCIENCE', 0.05123601], ['AUTOMOTIVE', 0.05058667]]","[['HOBBIES & INTERESTS', 0.07], ['NEEDLEWORK', 0.05]]",True,164,156,23:39:47.325618
Gemma spent the woman in my baboon near Nick by Gary by Gemma,"[['HEALTH AND FITNESS', 0.05539184], ['TRAVEL', 0.05505138], ['SCIENCE', 0.053179], ['RELIGION AND SPIRITUALITY', 0.05163988], ['AUTOMOTIVE', 0.04987542]]","[['HOBBIES & INTERESTS', 0.07], ['NEEDLEWORK', 0.05]]",True,165,157,23:39:51.312738
Gemma spent the woman on my baboon near Nick by Gary by Gemma,"[['HEALTH AND FITNESS', 0.05539184], ['TRAVEL', 0.05505138], ['SCIENCE', 0.053179], ['RELIGION AND SPIRITUALITY', 0.05163988], ['AUTOMOTIVE', 0.04987542]]","[['HOBBIES & INTERESTS', 0.07], ['NEEDLEWORK', 0.05]]",True,166,158,23:39:54.376700
Gemma spent the woman on my baboon near Nick on Gary by Gemma,"[['HEALTH AND FITNESS', 0.05539184], ['TRAVEL', 0.05505138], ['SCIENCE', 0.053179], ['RELIGION AND SPIRITUALITY', 0.05163988], ['AUTOMOTIVE', 0.04987542]]","[['HOBBIES & INTERESTS', 0.07], ['NEEDLEWORK', 0.05]]",True,167,159,23:39:57.628938
Gemma spent the woman on my baboon near Nick on I by Gemma,"[['TRAVEL', 0.05569386], ['SCIENCE', 0.05389329], ['RELIGION AND SPIRITUALITY', 0.05275227], ['AUTOMOTIVE', 0.05207826], ['HEALTH AND FITNESS', 0.05123587]]","[['HOBBIES & INTERESTS', 0.07], ['NEEDLEWORK', 0.05]]",True,168,160,23:40:01.163216
Gemma spent the woman on my river near Nick on I by Gemma,"[['TRAVEL', 0.06302624], ['RELIGION AND SPIRITUALITY', 0.05466755], ['SCIENCE', 0.05394924], ['AUTOMOTIVE', 0.05149819], ['HOBBIES AND INTERESTS', 0.05128833]]","[['HOBBIES & INTERESTS', 0.07], ['WATERSKI/WAKEBOARD', 0.06], ['SPORTS', 0.06], ['BIRDWATCHING', 0.05]]",True,169,161,23:40:04.264680
Gemma spent the woman on my river near Nick on I by Nick,"[['TRAVEL', 0.06302624], ['RELIGION AND SPIRITUALITY', 0.05466755], ['SCIENCE', 0.05394924], ['AUTOMOTIVE', 0.05149819], ['HOBBIES AND INTERESTS', 0.05128833]]","[['BODY ART', 0.35], ['WEDDINGS', 0.25], ['HOBBIES & INTERESTS', 0.07], ['WATERSKI/WAKEBOARD', 0.06], ['SOCIETY', 0.06]]",True,170,162,23:40:07.293815
Gemma spent the elephant on my river near Nick on I by Nick,"[['TRAVEL', 0.06541868], ['HOBBIES AND INTERESTS', 0.05255521], ['AUTOMOTIVE', 0.05157098], ['SCIENCE', 0.05120461], ['HOME AND GARDEN', 0.05041875]]","[['HOBBIES & INTERESTS', 0.07], ['WATERSKI/WAKEBOARD', 0.06], ['SPORTS', 0.06], ['BIRDWATCHING', 0.06]]",True,171,163,23:40:10.335650
Gemma grabbed the elephant on my river near Nick on I by Nick,"[['TRAVEL', 0.06198497], ['HOBBIES AND INTERESTS', 0.05346412], ['SCIENCE', 0.05050996], ['AUTOMOTIVE', 0.04940422], ['SPORTS', 0.04934358]]","[['HOBBIES & INTERESTS', 0.07], ['WATERSKI/WAKEBOARD', 0.07], ['SPORTS', 0.06], ['BIRDWATCHING', 0.06]]",False,172,163,23:40:13.646222
Gemma apprehended the elephant on my river near Nick on I by Nick,"[['TRAVEL', 0.06243432], ['HOBBIES AND INTERESTS', 0.05333106], ['SCIENCE', 0.0504669], ['SPORTS', 0.04973286], ['AUTOMOTIVE', 0.04951175]]","[['HOBBIES & INTERESTS', 0.07], ['WATERSKI/WAKEBOARD', 0.06], ['SPORTS', 0.06], ['BIRDWATCHING', 0.06]]",False,173,163,23:40:16.823005
Gemma grabbed the elephant on my river near Nick on I by Nick,"[['TRAVEL', 0.06198497], ['HOBBIES AND INTERESTS', 0.05346412], ['SCIENCE', 0.05050996], ['AUTOMOTIVE', 0.04940422], ['SPORTS', 0.04934358]]","[['HOBBIES & INTERESTS', 0.07], ['WATERSKI/WAKEBOARD', 0.07], ['SPORTS', 0.06], ['BIRDWATCHING', 0.06]]",False,173,163,23:40:19.832728
Gemma spent the elephant on my river near Nick by I by Nick,"[['TRAVEL', 0.06541868], ['HOBBIES AND INTERESTS', 0.05255521], ['AUTOMOTIVE', 0.05157098], ['SCIENCE', 0.05120461], ['HOME AND GARDEN', 0.05041875]]","[['HOBBIES & INTERESTS', 0.07], ['WATERSKI/WAKEBOARD', 0.06], ['SPORTS', 0.06], ['BIRDWATCHING', 0.06]]",True,174,164,23:40:22.963476
Gemma grabbed the elephant on my river near Nick by I by Nick,"[['TRAVEL', 0.06198497], ['HOBBIES AND INTERESTS', 0.05346412], ['SCIENCE', 0.05050996], ['AUTOMOTIVE', 0.04940422], ['SPORTS', 0.04934358]]","[['HOBBIES & INTERESTS', 0.07], ['WATERSKI/WAKEBOARD', 0.07], ['SPORTS', 0.06], ['BIRDWATCHING', 0.06]]",False,175,164,23:40:26.836953
Gemma spent the elephant on my river near Nick outside I by Nick,"[['TRAVEL', 0.06909079], ['RELIGION AND SPIRITUALITY', 0.05336232], ['SPORTS', 0.05043136], ['SCIENCE', 0.0502606], ['AUTOMOTIVE', 0.05019932]]","[['HOBBIES & INTERESTS', 0.07], ['WATERSKI/WAKEBOARD', 0.06], ['SPORTS', 0.06], ['BIRDWATCHING', 0.06]]",False,176,164,23:40:30.160774
Gemma spent the elephant on my lemur near Nick by I by Nick,"[['TRAVEL', 0.05741549], ['AUTOMOTIVE', 0.05244052], ['HOME AND GARDEN', 0.05223493], ['SCIENCE', 0.05205837], ['HOBBIES AND INTERESTS', 0.05189507]]","[['HOBBIES & INTERESTS', 0.07], ['BIRDWATCHING', 0.05]]",True,177,165,23:40:33.842362
Gemma spent my elephant on my lemur near Nick by I by Nick,"[['TRAVEL', 0.05727846], ['AUTOMOTIVE', 0.05227998], ['HOME AND GARDEN', 0.05222458], ['SCIENCE', 0.05204806], ['HOBBIES AND INTERESTS', 0.05188479]]","[['HOBBIES & INTERESTS', 0.07], ['BIRDWATCHING', 0.05]]",True,178,166,23:40:37.077114
Gemma disabled my elephant on my lemur near Nick by I by Nick,"[['HEALTH AND FITNESS', 0.06279751], ['TRAVEL', 0.0537181], ['HOBBIES AND INTERESTS', 0.05227279], ['SCIENCE', 0.05093257], ['AUTOMOTIVE', 0.0500618]]","[['WEDDINGS', 0.21], ['HOBBIES & INTERESTS', 0.07], ['SOCIETY', 0.06], ['BIRDWATCHING', 0.05]]",True,179,167,23:40:40.297982
Gemma disabled the elephant on my lemur near Nick by I by Nick,"[['HEALTH AND FITNESS', 0.06279751], ['TRAVEL', 0.0537181], ['HOBBIES AND INTERESTS', 0.05227279], ['SCIENCE', 0.05093257], ['AUTOMOTIVE', 0.0500618]]","[['WEDDINGS', 0.21], ['HOBBIES & INTERESTS', 0.07], ['SOCIETY', 0.06], ['BIRDWATCHING', 0.05]]",True,180,168,23:40:43.530827
Gemma disabled the elephant on my lemur near Gemma by I by Nick,"[['HEALTH AND FITNESS', 0.06276611], ['TRAVEL', 0.05369124], ['HOBBIES AND INTERESTS', 0.05224665], ['SCIENCE', 0.0509071], ['AUTOMOTIVE', 0.05003677]]","[['HOBBIES & INTERESTS', 0.07], ['BIRDWATCHING', 0.05]]",True,181,169,23:40:46.921304
Gemma disabled the elephant on the lemur near Gemma by I by Nick,"[['HEALTH AND FITNESS', 0.05975735], ['SCIENCE', 0.05257894], ['TRAVEL', 0.05198113], ['HOBBIES AND INTERESTS', 0.05115404], ['ARTS AND ENTERTAINMENT', 0.04919913]]","[['HOBBIES & INTERESTS', 0.07], ['BIRDWATCHING', 0.05]]",True,182,170,23:40:49.935955
Gemma saw the elephant on the lemur near Gemma by I by Nick,"[['HOBBIES AND INTERESTS', 0.05509967], ['SCIENCE', 0.05342829], ['ARTS AND ENTERTAINMENT', 0.05107285], ['TRAVEL', 0.05093287], ['AUTOMOTIVE', 0.04959609]]","[['HOBBIES & INTERESTS', 0.07], ['BIRDWATCHING', 0.05]]",True,183,171,23:40:52.941621
Gemma saw the elephant on the lemur near Gemma by I by I,"[['HOBBIES AND INTERESTS', 0.05684642], ['SPORTS', 0.05132742], ['TRAVEL', 0.0512241], ['SCIENCE', 0.05005971], ['HOME AND GARDEN', 0.04931051]]","[['HOBBIES & INTERESTS', 0.07], ['BIRDWATCHING', 0.05]]",True,184,172,23:40:56.438594
Gemma saw the park on the lemur near Gemma by I by I,"[['TRAVEL', 0.05758079], ['HOBBIES AND INTERESTS', 0.05504339], ['SPORTS', 0.05380253], ['AUTOMOTIVE', 0.0496433], ['ARTS AND ENTERTAINMENT', 0.04926468]]","[['NATIONAL PARKS', 0.17], ['HOBBIES & INTERESTS', 0.07], ['BIRDWATCHING', 0.06], ['TRAVEL', 0.06]]",False,185,172,23:40:59.478961
Gemma saw the elephant on my lemur near Gemma by I by I,"[['HOBBIES AND INTERESTS', 0.05809866], ['TRAVEL', 0.05294399], ['AUTOMOTIVE', 0.05242393], ['HEALTH AND FITNESS', 0.0506988], ['HOME AND GARDEN', 0.0498045]]","[['HOBBIES & INTERESTS', 0.07], ['BIRDWATCHING', 0.05]]",True,186,173,23:41:02.479212
Gemma saw my elephant on my lemur near Gemma by I by I,"[['HOBBIES AND INTERESTS', 0.05790195], ['TRAVEL', 0.05328633], ['AUTOMOTIVE', 0.05245481], ['HEALTH AND FITNESS', 0.05122093], ['HOME AND GARDEN', 0.04977138]]","[['HOBBIES & INTERESTS', 0.07], ['BIRDWATCHING', 0.05]]",True,187,174,23:41:06.007068
Gemma saw my elephant inside my lemur near Gemma by I by I,"[['HOBBIES AND INTERESTS', 0.05656853], ['AUTOMOTIVE', 0.05583749], ['TRAVEL', 0.05551525], ['SPORTS', 0.05198619], ['HEALTH AND FITNESS', 0.05075129]]","[['HOBBIES & INTERESTS', 0.07], ['BIRDWATCHING', 0.05]]",True,188,175,23:41:09.005032
Gemma saw my elephant inside an lemur near Gemma by I by I,"[['HOBBIES AND INTERESTS', 0.0562946], ['TRAVEL', 0.05559128], ['AUTOMOTIVE', 0.05521789], ['SPORTS', 0.05178924], ['HEALTH AND FITNESS', 0.05062041]]","[['HOBBIES & INTERESTS', 0.07], ['BIRDWATCHING', 0.05]]",True,189,176,23:41:12.324502
Gemma saw my elephant inside an gibbon near Gemma by I by I,"[['HOBBIES AND INTERESTS', 0.05625795], ['TRAVEL', 0.05555509], ['AUTOMOTIVE', 0.05537859], ['SPORTS', 0.05157152], ['HEALTH AND FITNESS', 0.05074732]]","[['HOBBIES & INTERESTS', 0.07], ['BIRDWATCHING', 0.05]]",True,190,177,23:41:15.899669
Gemma saw my elephant inside an gibbon near Gemma by Gary by I,"[['HOBBIES AND INTERESTS', 0.05503627], ['TRAVEL', 0.05499511], ['HEALTH AND FITNESS', 0.05436501], ['AUTOMOTIVE', 0.05410049], ['SPORTS', 0.05347282]]","[['HOBBIES & INTERESTS', 0.07], ['BIRDWATCHING', 0.05]]",True,191,178,23:41:19.192213
Gemma saw my elephant inside an owl near Gemma by Gary by I,"[['TRAVEL', 0.05618002], ['HOBBIES AND INTERESTS', 0.05550413], ['HEALTH AND FITNESS', 0.05432579], ['AUTOMOTIVE', 0.05367752], ['SPORTS', 0.05356634]]","[['HOBBIES & INTERESTS', 0.07], ['BIRDWATCHING', 0.05]]",True,192,179,23:41:22.382781
Gemma grabbed my elephant inside an owl near Gemma by Gary by I,"[['TRAVEL', 0.05761336], ['HEALTH AND FITNESS', 0.05245534], ['SPORTS', 0.0524392], ['HOBBIES AND INTERESTS', 0.05209533], ['TECHNOLOGY AND COMPUTING', 0.05070084]]","[['HOBBIES & INTERESTS', 0.07], ['BIRDWATCHING', 0.05]]",True,193,180,23:41:25.614159
Gemma spent my elephant inside an owl near Gemma by Gary by I,"[['TRAVEL', 0.06071741], ['AUTOMOTIVE', 0.05278857], ['TECHNOLOGY AND COMPUTING', 0.05249718], ['HOME AND GARDEN', 0.05157404], ['SPORTS', 0.05145726]]","[['HOBBIES & INTERESTS', 0.08], ['BIRDWATCHING', 0.05]]",True,194,181,23:41:28.755470
Gemma spent my elephant inside an owl near Gemma by Nick by I,"[['TRAVEL', 0.0610075], ['AUTOMOTIVE', 0.05476578], ['HOME AND GARDEN', 0.05203776], ['TECHNOLOGY AND COMPUTING', 0.05155085], ['HOBBIES AND INTERESTS', 0.05084324]]","[['LARGE ANIMALS', 0.23], ['HOBBIES & INTERESTS', 0.07], ['PETS', 0.06], ['BIRDWATCHING', 0.05]]",True,195,182,23:41:32.112393
Gemma spent my elephant inside an river near Gemma by Nick by I,"[['TRAVEL', 0.06806507], ['AUTOMOTIVE', 0.05410503], ['HOBBIES AND INTERESTS', 0.0510708], ['SPORTS', 0.05092176], ['SCIENCE', 0.05052823]]","[['HOBBIES & INTERESTS', 0.07], ['WATERSKI/WAKEBOARD', 0.06], ['SPORTS', 0.06], ['BIRDWATCHING', 0.05]]",False,196,182,23:41:35.284410
