an fish injured my monkey near a man near the monkey near I,"[['SPORTS', 0.632217], ['SCIENCE', 0.136166], ['FOOD AND DRINK', 0.0473236], ['TRAVEL', 0.0316094], ['PETS', 0.0172876]]","[['AQUARIUMS', 0.47], ['PETS', 0.11]]",False,1,0,20:37:43.918066
an fish injured my monkey near a man near a monkey near I,"[['SPORTS', 0.36507], ['SCIENCE', 0.236137], ['TRAVEL', 0.0739581], ['FOOD AND DRINK', 0.0665655], ['HEALTH AND FITNESS', 0.0261715]]","[['AQUARIUMS', 0.47], ['PETS', 0.11]]",True,2,1,20:37:49.520541
an fish injured my monkey near a man near a giraffe near I,"[['SPORTS', 0.833772], ['TRAVEL', 0.0618395], ['STYLE AND FASHION', 0.0463028], ['FOOD AND DRINK', 0.0139741], ['PETS', 0.0119812]]","[['AQUARIUMS', 0.54], ['PETS', 0.16]]",False,3,1,20:37:54.399211
an fish injured my monkey near a man near a giraffe near Mark,"[['SPORTS', 0.714671], ['SCIENCE', 0.102115], ['STYLE AND FASHION', 0.0679606], ['TRAVEL', 0.0663602], ['FOOD AND DRINK', 0.0153662]]","[['AQUARIUMS', 0.51], ['PETS', 0.15]]",True,4,2,20:37:58.100066
an fish injured my monkey near a man near a giraffe near Elise,"[['AUTOMOTIVE', 0.682357], ['SPORTS', 0.261303], ['TRAVEL', 0.0217514], ['STYLE AND FASHION', 0.0144918], ['FOOD AND DRINK', 0.00526192]]","[['AQUARIUMS', 0.54], ['PETS', 0.13]]",True,5,3,20:38:01.820023
an fish injured my monkey near a man near a giraffe by Elise,"[['SOCIETY', 0.998982], ['SPORTS', 0.000876618], ['STYLE AND FASHION', 5.04261e-05], ['TRAVEL', 4.58647e-05], ['FOOD AND DRINK', 1.15298e-05]]","[['AQUARIUMS', 0.54], ['PETS', 0.13]]",True,6,4,20:38:05.460219
an fish wounded my monkey near a man near a giraffe by Elise,"[['SOCIETY', 0.995355], ['SPORTS', 0.00459899], ['PETS', 1.15672e-05], ['STYLE AND FASHION', 3.86381e-06], ['TRAVEL', 3.67152e-06]]","[['AQUARIUMS', 0.53], ['PETS', 0.12]]",False,7,4,20:38:09.164868
an fish wounded my monkey near a man near the giraffe by Elise,"[['SOCIETY', 0.997565], ['PETS', 0.00164415], ['SPORTS', 0.000780781], ['TRAVEL', 1.02084e-06], ['STYLE AND FASHION', 3.65299e-07]]","[['AQUARIUMS', 0.53], ['PETS', 0.12]]",False,8,4,20:38:12.841127
an fish injured my monkey near a man near the giraffe by Elise,"[['SOCIETY', 0.998448], ['PETS', 0.00140809], ['SPORTS', 0.000126867], ['TRAVEL', 6.92884e-06], ['STYLE AND FASHION', 5.25052e-06]]","[['AQUARIUMS', 0.54], ['PETS', 0.13]]",False,9,4,20:38:18.264417
an fish injured the monkey near a man near the giraffe by Elise,"[['SOCIETY', 0.989019], ['PETS', 0.00908393], ['SPORTS', 0.00176658], ['TRAVEL', 8.95333e-05], ['STYLE AND FASHION', 1.44634e-05]]","[['AQUARIUMS', 0.54], ['PETS', 0.13]]",False,10,4,20:38:23.908535
an fish injured my monkey near a man near the giraffe by Elise,"[['SOCIETY', 0.998448], ['PETS', 0.00140809], ['SPORTS', 0.000126867], ['TRAVEL', 6.92884e-06], ['STYLE AND FASHION', 5.25052e-06]]","[['AQUARIUMS', 0.54], ['PETS', 0.13]]",False,10,4,20:38:28.259452
an fish injured my monkey near a man near the giraffe by I,"[['PETS', 0.924569], ['SPORTS', 0.0671147], ['TRAVEL', 0.0031513], ['STYLE AND FASHION', 0.00273739], ['SCIENCE', 0.00053244]]","[['AQUARIUMS', 0.54], ['PETS', 0.16]]",False,11,4,20:38:31.898535
an fish injured the monkey near a man near the giraffe by I,"[['PETS', 0.852891], ['SPORTS', 0.13814], ['TRAVEL', 0.00609339], ['STYLE AND FASHION', 0.0010838], ['SCIENCE', 0.000253355]]","[['AQUARIUMS', 0.54], ['PETS', 0.16]]",False,12,4,20:38:36.533823
an fish injured the monkey near a man near the giraffe by Elise,"[['SOCIETY', 0.989019], ['PETS', 0.00908393], ['SPORTS', 0.00176658], ['TRAVEL', 8.95333e-05], ['STYLE AND FASHION', 1.44634e-05]]","[['AQUARIUMS', 0.54], ['PETS', 0.13]]",False,12,4,20:38:40.168748
an fish injured the monkey near a man near the giraffe by Mark,"[['PETS', 0.619878], ['SPORTS', 0.331552], ['STYLE AND FASHION', 0.0213884], ['TRAVEL', 0.0188998], ['FOOD AND DRINK', 0.00189032]]","[['AQUARIUMS', 0.51], ['PETS', 0.15]]",False,13,4,20:38:43.861684
an fish injured the monkey near a hedgehog near the giraffe by Mark,"[['SCIENCE', 0.965074], ['PETS', 0.0316883], ['SPORTS', 0.00241078], ['STYLE AND FASHION', 0.000285923], ['TRAVEL', 0.00026411]]","[['AQUARIUMS', 0.49], ['PETS', 0.13]]",False,14,4,20:38:48.162786
an fish injured the monkey near a monkey near the giraffe by Mark,"[['PETS', 0.693077], ['SPORTS', 0.241083], ['STYLE AND FASHION', 0.0245253], ['TRAVEL', 0.0222346], ['FOOD AND DRINK', 0.00801873]]","[['AQUARIUMS', 0.44], ['PETS', 0.11]]",False,15,4,20:38:51.862592
an fish viewed the monkey near a monkey near the giraffe by Mark,"[['PETS', 0.887086], ['SPORTS', 0.0730124], ['SCIENCE', 0.0141454], ['TRAVEL', 0.00720084], ['HOBBIES AND INTERESTS', 0.00378384]]","[['AQUARIUMS', 0.45], ['PETS', 0.1]]",False,16,4,20:38:55.474861
an fish viewed the monkey near a monkey near the giraffe by Elise,"[['SOCIETY', 0.978455], ['PETS', 0.0206757], ['SPORTS', 0.000642821], ['SCIENCE', 6.53396e-05], ['TRAVEL', 5.66177e-05]]","[['AQUARIUMS', 0.47], ['PETS', 0.1]]",False,17,4,20:38:59.215420
an fish viewed the monkey in a monkey near the giraffe by Elise,"[['SOCIETY', 0.901258], ['PETS', 0.0986013], ['SPORTS', 5.83589e-05], ['SCIENCE', 3.09368e-05], ['STYLE AND FASHION', 8.66281e-06]]","[['AQUARIUMS', 0.47], ['PETS', 0.1]]",False,18,4,20:39:02.956469
an fish viewed a monkey in a monkey near the giraffe by Elise,"[['SOCIETY', 0.991136], ['PETS', 0.00877319], ['SPORTS', 2.15301e-05], ['STYLE AND FASHION', 1.64821e-05], ['SCIENCE', 1.33256e-05]]","[['AQUARIUMS', 0.47], ['PETS', 0.1]]",False,19,4,20:39:06.827369
an fish viewed a monkey in a monkey near the giraffe in Elise,"[['PETS', 0.98967], ['SPORTS', 0.00239919], ['STYLE AND FASHION', 0.00183871], ['SCIENCE', 0.00144982], ['TRAVEL', 0.00071596]]","[['AQUARIUMS', 0.47], ['PETS', 0.1]]",False,20,4,20:39:10.538798
an fish viewed a monkey in a monkey near the giraffe in I,"[['PETS', 0.992074], ['SPORTS', 0.00207352], ['SCIENCE', 0.00169287], ['TRAVEL', 0.000579244], ['NON STANDARD CONTENT', 0.00055402]]","[['AQUARIUMS', 0.47], ['PETS', 0.11]]",False,21,4,20:39:14.264079
an fish viewed a squirrel in a monkey near the giraffe in I,"[['PETS', 0.994188], ['SPORTS', 0.00351068], ['HOBBIES AND INTERESTS', 0.000655643], ['SCIENCE', 0.000164888], ['TRAVEL', 0.000160401]]","[['AQUARIUMS', 0.53], ['PETS', 0.15]]",False,22,4,20:39:17.956244
a fish viewed a squirrel in a monkey near the giraffe in I,"[['PETS', 0.974518], ['SPORTS', 0.0179624], ['HOBBIES AND INTERESTS', 0.0012055], ['SCIENCE', 0.00115612], ['TRAVEL', 0.000318602]]","[['AQUARIUMS', 0.53], ['PETS', 0.15]]",False,23,4,20:39:21.963717
a fish viewed a squirrel in a monkey with the giraffe in I,"[['PETS', 0.902626], ['HOBBIES AND INTERESTS', 0.0780273], ['SPORTS', 0.0112517], ['SCIENCE', 0.00185685], ['STYLE AND FASHION', 0.00127694]]","[['AQUARIUMS', 0.53], ['PETS', 0.15]]",False,24,4,20:39:25.638307
a fish viewed a squirrel in a monkey with an giraffe in I,"[['HOBBIES AND INTERESTS', 0.736803], ['SPORTS', 0.103115], ['PETS', 0.0747596], ['SCIENCE', 0.0226505], ['STYLE AND FASHION', 0.013188]]","[['AQUARIUMS', 0.53], ['PETS', 0.15]]",False,25,4,20:39:29.329866
a fish viewed a squirrel in a hedgehog with an giraffe in I,"[['SCIENCE', 0.997093], ['HOBBIES AND INTERESTS', 0.00132736], ['PETS', 0.000437266], ['SPORTS', 0.000147258], ['ILLEGAL CONTENT', 6.58152e-05]]","[['AQUARIUMS', 0.52], ['PETS', 0.16]]",False,26,4,20:39:33.018188
a fish viewed a squirrel in a hedgehog with an giraffe in Elise,"[['SCIENCE', 0.995238], ['HOBBIES AND INTERESTS', 0.00177707], ['PETS', 0.000665687], ['SPORTS', 0.000259354], ['ILLEGAL CONTENT', 0.000111892]]","[['AQUARIUMS', 0.52], ['PETS', 0.13]]",False,27,4,20:39:36.758070
a fish ran a squirrel in a hedgehog with an giraffe in Elise,"[['SPORTS', 0.998016], ['SCIENCE', 0.00190487], ['HOBBIES AND INTERESTS', 5.3612e-05], ['PETS', 9.56379e-06], ['ILLEGAL CONTENT', 4.58695e-07]]","[['AQUARIUMS', 0.54], ['PETS', 0.14]]",False,28,4,20:39:40.472457
a fish ran a squirrel in a binoculars with an giraffe in Elise,"[['SPORTS', 0.958538], ['HOBBIES AND INTERESTS', 0.0414476], ['PETS', 3.16113e-06], ['TECHNOLOGY AND COMPUTING', 3.11584e-07], ['SCIENCE', 2.29674e-07]]","[['AQUARIUMS', 0.56], ['PETS', 0.15]]",False,29,4,20:39:44.714099
the fish ran a squirrel in a binoculars with an giraffe in Elise,"[['SPORTS', 0.918056], ['HOBBIES AND INTERESTS', 0.081937], ['PETS', 4.10719e-06], ['SCIENCE', 7.78796e-08], ['TECHNOLOGY AND COMPUTING', 6.96098e-08]]","[['AQUARIUMS', 0.56], ['PETS', 0.15]]",False,30,4,20:39:48.350967
my fish ran a squirrel in a binoculars with an giraffe in Elise,"[['SPORTS', 0.702471], ['HOBBIES AND INTERESTS', 0.297398], ['PETS', 3.45494e-05], ['SHOPPING', 1.10937e-06], ['TECHNOLOGY AND COMPUTING', 6.79025e-07]]","[['AQUARIUMS', 0.56], ['PETS', 0.15]]",False,31,4,20:39:52.737594
my fish caught a squirrel in a binoculars with an giraffe in Elise,"[['SPORTS', 0.552162], ['HOBBIES AND INTERESTS', 0.445437], ['PETS', 0.000973719], ['ARTS AND ENTERTAINMENT', 1.23417e-06], ['FOOD AND DRINK', 1.09092e-06]]","[['AQUARIUMS', 0.54], ['PETS', 0.16]]",False,32,4,20:39:56.703158
my fish caught a squirrel in a binoculars with an giraffe in I,"[['SPORTS', 0.964375], ['HOBBIES AND INTERESTS', 0.0304681], ['PETS', 0.00224344], ['ARTS AND ENTERTAINMENT', 3.5377e-06], ['FOOD AND DRINK', 2.0065e-06]]","[['AQUARIUMS', 0.54], ['PETS', 0.2]]",False,33,4,20:40:00.668831
my fish caught a squirrel in a binoculars with an squirrel in I,"[['HOBBIES AND INTERESTS', 0.858838], ['SPORTS', 0.134743], ['PETS', 0.00541273], ['FOOD AND DRINK', 1.66967e-05], ['ILLEGAL CONTENT', 9.29324e-06]]","[['AQUARIUMS', 0.47], ['PETS', 0.16]]",False,34,4,20:40:04.346679
my fish caught a squirrel in a binoculars near an squirrel in I,"[['HOBBIES AND INTERESTS', 0.866267], ['SPORTS', 0.127462], ['PETS', 0.00462148], ['FOOD AND DRINK', 1.02712e-05], ['ILLEGAL CONTENT', 1.64122e-06]]","[['AQUARIUMS', 0.47], ['PETS', 0.16]]",False,35,4,20:40:07.955768
my fish caught a squirrel in a binoculars near an squirrel in Mark,"[['HOBBIES AND INTERESTS', 0.897644], ['SPORTS', 0.100716], ['PETS', 0.00092346], ['FOOD AND DRINK', 6.75683e-06], ['ILLEGAL CONTENT', 1.25735e-06]]","[['AQUARIUMS', 0.45], ['PETS', 0.15]]",False,36,4,20:40:11.640435
my fish caught a squirrel in a binoculars near an squirrel by Mark,"[['HOBBIES AND INTERESTS', 0.984077], ['SPORTS', 0.0157136], ['PETS', 0.00011794], ['FOOD AND DRINK', 6.37283e-07], ['ILLEGAL CONTENT', 1.44372e-07]]","[['AQUARIUMS', 0.45], ['PETS', 0.15]]",False,37,4,20:40:15.719959
my fish captured a squirrel in a binoculars near an squirrel by Mark,"[['HOBBIES AND INTERESTS', 0.99968], ['FOOD AND DRINK', 8.93399e-05], ['PETS', 8.5897e-05], ['SPORTS', 2.46076e-05], ['TECHNOLOGY AND COMPUTING', 3.26604e-06]]","[['AQUARIUMS', 0.45], ['PETS', 0.13]]",False,38,4,20:40:19.408067
my binoculars captured a squirrel in a binoculars near an squirrel by Mark,"[['HOBBIES AND INTERESTS', 0.999999], ['TECHNOLOGY AND COMPUTING', 3.39978e-07], ['PETS', 1.20137e-07], ['SPORTS', 7.89243e-09], ['SCIENCE', 5.54927e-10]]","[['HOBBIES & INTERESTS', 0.07], ['BIRDWATCHING', 0.05]]",True,39,5,20:40:23.093782
my binoculars ran a squirrel in a binoculars near an squirrel by Mark,"[['HOBBIES AND INTERESTS', 1.0], ['TECHNOLOGY AND COMPUTING', 1.81909e-08], ['PETS', 1.57753e-08], ['ARTS AND ENTERTAINMENT', 1.04422e-09], ['SPORTS', 9.286e-10]]","[['HOBBIES & INTERESTS', 0.08], ['BIRDWATCHING', 0.05]]",True,40,6,20:40:26.777587
my giraffe ran a squirrel in a binoculars near an squirrel by Mark,"[['HOBBIES AND INTERESTS', 0.999883], ['PETS', 1.2266e-05], ['ARTS AND ENTERTAINMENT', 2.7075e-06], ['SPORTS', 2.3884e-06], ['SHOPPING', 1.49503e-06]]","[['HOBBIES & INTERESTS', 0.08], ['BIRDWATCHING', 0.05]]",True,41,7,20:40:30.394121
my hedgehog ran a squirrel in a binoculars near an squirrel by Mark,"[['HOBBIES AND INTERESTS', 0.998855], ['SPORTS', 3.33402e-05], ['PETS', 1.2253e-05], ['ARTS AND ENTERTAINMENT', 2.70455e-06], ['ILLEGAL CONTENT', 2.68621e-06]]","[['HOBBIES & INTERESTS', 0.08], ['BIRDWATCHING', 0.05]]",True,42,8,20:40:34.484923
my hedgehog ran a hedgehog in a binoculars near an squirrel by Mark,"[['SCIENCE', 0.983953], ['HOBBIES AND INTERESTS', 0.0154196], ['SPORTS', 9.93769e-05], ['HEALTH AND FITNESS', 4.9193e-05], ['ILLEGAL CONTENT', 4.30513e-06]]","[['REMODELING & CONSTRUCTION', 0.19], ['HOBBIES & INTERESTS', 0.07], ['HOME & GARDEN', 0.06], ['BIRDWATCHING', 0.05]]",True,43,9,20:40:38.468631
my hedgehog ran a hedgehog in an binoculars near an squirrel by Mark,"[['SCIENCE', 0.986102], ['HOBBIES AND INTERESTS', 0.0133733], ['SPORTS', 7.55507e-05], ['HEALTH AND FITNESS', 3.7296e-05], ['ILLEGAL CONTENT', 3.86859e-06]]","[['REMODELING & CONSTRUCTION', 0.19], ['HOBBIES & INTERESTS', 0.07], ['HOME & GARDEN', 0.06], ['BIRDWATCHING', 0.05]]",True,44,10,20:40:42.127770
my hedgehog ran a hedgehog in my binoculars near an squirrel by Mark,"[['SCIENCE', 0.978814], ['HOBBIES AND INTERESTS', 0.0158446], ['SPORTS', 0.000328971], ['HEALTH AND FITNESS', 0.000187259], ['ILLEGAL CONTENT', 6.45308e-05]]","[['REMODELING & CONSTRUCTION', 0.19], ['HOBBIES & INTERESTS', 0.07], ['HOME & GARDEN', 0.06], ['BIRDWATCHING', 0.05]]",True,45,11,20:40:46.560863
my hedgehog ran a hedgehog in my binoculars near the squirrel by Mark,"[['SCIENCE', 0.972844], ['HOBBIES AND INTERESTS', 0.0207814], ['SPORTS', 0.000496435], ['HEALTH AND FITNESS', 0.000299469], ['PETS', 7.34915e-05]]","[['REMODELING & CONSTRUCTION', 0.19], ['HOBBIES & INTERESTS', 0.07], ['HOME & GARDEN', 0.06], ['BIRDWATCHING', 0.05]]",True,46,12,20:40:50.670316
my hedgehog caught a hedgehog in my binoculars near the squirrel by Mark,"[['SCIENCE', 0.971377], ['HOBBIES AND INTERESTS', 0.0241223], ['PETS', 0.00173242], ['SPORTS', 0.000517898], ['ILLEGAL CONTENT', 3.32264e-05]]","[['HOBBIES & INTERESTS', 0.07], ['BIRDWATCHING', 0.05]]",True,47,13,20:40:54.435930
my hedgehog caught a hedgehog near my binoculars near the squirrel by Mark,"[['SCIENCE', 0.757876], ['TECHNOLOGY AND COMPUTING', 0.2184], ['HOBBIES AND INTERESTS', 0.0221312], ['PETS', 0.00038814], ['SPORTS', 0.000285609]]","[['HOBBIES & INTERESTS', 0.07], ['BIRDWATCHING', 0.05]]",True,48,14,20:40:58.040603
my hedgehog caught a hedgehog by my binoculars near the squirrel by Mark,"[['SCIENCE', 0.970621], ['HOBBIES AND INTERESTS', 0.0270376], ['SPORTS', 0.000636453], ['PETS', 0.000451058], ['HEALTH AND FITNESS', 2.64724e-05]]","[['HOBBIES & INTERESTS', 0.07], ['BIRDWATCHING', 0.05]]",True,49,15,20:41:01.438459
a hedgehog caught a hedgehog by my binoculars near the squirrel by Mark,"[['SCIENCE', 1.0], ['HOBBIES AND INTERESTS', 9.39517e-08], ['SPORTS', 9.66017e-10], ['PETS', 3.68088e-10], ['HEALTH AND FITNESS', 3.81942e-11]]","[['HOBBIES & INTERESTS', 0.07], ['BIRDWATCHING', 0.05]]",True,50,16,20:41:05.111239
a hedgehog caught a hedgehog by my binoculars near the squirrel by Steve,"[['SCIENCE', 1.0], ['HOBBIES AND INTERESTS', 1.9835e-07], ['PETS', 4.5899e-09], ['SPORTS', 3.99662e-09], ['ILLEGAL CONTENT', 6.22464e-11]]","[['HOBBIES & INTERESTS', 0.08], ['BIRDWATCHING', 0.05]]",True,51,17,20:41:08.756085
a hedgehog wounded a hedgehog by my binoculars near the squirrel by Steve,"[['SCIENCE', 0.999999], ['HOBBIES AND INTERESTS', 6.18188e-07], ['SPORTS', 1.23137e-09], ['PETS', 2.47569e-10], ['TECHNOLOGY AND COMPUTING', 2.59529e-11]]","[['HOBBIES & INTERESTS', 0.08], ['BIRDWATCHING', 0.05]]",True,52,18,20:41:13.290505
a hedgehog wounded a hedgehog by my binoculars near the squirrel by Mark,"[['SCIENCE', 1.0], ['HOBBIES AND INTERESTS', 2.92816e-07], ['SPORTS', 2.97631e-10], ['HEALTH AND FITNESS', 3.81939e-11], ['PETS', 2.82518e-11]]","[['HOBBIES & INTERESTS', 0.08], ['BIRDWATCHING', 0.05]]",True,53,19,20:41:18.548675
a hedgehog wounded a hedgehog by my binoculars near the squirrel on Mark,"[['SCIENCE', 1.0], ['HOBBIES AND INTERESTS', 8.43661e-08], ['SPORTS', 4.14887e-10], ['PETS', 3.05621e-11], ['HEALTH AND FITNESS', 1.38024e-11]]","[['HOBBIES & INTERESTS', 0.08], ['BIRDWATCHING', 0.05]]",True,54,20,20:41:24.331434
a hedgehog wounded a hedgehog by my binoculars near the squirrel in Mark,"[['SCIENCE', 1.0], ['HOBBIES AND INTERESTS', 1.05387e-07], ['SPORTS', 4.96264e-10], ['PETS', 4.49983e-11], ['TRAVEL', 2.74176e-11]]","[['HOBBIES & INTERESTS', 0.08], ['BIRDWATCHING', 0.05]]",True,55,21,20:41:28.005397
the hedgehog wounded a hedgehog by my binoculars near the squirrel in Mark,"[['SCIENCE', 0.951039], ['HOBBIES AND INTERESTS', 0.0467645], ['SPORTS', 0.000889773], ['PETS', 5.77242e-05], ['TRAVEL', 9.57638e-06]]","[['HOBBIES & INTERESTS', 0.08], ['BIRDWATCHING', 0.05]]",True,56,22,20:41:31.721441
the hedgehog wounded a hedgehog by my giraffe near the squirrel in Mark,"[['SCIENCE', 0.9956], ['PETS', 0.00201502], ['SPORTS', 0.000931458], ['HOBBIES AND INTERESTS', 0.000716597], ['ILLEGAL CONTENT', 9.34076e-06]]","[['HOBBIES & INTERESTS', 0.08], ['BIRDWATCHING', 0.05]]",True,57,23,20:41:35.389829
the hedgehog wounded a hedgehog by my giraffe near the fish in Mark,"[['SCIENCE', 0.985798], ['SPORTS', 0.0125228], ['HEALTH AND FITNESS', 0.00028791], ['HOBBIES AND INTERESTS', 0.00022844], ['FOOD AND DRINK', 0.000130014]]","[['AQUARIUMS', 0.43], ['PETS', 0.11]]",True,58,24,20:41:39.122073
the hedgehog wounded a hedgehog by my giraffe by the fish in Mark,"[['SCIENCE', 0.989628], ['SPORTS', 0.00741154], ['HOBBIES AND INTERESTS', 0.000919835], ['HEALTH AND FITNESS', 0.000295067], ['FOOD AND DRINK', 0.000162853]]","[['AQUARIUMS', 0.43], ['PETS', 0.11]]",True,59,25,20:41:42.721401
the hedgehog caught a hedgehog by my giraffe by the fish in Mark,"[['SCIENCE', 0.926647], ['SPORTS', 0.0667515], ['PETS', 0.00123796], ['HOBBIES AND INTERESTS', 0.000776114], ['FOOD AND DRINK', 0.000457142]]","[['AQUARIUMS', 0.44], ['PETS', 0.12]]",False,60,25,20:41:46.609679
the hedgehog caught a hedgehog by my giraffe by the monkey in Mark,"[['SCIENCE', 0.938769], ['PETS', 0.0532607], ['TECHNOLOGY AND COMPUTING', 0.00323405], ['SPORTS', 0.00179446], ['HOBBIES AND INTERESTS', 0.00123957]]","[['HOBBIES & INTERESTS', 0.07], ['BIRDWATCHING', 0.05]]",True,61,26,20:41:50.585955
the hedgehog caught a hedgehog by my giraffe by the lawn in Mark,"[['SCIENCE', 0.993397], ['SPORTS', 0.00337522], ['HOBBIES AND INTERESTS', 0.000980122], ['PETS', 0.000383489], ['TECHNOLOGY AND COMPUTING', 6.77346e-05]]","[['LANDSCAPING', 0.24], ['HOME & GARDEN', 0.08], ['HOBBIES & INTERESTS', 0.07], ['BIRDWATCHING', 0.05]]",True,62,27,20:41:54.741112
my hedgehog caught a hedgehog by my giraffe by the lawn in Mark,"[['SCIENCE', 0.983916], ['SPORTS', 0.0120722], ['PETS', 0.0018027], ['HOBBIES AND INTERESTS', 0.000693246], ['ARTS AND ENTERTAINMENT', 8.99838e-05]]","[['LANDSCAPING', 0.24], ['HOME & GARDEN', 0.08], ['HOBBIES & INTERESTS', 0.07], ['BIRDWATCHING', 0.05]]",True,63,28,20:41:58.836969
my hedgehog caught a hedgehog by my giraffe by the lawn with Mark,"[['SCIENCE', 0.995775], ['PETS', 0.00165436], ['SPORTS', 0.000830699], ['HOBBIES AND INTERESTS', 0.00059024], ['ILLEGAL CONTENT', 0.000112217]]","[['LANDSCAPING', 0.24], ['HOME & GARDEN', 0.08], ['HOBBIES & INTERESTS', 0.07], ['BIRDWATCHING', 0.05]]",True,64,29,20:42:02.469997
my hedgehog caught a hedgehog by my giraffe by the lawn near Mark,"[['SCIENCE', 0.999592], ['PETS', 0.000193381], ['SPORTS', 9.74134e-05], ['HOBBIES AND INTERESTS', 7.43592e-05], ['HEALTH AND FITNESS', 2.03301e-06]]","[['LANDSCAPING', 0.24], ['HOME & GARDEN', 0.08], ['HOBBIES & INTERESTS', 0.07], ['BIRDWATCHING', 0.05]]",True,65,30,20:42:06.221147
my hedgehog caught a hedgehog on my giraffe by the lawn near Mark,"[['SCIENCE', 0.999656], ['PETS', 0.000160767], ['SPORTS', 8.73987e-05], ['HOBBIES AND INTERESTS', 5.10005e-05], ['TECHNOLOGY AND COMPUTING', 3.64831e-06]]","[['LANDSCAPING', 0.24], ['HOME & GARDEN', 0.08], ['HOBBIES & INTERESTS', 0.07], ['BIRDWATCHING', 0.05]]",True,66,31,20:42:09.890996
my lawn caught a hedgehog on my giraffe by the lawn near Mark,"[['SCIENCE', 0.990432], ['SPORTS', 0.00841718], ['PETS', 0.000445231], ['HOME AND GARDEN', 0.000114316], ['TRAVEL', 9.57052e-05]]","[['LANDSCAPING', 0.29], ['HOME & GARDEN', 0.11]]",True,67,32,20:42:13.518696
my lawn caught a hedgehog on my giraffe by the lawn with Mark,"[['SCIENCE', 0.791338], ['SPORTS', 0.196368], ['PETS', 0.0037509], ['HOME AND GARDEN', 0.00254993], ['TRAVEL', 0.000689475]]","[['LANDSCAPING', 0.29], ['HOME & GARDEN', 0.11]]",True,68,33,20:42:17.591585
my lawn caught a hedgehog on my giraffe by the lawn with I,"[['HOBBIES AND INTERESTS', 0.6917], ['SCIENCE', 0.289867], ['SPORTS', 0.0134057], ['PETS', 0.00391325], ['HOME AND GARDEN', 0.000157657]]","[['LANDSCAPING', 0.3], ['HOME & GARDEN', 0.11]]",True,69,34,20:42:21.510794
my lawn wounded a hedgehog on my giraffe by the lawn with I,"[['SCIENCE', 0.636746], ['HOBBIES AND INTERESTS', 0.351178], ['SPORTS', 0.00953641], ['PETS', 0.000575674], ['HOME AND GARDEN', 0.000346319]]","[['LANDSCAPING', 0.29], ['HOME & GARDEN', 0.12]]",True,70,35,20:42:25.257508
my lawn wounded a hedgehog on my giraffe by the lawn with Mark,"[['SCIENCE', 0.918334], ['SPORTS', 0.0737965], ['HOME AND GARDEN', 0.00295912], ['PETS', 0.0012706], ['TRAVEL', 0.000255471]]","[['LANDSCAPING', 0.29], ['HOME & GARDEN', 0.11]]",True,71,36,20:42:28.934222
my lawn caught a hedgehog on my giraffe by the lawn with Mark,"[['SCIENCE', 0.791338], ['SPORTS', 0.196368], ['PETS', 0.0037509], ['HOME AND GARDEN', 0.00254993], ['TRAVEL', 0.000689475]]","[['LANDSCAPING', 0.29], ['HOME & GARDEN', 0.11]]",True,71,36,20:42:32.665721
my lawn caught my hedgehog on my giraffe by the lawn with Mark,"[['SPORTS', 0.947512], ['HOME AND GARDEN', 0.0161841], ['PETS', 0.00674984], ['TRAVEL', 0.00316918], ['STYLE AND FASHION', 0.00262721]]","[['LANDSCAPING', 0.29], ['HOME & GARDEN', 0.11]]",True,72,37,20:42:36.316218
my lawn caught my hedgehog on my giraffe by the man with Mark,"[['SOCIETY', 0.291285], ['SPORTS', 0.147227], ['PETS', 0.128758], ['HOBBIES AND INTERESTS', 0.0781385], ['HEALTH AND FITNESS', 0.0197796]]","[['GARDENING', 0.23], ['HOME & GARDEN', 0.08]]",True,73,38,20:42:39.922180
my lawn caught my hedgehog on my giraffe in the man with Mark,"[['SOCIETY', 0.27653], ['PETS', 0.148806], ['SPORTS', 0.131579], ['HOBBIES AND INTERESTS', 0.0899883], ['HEALTH AND FITNESS', 0.0220408]]","[['GARDENING', 0.23], ['HOME & GARDEN', 0.08]]",True,74,39,20:42:44.001613
my lawn caught my hedgehog on my giraffe in the man by Mark,"[['HOBBIES AND INTERESTS', 0.506893], ['PETS', 0.154964], ['SPORTS', 0.0336299], ['STYLE AND FASHION', 0.0249526], ['SOCIETY', 0.0181487]]","[['GARDENING', 0.23], ['HOME & GARDEN', 0.08]]",True,75,40,20:42:47.686423
my lawn caught an hedgehog on my giraffe in the man by Mark,"[['HOBBIES AND INTERESTS', 0.44149], ['PETS', 0.351714], ['SPORTS', 0.026733], ['STYLE AND FASHION', 0.0153633], ['SOCIETY', 0.00754352]]","[['GARDENING', 0.23], ['HOME & GARDEN', 0.08]]",True,76,41,20:42:51.725809
my monkey caught an hedgehog on my giraffe in the man by Mark,"[['PETS', 0.504217], ['TECHNOLOGY AND COMPUTING', 0.279651], ['HOBBIES AND INTERESTS', 0.103582], ['NON STANDARD CONTENT', 0.0283397], ['SPORTS', 0.0133729]]","[['PROFANE CONTENT', 0.22], ['HOBBIES & INTERESTS', 0.07], ['NON-STANDARD CONTENT', 0.06], ['SPORTS', 0.06], ['BIRDWATCHING', 0.05]]",True,77,42,20:42:55.376483
my monkey caught an hedgehog on my giraffe in the man by Steve,"[['PETS', 0.586975], ['TECHNOLOGY AND COMPUTING', 0.362408], ['HOBBIES AND INTERESTS', 0.0206817], ['NON STANDARD CONTENT', 0.00660568], ['SPORTS', 0.00157163]]","[['PROFANE CONTENT', 0.22], ['HOBBIES & INTERESTS', 0.07], ['NON-STANDARD CONTENT', 0.06], ['BIRDWATCHING', 0.05]]",True,78,43,20:42:59.078430
my monkey caught an hedgehog in my giraffe in the man by Steve,"[['PETS', 0.940963], ['HOBBIES AND INTERESTS', 0.0246028], ['TECHNOLOGY AND COMPUTING', 0.0196593], ['NON STANDARD CONTENT', 0.00255769], ['SPORTS', 0.00206126]]","[['PROFANE CONTENT', 0.22], ['HOBBIES & INTERESTS', 0.07], ['NON-STANDARD CONTENT', 0.06], ['BIRDWATCHING', 0.05]]",True,79,44,20:43:03.650849
my monkey caught an hedgehog in my giraffe in the man by Elise,"[['SOCIETY', 0.999811], ['PETS', 0.000183673], ['HOBBIES AND INTERESTS', 1.60424e-06], ['TECHNOLOGY AND COMPUTING', 7.92399e-07], ['SPORTS', 4.37964e-07]]","[['PROFANE CONTENT', 0.21], ['HOBBIES & INTERESTS', 0.07], ['NON-STANDARD CONTENT', 0.06], ['BIRDWATCHING', 0.05]]",True,80,45,20:43:07.349865
my monkey caught an binoculars in my giraffe in the man by Elise,"[['SOCIETY', 0.999952], ['PETS', 2.44636e-05], ['HOBBIES AND INTERESTS', 1.99629e-05], ['SPORTS', 1.76373e-06], ['NON STANDARD CONTENT', 1.7948e-07]]","[['PROFANE CONTENT', 0.2], ['HOBBIES & INTERESTS', 0.07], ['NON-STANDARD CONTENT', 0.06], ['BIRDWATCHING', 0.05]]",True,81,46,20:43:11.043474
my monkey ran an binoculars in my giraffe in the man by Elise,"[['SOCIETY', 0.995913], ['HOBBIES AND INTERESTS', 0.00407498], ['PETS', 5.47104e-07], ['NON STANDARD CONTENT', 6.84027e-08], ['HEALTH AND FITNESS', 4.30696e-08]]","[['PROFANE CONTENT', 0.21], ['HOBBIES & INTERESTS', 0.07], ['NON-STANDARD CONTENT', 0.07], ['BIRDWATCHING', 0.05]]",True,82,47,20:43:14.716309
my monkey ran an binoculars in the giraffe in the man by Elise,"[['SOCIETY', 0.98243], ['HOBBIES AND INTERESTS', 0.0171119], ['PETS', 0.000111773], ['SPORTS', 4.34006e-07], ['TRAVEL', 3.00566e-07]]","[['PROFANE CONTENT', 0.21], ['HOBBIES & INTERESTS', 0.07], ['NON-STANDARD CONTENT', 0.07], ['BIRDWATCHING', 0.05]]",True,83,48,20:43:18.455461
my monkey ran an binoculars in the giraffe near the man by Elise,"[['SOCIETY', 0.998626], ['HOBBIES AND INTERESTS', 0.00103047], ['PETS', 7.61484e-05], ['TRAVEL', 2.73502e-07], ['SPORTS', 2.49836e-07]]","[['PROFANE CONTENT', 0.21], ['HOBBIES & INTERESTS', 0.07], ['NON-STANDARD CONTENT', 0.07], ['BIRDWATCHING', 0.05]]",True,84,49,20:43:22.470820
an monkey ran an binoculars in the giraffe near the man by Elise,"[['SOCIETY', 0.99648], ['HOBBIES AND INTERESTS', 0.00197961], ['PETS', 8.38009e-05], ['SPORTS', 7.71528e-07], ['TRAVEL', 5.64613e-07]]","[['PROFANE CONTENT', 0.21], ['HOBBIES & INTERESTS', 0.07], ['NON-STANDARD CONTENT', 0.07], ['BIRDWATCHING', 0.05]]",True,85,50,20:43:26.441006
an monkey ran an binoculars in the giraffe near the giraffe by Elise,"[['PETS', 0.732905], ['SOCIETY', 0.266531], ['HOBBIES AND INTERESTS', 0.000357205], ['SPORTS', 2.51035e-05], ['AUTOMOTIVE', 1.51168e-05]]","[['HOBBIES & INTERESTS', 0.07], ['BIRDWATCHING', 0.05]]",True,86,51,20:43:30.069650
an monkey ran an binoculars in the giraffe near my giraffe by Elise,"[['SOCIETY', 0.94646], ['TECHNOLOGY AND COMPUTING', 0.0336586], ['PETS', 0.0188353], ['HOBBIES AND INTERESTS', 0.000866254], ['SPORTS', 1.86679e-05]]","[['HOBBIES & INTERESTS', 0.07], ['BIRDWATCHING', 0.05]]",True,87,52,20:43:33.762275
an monkey ran an binoculars with the giraffe near my giraffe by Elise,"[['SOCIETY', 0.946535], ['TECHNOLOGY AND COMPUTING', 0.0347382], ['PETS', 0.0176675], ['HOBBIES AND INTERESTS', 0.000916559], ['AUTOMOTIVE', 1.84853e-05]]","[['HOBBIES & INTERESTS', 0.07], ['BIRDWATCHING', 0.05]]",True,88,53,20:43:37.756728
an monkey ran an binoculars with the giraffe near my fish by Elise,"[['SOCIETY', 0.971628], ['TECHNOLOGY AND COMPUTING', 0.0273629], ['HOBBIES AND INTERESTS', 0.000539569], ['PETS', 0.000188035], ['SPORTS', 8.41216e-07]]","[['AQUARIUMS', 0.57], ['PETS', 0.13]]",False,89,53,20:43:41.389058
an monkey ran an binoculars with my giraffe near my fish by Elise,"[['SOCIETY', 0.995555], ['TECHNOLOGY AND COMPUTING', 0.00393101], ['HOBBIES AND INTERESTS', 0.000501554], ['PETS', 2.10045e-07], ['SPORTS', 1.18272e-07]]","[['AQUARIUMS', 0.57], ['PETS', 0.13]]",False,90,53,20:43:45.127117
an monkey ran an binoculars by my giraffe near my fish by Elise,"[['SOCIETY', 0.969281], ['TECHNOLOGY AND COMPUTING', 0.0296507], ['HOBBIES AND INTERESTS', 0.000946593], ['PETS', 2.04223e-06], ['SPORTS', 1.39948e-06]]","[['AQUARIUMS', 0.57], ['PETS', 0.13]]",False,91,53,20:43:48.831403
an monkey captured an binoculars by my giraffe near my fish by Elise,"[['SOCIETY', 0.930658], ['TECHNOLOGY AND COMPUTING', 0.0685781], ['HOBBIES AND INTERESTS', 0.000490978], ['SPORTS', 0.000160869], ['PETS', 3.80861e-05]]","[['AQUARIUMS', 0.54], ['PETS', 0.12]]",False,92,53,20:43:52.373130
an monkey captured an binoculars by my squirrel near my fish by Elise,"[['SOCIETY', 0.851869], ['HOBBIES AND INTERESTS', 0.085129], ['TECHNOLOGY AND COMPUTING', 0.0627702], ['SPORTS', 0.000128992], ['NON STANDARD CONTENT', 2.08846e-05]]","[['AQUARIUMS', 0.54], ['PETS', 0.13]]",True,93,54,20:43:56.192655
an monkey captured an binoculars by my squirrel near my giraffe by Elise,"[['SOCIETY', 0.915645], ['TECHNOLOGY AND COMPUTING', 0.0674702], ['HOBBIES AND INTERESTS', 0.0164373], ['PETS', 0.000261136], ['SPORTS', 0.000130653]]","[['HOBBIES & INTERESTS', 0.07], ['BIRDWATCHING', 0.05]]",True,94,55,20:43:59.868493
an squirrel captured an binoculars by my squirrel near my giraffe by Elise,"[['HOBBIES AND INTERESTS', 0.752032], ['SOCIETY', 0.239957], ['TECHNOLOGY AND COMPUTING', 0.00731856], ['PETS', 0.000395186], ['SPORTS', 9.02364e-05]]","[['HOBBIES & INTERESTS', 0.08], ['BIRDWATCHING', 0.05]]",True,95,56,20:44:03.466996
an squirrel captured an binoculars by my squirrel near my giraffe by Steve,"[['HOBBIES AND INTERESTS', 0.888939], ['TECHNOLOGY AND COMPUTING', 0.107969], ['PETS', 0.00205646], ['SPORTS', 0.000588498], ['SCIENCE', 1.67736e-05]]","[['HOBBIES & INTERESTS', 0.08], ['BIRDWATCHING', 0.05]]",True,96,57,20:44:07.255545
an squirrel captured an binoculars by my binoculars near my giraffe by Steve,"[['HOBBIES AND INTERESTS', 0.997614], ['TECHNOLOGY AND COMPUTING', 0.00237158], ['PETS', 2.09112e-06], ['SPORTS', 1.79906e-06], ['TRAVEL', 2.09113e-07]]","[['HOBBIES & INTERESTS', 0.08], ['BIRDWATCHING', 0.05]]",True,97,58,20:44:10.933338
an squirrel captured an binoculars by my binoculars near my giraffe by Mark,"[['HOBBIES AND INTERESTS', 0.99945], ['TECHNOLOGY AND COMPUTING', 0.000510501], ['SPORTS', 2.45773e-06], ['PETS', 3.26131e-07], ['TRAVEL', 1.15101e-07]]","[['HOBBIES & INTERESTS', 0.07], ['BIRDWATCHING', 0.05]]",True,98,59,20:44:14.592163
an squirrel went an binoculars by my binoculars near my giraffe by Mark,"[['HOBBIES AND INTERESTS', 0.999715], ['TECHNOLOGY AND COMPUTING', 0.000202303], ['SPORTS', 3.68823e-07], ['TRAVEL', 3.63827e-07], ['PETS', 3.26187e-07]]","[['HOBBIES & INTERESTS', 0.07], ['BIRDWATCHING', 0.05]]",True,99,60,20:44:18.326988
an squirrel went an binoculars by my binoculars near my giraffe by Steve,"[['HOBBIES AND INTERESTS', 0.998884], ['TECHNOLOGY AND COMPUTING', 0.000940762], ['PETS', 2.09358e-06], ['TRAVEL', 6.61659e-07], ['SPORTS', 2.7025e-07]]","[['HOBBIES & INTERESTS', 0.08], ['BIRDWATCHING', 0.05]]",True,100,61,20:44:21.989325
an squirrel went an binoculars by my binoculars near my giraffe by Mark,"[['HOBBIES AND INTERESTS', 0.999715], ['TECHNOLOGY AND COMPUTING', 0.000202303], ['SPORTS', 3.68823e-07], ['TRAVEL', 3.63827e-07], ['PETS', 3.26187e-07]]","[['HOBBIES & INTERESTS', 0.07], ['BIRDWATCHING', 0.05]]",True,100,61,20:44:25.533345
an squirrel went an binoculars by my binoculars near my giraffe with Mark,"[['HOBBIES AND INTERESTS', 0.998599], ['TECHNOLOGY AND COMPUTING', 0.000982908], ['SPORTS', 4.19147e-06], ['TRAVEL', 2.1691e-06], ['PETS', 1.42707e-06]]","[['HOBBIES & INTERESTS', 0.07], ['BIRDWATCHING', 0.05]]",True,101,62,20:44:29.667205
an squirrel went an binoculars by my binoculars near my giraffe with I,"[['HOBBIES AND INTERESTS', 0.996817], ['TECHNOLOGY AND COMPUTING', 0.00129196], ['TRAVEL', 1.99413e-05], ['PETS', 9.13183e-06], ['SPORTS', 2.96138e-06]]","[['HOBBIES & INTERESTS', 0.07], ['BIRDWATCHING', 0.05]]",True,102,63,20:44:33.390923
an squirrel went an binoculars by my binoculars near my giraffe near I,"[['HOBBIES AND INTERESTS', 0.998355], ['TECHNOLOGY AND COMPUTING', 0.00115544], ['TRAVEL', 1.55841e-05], ['PETS', 9.69834e-06], ['SPORTS', 4.09172e-06]]","[['HOBBIES & INTERESTS', 0.07], ['BIRDWATCHING', 0.05]]",True,103,64,20:44:37.069006
my squirrel went an binoculars by my binoculars near my giraffe near I,"[['HOBBIES AND INTERESTS', 0.992623], ['TECHNOLOGY AND COMPUTING', 0.00580034], ['TRAVEL', 0.000137775], ['PETS', 8.42091e-05], ['SPORTS', 1.72579e-05]]","[['HOBBIES & INTERESTS', 0.07], ['BIRDWATCHING', 0.05]]",True,104,65,20:44:41.256818
my squirrel went an binoculars by my binoculars outside my giraffe near I,"[['HOBBIES AND INTERESTS', 0.998344], ['TECHNOLOGY AND COMPUTING', 0.00124386], ['TRAVEL', 0.000236744], ['PETS', 0.000128104], ['SPORTS', 1.40507e-05]]","[['HOBBIES & INTERESTS', 0.07], ['BIRDWATCHING', 0.05]]",True,105,66,20:44:46.890133
the squirrel went an binoculars by my binoculars outside my giraffe near I,"[['HOBBIES AND INTERESTS', 0.99957], ['TECHNOLOGY AND COMPUTING', 0.000326212], ['PETS', 7.42135e-05], ['TRAVEL', 1.84087e-05], ['SPORTS', 2.43577e-06]]","[['HOBBIES & INTERESTS', 0.07], ['BIRDWATCHING', 0.05]]",True,106,67,20:44:51.275869
the squirrel caught an binoculars by my binoculars outside my giraffe near I,"[['HOBBIES AND INTERESTS', 0.999578], ['PETS', 0.00038373], ['SPORTS', 2.12932e-05], ['TRAVEL', 4.4831e-06], ['TECHNOLOGY AND COMPUTING', 3.57668e-06]]","[['BIRDS', 0.2], ['HOBBIES & INTERESTS', 0.08], ['PETS', 0.06], ['BIRDWATCHING', 0.05]]",True,107,68,20:44:55.282644
my squirrel caught an binoculars by my binoculars outside my giraffe near I,"[['HOBBIES AND INTERESTS', 0.999164], ['PETS', 0.000609316], ['SPORTS', 0.000109986], ['TRAVEL', 6.20393e-05], ['ARTS AND ENTERTAINMENT', 1.87249e-05]]","[['BIRDS', 0.2], ['HOBBIES & INTERESTS', 0.08], ['PETS', 0.06], ['BIRDWATCHING', 0.05]]",True,108,69,20:44:59.012769
my squirrel caught an binoculars by my binoculars outside a giraffe near I,"[['HOBBIES AND INTERESTS', 0.999918], ['PETS', 5.40776e-05], ['SPORTS', 1.72119e-05], ['TRAVEL', 4.22038e-06], ['TECHNOLOGY AND COMPUTING', 2.87341e-06]]","[['BIRDS', 0.2], ['HOBBIES & INTERESTS', 0.08], ['PETS', 0.06], ['BIRDWATCHING', 0.05]]",True,109,70,20:45:02.712013
my squirrel caught an binoculars by my binoculars outside a giraffe in I,"[['HOBBIES AND INTERESTS', 0.999908], ['PETS', 5.97576e-05], ['SPORTS', 1.54182e-05], ['ARTS AND ENTERTAINMENT', 5.99222e-06], ['TRAVEL', 4.70983e-06]]","[['BIRDS', 0.2], ['HOBBIES & INTERESTS', 0.08], ['PETS', 0.06], ['BIRDWATCHING', 0.05]]",True,110,71,20:45:06.333806
my squirrel caught an binoculars by my binoculars outside a giraffe by I,"[['HOBBIES AND INTERESTS', 0.999878], ['PETS', 7.33175e-05], ['SPORTS', 2.26486e-05], ['ARTS AND ENTERTAINMENT', 8.85494e-06], ['TECHNOLOGY AND COMPUTING', 6.84136e-06]]","[['BIRDS', 0.2], ['HOBBIES & INTERESTS', 0.08], ['PETS', 0.06], ['BIRDWATCHING', 0.05]]",True,111,72,20:45:10.013483
my squirrel caught an giraffe by my binoculars outside a giraffe by I,"[['PETS', 0.974855], ['SPORTS', 0.0179105], ['HOBBIES AND INTERESTS', 0.0063784], ['STYLE AND FASHION', 0.000312], ['ARTS AND ENTERTAINMENT', 0.000111673]]","[['LARGE ANIMALS', 0.19], ['HOBBIES & INTERESTS', 0.08], ['PETS', 0.06], ['BIRDWATCHING', 0.05]]",True,112,73,20:45:13.718551
my squirrel injured an giraffe by my binoculars outside a giraffe by I,"[['PETS', 0.798984], ['SPORTS', 0.118963], ['HOBBIES AND INTERESTS', 0.0314062], ['STYLE AND FASHION', 0.0282257], ['HEALTH AND FITNESS', 0.00767643]]","[['HOBBIES & INTERESTS', 0.07], ['BIRDWATCHING', 0.05]]",True,113,74,20:45:17.790590
my squirrel injured an giraffe by my giraffe outside a giraffe by I,"[['PETS', 0.95846], ['STYLE AND FASHION', 0.0172228], ['SPORTS', 0.0148313], ['HEALTH AND FITNESS', 0.00607984], ['AUTOMOTIVE', 0.00257007]]","[['HOBBIES & INTERESTS', 0.07], ['BIRDWATCHING', 0.05]]",True,114,75,20:45:21.838455
my squirrel injured an giraffe by my giraffe outside a giraffe in I,"[['PETS', 0.96704], ['STYLE AND FASHION', 0.0139513], ['SPORTS', 0.0117768], ['HEALTH AND FITNESS', 0.00479629], ['AUTOMOTIVE', 0.00184503]]","[['HOBBIES & INTERESTS', 0.07], ['BIRDWATCHING', 0.05]]",True,115,76,20:45:27.318806
my squirrel injured an giraffe by my giraffe outside a giraffe in Elise,"[['PETS', 0.960912], ['STYLE AND FASHION', 0.0150375], ['SPORTS', 0.013388], ['HEALTH AND FITNESS', 0.0071914], ['AUTOMOTIVE', 0.00286587]]","[['HOBBIES & INTERESTS', 0.07], ['BIRDWATCHING', 0.05]]",True,116,77,20:45:31.020886
my squirrel injured an giraffe by my giraffe by a giraffe in Elise,"[['PETS', 0.939242], ['SPORTS', 0.0223874], ['STYLE AND FASHION', 0.0176974], ['HEALTH AND FITNESS', 0.0125027], ['AUTOMOTIVE', 0.00726306]]","[['HOBBIES & INTERESTS', 0.07], ['BIRDWATCHING', 0.05]]",True,117,78,20:45:34.994197
my squirrel injured my giraffe by my giraffe by a giraffe in Elise,"[['PETS', 0.961655], ['STYLE AND FASHION', 0.0147684], ['SPORTS', 0.0141543], ['HEALTH AND FITNESS', 0.00659552], ['AUTOMOTIVE', 0.00187384]]","[['HOBBIES & INTERESTS', 0.07], ['BIRDWATCHING', 0.05]]",True,118,79,20:45:38.992767
my squirrel injured my giraffe by my giraffe by a fish in Elise,"[['PETS', 0.762485], ['SPORTS', 0.177816], ['STYLE AND FASHION', 0.00680098], ['HEALTH AND FITNESS', 0.00246844], ['RELIGION AND SPIRITUALITY', 0.00188342]]","[['AQUARIUMS', 0.44], ['PETS', 0.12]]",False,119,79,20:45:42.679191
my squirrel caught my giraffe by my giraffe by a fish in Elise,"[['PETS', 0.872338], ['SPORTS', 0.0801419], ['FOOD AND DRINK', 0.000409934], ['STYLE AND FASHION', 0.000400537], ['SCIENCE', 0.000146082]]","[['AQUARIUMS', 0.46], ['PETS', 0.14]]",False,120,79,20:45:46.367207
my squirrel went my giraffe by my giraffe by a fish in Elise,"[['PETS', 0.96201], ['SPORTS', 0.0185524], ['STYLE AND FASHION', 0.000519484], ['FOOD AND DRINK', 0.000404736], ['SCIENCE', 0.000401694]]","[['AQUARIUMS', 0.47], ['PETS', 0.12]]",False,121,79,20:45:50.049748
my lawn went my giraffe by my giraffe by a fish in Elise,"[['PETS', 0.859019], ['SPORTS', 0.0634673], ['STYLE AND FASHION', 0.00934441], ['RELIGION AND SPIRITUALITY', 0.00513223], ['AUTOMOTIVE', 0.00319303]]","[['AQUARIUMS', 0.49], ['PETS', 0.11]]",False,122,79,20:45:53.738014
my lawn went my giraffe by my giraffe by a fish in I,"[['PETS', 0.858391], ['SPORTS', 0.0549549], ['STYLE AND FASHION', 0.00856307], ['RELIGION AND SPIRITUALITY', 0.00608823], ['AUTOMOTIVE', 0.00198309]]","[['AQUARIUMS', 0.49], ['PETS', 0.12]]",False,123,79,20:45:57.434044
my lawn went my giraffe in my giraffe by a fish in I,"[['PETS', 0.936249], ['SPORTS', 0.0300816], ['STYLE AND FASHION', 0.00200786], ['AUTOMOTIVE', 0.000433575], ['HEALTH AND FITNESS', 0.000312037]]","[['AQUARIUMS', 0.49], ['PETS', 0.12]]",False,124,79,20:46:01.126753
my lawn went my giraffe in my giraffe by a fish in Elise,"[['PETS', 0.941204], ['SPORTS', 0.0193547], ['STYLE AND FASHION', 0.00220105], ['AUTOMOTIVE', 0.000701293], ['HEALTH AND FITNESS', 0.000486078]]","[['AQUARIUMS', 0.49], ['PETS', 0.11]]",False,125,79,20:46:04.813162
an lawn went my giraffe in my giraffe by a fish in Elise,"[['PETS', 0.919062], ['SPORTS', 0.0350347], ['AUTOMOTIVE', 0.00297131], ['STYLE AND FASHION', 0.00227606], ['HEALTH AND FITNESS', 0.000805905]]","[['AQUARIUMS', 0.49], ['PETS', 0.11]]",False,126,79,20:46:08.342130
an lawn went my giraffe in my giraffe by a fish in Mark,"[['PETS', 0.750815], ['SPORTS', 0.115484], ['AUTOMOTIVE', 0.0143723], ['STYLE AND FASHION', 0.00959066], ['HEALTH AND FITNESS', 0.0022184]]","[['AQUARIUMS', 0.47], ['PETS', 0.12]]",False,127,79,20:46:13.911357
an lawn went my giraffe in a giraffe by a fish in Mark,"[['PETS', 0.341238], ['SPORTS', 0.225081], ['AUTOMOTIVE', 0.188465], ['STYLE AND FASHION', 0.0294027], ['FOOD AND DRINK', 0.00497684]]","[['AQUARIUMS', 0.47], ['PETS', 0.12]]",False,128,79,20:46:17.400710
an lawn captured my giraffe in a giraffe by a fish in Mark,"[['SPORTS', 0.425065], ['AUTOMOTIVE', 0.124254], ['PETS', 0.0846128], ['FOOD AND DRINK', 0.0116345], ['HEALTH AND FITNESS', 0.00297651]]","[['AQUARIUMS', 0.46], ['PETS', 0.11]]",False,129,79,20:46:21.082520
an lawn captured my giraffe in a giraffe by a fish in Steve,"[['PETS', 0.38736], ['SPORTS', 0.282427], ['AUTOMOTIVE', 0.0813524], ['HEALTH AND FITNESS', 0.00117675], ['FOOD AND DRINK', 0.000772704]]","[['AQUARIUMS', 0.47], ['PETS', 0.12]]",False,130,79,20:46:24.702999
an lawn captured my giraffe in a giraffe by a fish with Steve,"[['SPORTS', 0.355802], ['PETS', 0.204635], ['AUTOMOTIVE', 0.166413], ['HEALTH AND FITNESS', 0.00209391], ['SCIENCE', 0.00119685]]","[['AQUARIUMS', 0.47], ['PETS', 0.12]]",False,131,79,20:46:28.756240
an lawn captured my giraffe in a giraffe by a fish with Mark,"[['SPORTS', 0.561936], ['AUTOMOTIVE', 0.0585228], ['PETS', 0.0328531], ['SCIENCE', 0.00269779], ['HEALTH AND FITNESS', 0.00106219]]","[['AQUARIUMS', 0.46], ['PETS', 0.11]]",False,132,79,20:46:32.393007
an lawn captured my giraffe in a giraffe near a fish with Mark,"[['SPORTS', 0.859165], ['PETS', 0.0101933], ['AUTOMOTIVE', 0.00886847], ['HOME AND GARDEN', 0.00159329], ['STYLE AND FASHION', 0.000884104]]","[['AQUARIUMS', 0.46], ['PETS', 0.11]]",False,133,79,20:46:36.035253
an lawn captured my giraffe in a giraffe on a fish with Mark,"[['SPORTS', 0.52224], ['AUTOMOTIVE', 0.0631245], ['PETS', 0.0341474], ['SCIENCE', 0.00268212], ['HEALTH AND FITNESS', 0.00101183]]","[['AQUARIUMS', 0.46], ['PETS', 0.11]]",False,134,79,20:46:39.792092
an lawn captured my giraffe in the giraffe on a fish with Mark,"[['PETS', 0.875722], ['SPORTS', 0.06984], ['AUTOMOTIVE', 0.00726152], ['SCIENCE', 0.000327326], ['HEALTH AND FITNESS', 0.000116321]]","[['AQUARIUMS', 0.46], ['PETS', 0.11]]",False,135,79,20:46:44.741757
an lawn captured an giraffe in the giraffe on a fish with Mark,"[['PETS', 0.708877], ['SPORTS', 0.140639], ['AUTOMOTIVE', 0.0502264], ['SCIENCE', 0.000896651], ['HEALTH AND FITNESS', 0.000384653]]","[['AQUARIUMS', 0.46], ['PETS', 0.11]]",False,136,79,20:46:48.434272
an lawn captured an giraffe in the giraffe on a fish in Mark,"[['PETS', 0.827352], ['SPORTS', 0.0590719], ['AUTOMOTIVE', 0.0545262], ['FOOD AND DRINK', 0.00143121], ['HEALTH AND FITNESS', 0.000559601]]","[['AQUARIUMS', 0.46], ['PETS', 0.11]]",False,137,79,20:46:52.125413
an lawn caught an giraffe in the giraffe on a fish in Mark,"[['PETS', 0.841786], ['SPORTS', 0.135238], ['AUTOMOTIVE', 0.00268567], ['FOOD AND DRINK', 0.00014852], ['STYLE AND FASHION', 0.000135526]]","[['AQUARIUMS', 0.46], ['PETS', 0.13]]",False,138,79,20:46:56.097630
an lawn caught an giraffe in the giraffe on a fish by Mark,"[['PETS', 0.901895], ['SPORTS', 0.0778673], ['AUTOMOTIVE', 0.00282118], ['STYLE AND FASHION', 0.000494596], ['HEALTH AND FITNESS', 2.7419e-05]]","[['AQUARIUMS', 0.46], ['PETS', 0.13]]",False,139,79,20:46:59.813362
an lawn caught an giraffe in the giraffe on a hedgehog by Mark,"[['PETS', 0.535959], ['SCIENCE', 0.462786], ['AUTOMOTIVE', 0.000895953], ['SPORTS', 0.000166564], ['STYLE AND FASHION', 0.000157011]]","[['LANDSCAPING', 0.22], ['HOME & GARDEN', 0.07], ['HOBBIES & INTERESTS', 0.07], ['BIRDWATCHING', 0.05]]",True,140,80,20:47:03.801953
an lawn viewed an giraffe in the giraffe on a hedgehog by Mark,"[['SCIENCE', 0.993849], ['PETS', 0.00598915], ['AUTOMOTIVE', 9.05891e-05], ['HEALTH AND FITNESS', 2.65017e-05], ['STYLE AND FASHION', 1.40123e-05]]","[['LANDSCAPING', 0.21], ['HOME & GARDEN', 0.07], ['HOBBIES & INTERESTS', 0.07], ['BIRDWATCHING', 0.05]]",True,141,81,20:47:07.578393
an lawn viewed an giraffe in the giraffe on a hedgehog outside Mark,"[['SCIENCE', 0.971206], ['PETS', 0.0284765], ['AUTOMOTIVE', 0.000161777], ['HEALTH AND FITNESS', 7.19294e-05], ['SPORTS', 3.01905e-05]]","[['LANDSCAPING', 0.21], ['HOME & GARDEN', 0.07], ['HOBBIES & INTERESTS', 0.07], ['BIRDWATCHING', 0.05]]",True,142,82,20:47:11.156373
an lawn viewed an giraffe in the giraffe on a hedgehog outside Steve,"[['SCIENCE', 0.675004], ['PETS', 0.324546], ['AUTOMOTIVE', 0.000263703], ['HEALTH AND FITNESS', 7.08001e-05], ['SPORTS', 3.36344e-05]]","[['LANDSCAPING', 0.21], ['HOBBIES & INTERESTS', 0.07], ['HOME & GARDEN', 0.07], ['BIRDWATCHING', 0.05]]",True,143,83,20:47:14.849819
an lawn captured an giraffe in the giraffe on a hedgehog outside Steve,"[['PETS', 0.849689], ['SCIENCE', 0.148408], ['AUTOMOTIVE', 0.00175972], ['SPORTS', 6.85626e-05], ['HEALTH AND FITNESS', 1.2985e-05]]","[['LANDSCAPING', 0.22], ['HOBBIES & INTERESTS', 0.07], ['HOME & GARDEN', 0.07], ['BIRDWATCHING', 0.05]]",True,144,84,20:47:18.541880
an lawn injured an giraffe in the giraffe on a hedgehog outside Steve,"[['PETS', 0.775988], ['SCIENCE', 0.222427], ['AUTOMOTIVE', 0.000630516], ['HEALTH AND FITNESS', 0.000341265], ['STYLE AND FASHION', 0.000319286]]","[['LANDSCAPING', 0.22], ['HOME & GARDEN', 0.07], ['HOBBIES & INTERESTS', 0.07], ['BIRDWATCHING', 0.05]]",True,145,85,20:47:22.151722
an lawn injured an giraffe in the giraffe on my hedgehog outside Steve,"[['PETS', 0.999224], ['STYLE AND FASHION', 0.000263125], ['HEALTH AND FITNESS', 0.000180311], ['AUTOMOTIVE', 0.000126496], ['SPORTS', 7.604e-05]]","[['LANDSCAPING', 0.22], ['HOME & GARDEN', 0.07], ['HOBBIES & INTERESTS', 0.07], ['BIRDWATCHING', 0.05]]",True,146,86,20:47:25.940151
an lawn captured an giraffe in the giraffe on my hedgehog outside Steve,"[['PETS', 0.999585], ['AUTOMOTIVE', 0.000322535], ['SPORTS', 4.07814e-05], ['HOBBIES AND INTERESTS', 9.76193e-06], ['HEALTH AND FITNESS', 6.26794e-06]]","[['LANDSCAPING', 0.22], ['HOBBIES & INTERESTS', 0.07], ['HOME & GARDEN', 0.07], ['BIRDWATCHING', 0.05]]",True,147,87,20:47:29.702731
my lawn captured an giraffe in the giraffe on my hedgehog outside Steve,"[['PETS', 0.999908], ['AUTOMOTIVE', 4.52466e-05], ['SPORTS', 1.80412e-05], ['HOBBIES AND INTERESTS', 5.43727e-06], ['STYLE AND FASHION', 2.483e-06]]","[['LANDSCAPING', 0.22], ['HOBBIES & INTERESTS', 0.07], ['HOME & GARDEN', 0.07], ['BIRDWATCHING', 0.05]]",True,148,88,20:47:33.889728
my lawn captured an giraffe in the giraffe on my hedgehog outside Mark,"[['PETS', 0.999303], ['AUTOMOTIVE', 0.000316165], ['SPORTS', 0.00018445], ['STYLE AND FASHION', 4.43686e-05], ['HEALTH AND FITNESS', 2.48772e-05]]","[['LANDSCAPING', 0.22], ['HOME & GARDEN', 0.07], ['HOBBIES & INTERESTS', 0.07], ['BIRDWATCHING', 0.05]]",True,149,89,20:47:37.570957
my lawn captured an giraffe in the giraffe on a hedgehog outside Mark,"[['PETS', 0.735909], ['SCIENCE', 0.262582], ['AUTOMOTIVE', 0.00117178], ['SPORTS', 0.000196938], ['STYLE AND FASHION', 3.50652e-05]]","[['LANDSCAPING', 0.22], ['HOME & GARDEN', 0.07], ['HOBBIES & INTERESTS', 0.07], ['BIRDWATCHING', 0.05]]",True,150,90,20:47:41.272372
my lawn captured an giraffe in the giraffe on a hedgehog outside I,"[['PETS', 0.888551], ['SCIENCE', 0.111189], ['AUTOMOTIVE', 0.000146417], ['SPORTS', 7.38668e-05], ['STYLE AND FASHION', 7.83323e-06]]","[['LANDSCAPING', 0.22], ['HOME & GARDEN', 0.07], ['HOBBIES & INTERESTS', 0.07], ['BIRDWATCHING', 0.05]]",True,151,91,20:47:45.302044
my lawn captured an giraffe in the giraffe on a hedgehog outside Elise,"[['PETS', 0.926057], ['SCIENCE', 0.0735463], ['AUTOMOTIVE', 0.000256923], ['SPORTS', 9.00678e-05], ['HEALTH AND FITNESS', 1.22668e-05]]","[['LANDSCAPING', 0.22], ['HOME & GARDEN', 0.07], ['HOBBIES & INTERESTS', 0.07], ['BIRDWATCHING', 0.05]]",True,152,92,20:47:48.949535
an lawn captured an giraffe in the giraffe on a hedgehog outside Elise,"[['PETS', 0.595984], ['SCIENCE', 0.402108], ['AUTOMOTIVE', 0.0016062], ['SPORTS', 0.000185763], ['HEALTH AND FITNESS', 3.51828e-05]]","[['LANDSCAPING', 0.22], ['HOME & GARDEN', 0.07], ['HOBBIES & INTERESTS', 0.07], ['BIRDWATCHING', 0.05]]",True,153,93,20:47:52.610196
an lawn captured an giraffe by the giraffe on a hedgehog outside Elise,"[['PETS', 0.540579], ['SCIENCE', 0.457019], ['AUTOMOTIVE', 0.0020865], ['SPORTS', 0.000195823], ['HEALTH AND FITNESS', 3.32471e-05]]","[['LANDSCAPING', 0.22], ['HOME & GARDEN', 0.07], ['HOBBIES & INTERESTS', 0.07], ['BIRDWATCHING', 0.05]]",True,154,94,20:47:56.372274
an lawn captured an giraffe by the giraffe near a hedgehog outside Elise,"[['PETS', 0.540158], ['SCIENCE', 0.457277], ['SPORTS', 0.00123022], ['AUTOMOTIVE', 0.00112762], ['STYLE AND FASHION', 6.58101e-05]]","[['LANDSCAPING', 0.22], ['HOME & GARDEN', 0.07], ['HOBBIES & INTERESTS', 0.07], ['BIRDWATCHING', 0.05]]",True,155,95,20:48:00.013255
an lawn captured an giraffe by my giraffe near a hedgehog outside Elise,"[['SCIENCE', 0.948547], ['PETS', 0.0418869], ['SPORTS', 0.00660299], ['AUTOMOTIVE', 0.0018485], ['STYLE AND FASHION', 0.00050088]]","[['LANDSCAPING', 0.22], ['HOME & GARDEN', 0.07], ['HOBBIES & INTERESTS', 0.07], ['BIRDWATCHING', 0.05]]",True,156,96,20:48:03.614936
an lawn captured an giraffe by my giraffe on a hedgehog outside Elise,"[['SCIENCE', 0.955121], ['PETS', 0.0396741], ['AUTOMOTIVE', 0.00346381], ['SPORTS', 0.00103904], ['HEALTH AND FITNESS', 0.000174194]]","[['LANDSCAPING', 0.22], ['HOME & GARDEN', 0.07], ['HOBBIES & INTERESTS', 0.07], ['BIRDWATCHING', 0.05]]",True,157,97,20:48:07.403771
an fish captured an giraffe by my giraffe on a hedgehog outside Elise,"[['SCIENCE', 0.703125], ['FOOD AND DRINK', 0.165423], ['PETS', 0.121256], ['SPORTS', 0.00650685], ['AUTOMOTIVE', 0.0028422]]","[['AQUARIUMS', 0.45], ['PETS', 0.11]]",False,158,97,20:48:12.906654
an fish captured an giraffe by my giraffe in a hedgehog outside Elise,"[['SCIENCE', 0.685552], ['FOOD AND DRINK', 0.181681], ['PETS', 0.123218], ['SPORTS', 0.00644571], ['AUTOMOTIVE', 0.00230641]]","[['AQUARIUMS', 0.45], ['PETS', 0.11]]",False,159,97,20:48:18.015351
an fish captured an giraffe by my giraffe in a lawn outside Elise,"[['FOOD AND DRINK', 0.878988], ['PETS', 0.0783358], ['SPORTS', 0.0293884], ['AUTOMOTIVE', 0.0103059], ['HEALTH AND FITNESS', 0.00063377]]","[['AQUARIUMS', 0.48], ['PETS', 0.11]]",False,160,97,20:48:22.041106
an fish captured an giraffe by my giraffe in the lawn outside Elise,"[['FOOD AND DRINK', 0.879871], ['PETS', 0.0723383], ['SPORTS', 0.0331229], ['AUTOMOTIVE', 0.0102413], ['HOME AND GARDEN', 0.000785699]]","[['AQUARIUMS', 0.48], ['PETS', 0.11]]",False,161,97,20:48:27.694853
an fish captured an giraffe by my giraffe in the lawn outside I,"[['FOOD AND DRINK', 0.611876], ['PETS', 0.253217], ['SPORTS', 0.0996924], ['AUTOMOTIVE', 0.0217152], ['HOME AND GARDEN', 0.00214689]]","[['AQUARIUMS', 0.48], ['PETS', 0.12]]",False,162,97,20:48:31.535759
an binoculars captured an giraffe by my giraffe in the lawn outside I,"[['PETS', 0.41638], ['SPORTS', 0.332391], ['AUTOMOTIVE', 0.1378], ['HOBBIES AND INTERESTS', 0.0484153], ['TECHNOLOGY AND COMPUTING', 0.0117932]]","[['LANDSCAPING', 0.22], ['HOBBIES & INTERESTS', 0.07], ['HOME & GARDEN', 0.07], ['BIRDWATCHING', 0.05]]",True,163,98,20:48:35.267585
an binoculars wounded an giraffe by my giraffe in the lawn outside I,"[['SPORTS', 0.559266], ['HOBBIES AND INTERESTS', 0.179501], ['AUTOMOTIVE', 0.141909], ['PETS', 0.0841468], ['HEALTH AND FITNESS', 0.00869612]]","[['LANDSCAPING', 0.22], ['HOBBIES & INTERESTS', 0.07], ['HOME & GARDEN', 0.07], ['BIRDWATCHING', 0.05]]",True,164,99,20:48:38.848639
an binoculars captured an giraffe by my giraffe in the lawn outside I,"[['PETS', 0.41638], ['SPORTS', 0.332391], ['AUTOMOTIVE', 0.1378], ['HOBBIES AND INTERESTS', 0.0484153], ['TECHNOLOGY AND COMPUTING', 0.0117932]]","[['LANDSCAPING', 0.22], ['HOBBIES & INTERESTS', 0.07], ['HOME & GARDEN', 0.07], ['BIRDWATCHING', 0.05]]",True,164,99,20:48:42.611742
an binoculars wounded an giraffe by my giraffe in the lawn outside I,"[['SPORTS', 0.559266], ['HOBBIES AND INTERESTS', 0.179501], ['AUTOMOTIVE', 0.141909], ['PETS', 0.0841468], ['HEALTH AND FITNESS', 0.00869612]]","[['LANDSCAPING', 0.22], ['HOBBIES & INTERESTS', 0.07], ['HOME & GARDEN', 0.07], ['BIRDWATCHING', 0.05]]",True,164,99,20:48:46.706315
an binoculars wounded an giraffe by my giraffe in the lawn outside Elise,"[['HOBBIES AND INTERESTS', 0.839774], ['SPORTS', 0.103168], ['AUTOMOTIVE', 0.0371586], ['PETS', 0.0133466], ['HEALTH AND FITNESS', 0.00218854]]","[['LANDSCAPING', 0.22], ['HOBBIES & INTERESTS', 0.07], ['HOME & GARDEN', 0.06], ['BIRDWATCHING', 0.05]]",True,165,100,20:48:51.082219
an binoculars wounded an giraffe by my giraffe in the lawn outside Steve,"[['HOBBIES AND INTERESTS', 0.386688], ['AUTOMOTIVE', 0.247899], ['SPORTS', 0.23187], ['PETS', 0.11587], ['HEALTH AND FITNESS', 0.00491859]]","[['LANDSCAPING', 0.22], ['HOBBIES & INTERESTS', 0.08], ['HOME & GARDEN', 0.06], ['BIRDWATCHING', 0.05]]",True,166,101,20:48:55.298843
an binoculars injured an giraffe by my giraffe in the lawn outside Steve,"[['PETS', 0.352447], ['SPORTS', 0.15801], ['STYLE AND FASHION', 0.133232], ['HEALTH AND FITNESS', 0.093267], ['HOBBIES AND INTERESTS', 0.0769927]]","[['LANDSCAPING', 0.22], ['HOBBIES & INTERESTS', 0.07], ['HOME & GARDEN', 0.06], ['BIRDWATCHING', 0.05]]",True,167,102,20:48:59.636207
an binoculars injured an giraffe near my giraffe in the lawn outside Steve,"[['TECHNOLOGY AND COMPUTING', 0.988855], ['PETS', 0.00424493], ['SPORTS', 0.00204824], ['STYLE AND FASHION', 0.00134546], ['HOBBIES AND INTERESTS', 0.000878931]]","[['LANDSCAPING', 0.22], ['HOBBIES & INTERESTS', 0.07], ['HOME & GARDEN', 0.06], ['BIRDWATCHING', 0.05]]",True,168,103,20:49:03.286411
an binoculars injured an giraffe near a giraffe in the lawn outside Steve,"[['SPORTS', 0.418393], ['STYLE AND FASHION', 0.189946], ['HOBBIES AND INTERESTS', 0.120423], ['PETS', 0.0925394], ['AUTOMOTIVE', 0.0494229]]","[['LANDSCAPING', 0.22], ['HOBBIES & INTERESTS', 0.07], ['HOME & GARDEN', 0.06], ['BIRDWATCHING', 0.05]]",True,169,104,20:49:07.281817
an man injured an giraffe near a giraffe in the lawn outside Steve,"[['STYLE AND FASHION', 0.326528], ['SPORTS', 0.228268], ['PETS', 0.206863], ['AUTOMOTIVE', 0.0792186], ['HEALTH AND FITNESS', 0.0575268]]","[['PROFANE CONTENT', 0.21], ['LANDSCAPING', 0.19], ['HOBBIES & INTERESTS', 0.07], ['HOME & GARDEN', 0.06], ['NON-STANDARD CONTENT', 0.06]]",True,170,105,20:49:10.974511
an man viewed an giraffe near a giraffe in the lawn outside Steve,"[['PETS', 0.381154], ['SPORTS', 0.287553], ['AUTOMOTIVE', 0.145963], ['TRAVEL', 0.0617469], ['HEALTH AND FITNESS', 0.051881]]","[['PROFANE CONTENT', 0.21], ['LANDSCAPING', 0.19], ['HOBBIES & INTERESTS', 0.07], ['HOME & GARDEN', 0.06], ['NON-STANDARD CONTENT', 0.06]]",True,171,106,20:49:15.044218
a man viewed an giraffe near a giraffe in the lawn outside Steve,"[['PETS', 0.504626], ['SPORTS', 0.328707], ['TRAVEL', 0.0548823], ['AUTOMOTIVE', 0.0374571], ['STYLE AND FASHION', 0.0357821]]","[['PROFANE CONTENT', 0.21], ['LANDSCAPING', 0.19], ['HOBBIES & INTERESTS', 0.07], ['HOME & GARDEN', 0.06], ['NON-STANDARD CONTENT', 0.06]]",True,172,107,20:49:18.659967
a man viewed an giraffe near a squirrel in the lawn outside Steve,"[['PETS', 0.269775], ['SPORTS', 0.175379], ['HOBBIES AND INTERESTS', 0.168938], ['TRAVEL', 0.0133439], ['HEALTH AND FITNESS', 0.00297698]]","[['PROFANE CONTENT', 0.21], ['LANDSCAPING', 0.2], ['HOME & GARDEN', 0.07], ['HOBBIES & INTERESTS', 0.07], ['NON-STANDARD CONTENT', 0.06]]",True,173,108,20:49:22.346625
a man viewed an giraffe near a squirrel in the hedgehog outside Steve,"[['HOBBIES AND INTERESTS', 0.474142], ['PETS', 0.0755494], ['SPORTS', 0.0139417], ['ILLEGAL CONTENT', 0.000569235], ['TRAVEL', 0.000505565]]","[['PROFANE CONTENT', 0.22], ['HOBBIES & INTERESTS', 0.07], ['NON-STANDARD CONTENT', 0.06], ['BIRDWATCHING', 0.05]]",True,174,109,20:49:26.027291
a man viewed a giraffe near a squirrel in the hedgehog outside Steve,"[['HOBBIES AND INTERESTS', 0.429558], ['PETS', 0.0903577], ['SPORTS', 0.0177107], ['ILLEGAL CONTENT', 0.00081787], ['TRAVEL', 0.000800628]]","[['PROFANE CONTENT', 0.22], ['HOBBIES & INTERESTS', 0.07], ['NON-STANDARD CONTENT', 0.06], ['BIRDWATCHING', 0.05]]",True,175,110,20:49:29.705884
a man viewed a giraffe near a squirrel in the hedgehog outside Elise,"[['HOBBIES AND INTERESTS', 0.407242], ['PETS', 0.106122], ['SPORTS', 0.0340337], ['TRAVEL', 0.00346374], ['SCIENCE', 0.00258778]]","[['PROFANE CONTENT', 0.23], ['HOBBIES & INTERESTS', 0.07], ['NON-STANDARD CONTENT', 0.06], ['BIRDWATCHING', 0.05]]",True,176,111,20:49:33.409422
a man captured a giraffe near a squirrel in the hedgehog outside Elise,"[['HOBBIES AND INTERESTS', 0.661481], ['PETS', 0.13395], ['SPORTS', 0.0337427], ['SCIENCE', 0.000722758], ['TRAVEL', 0.000575044]]","[['PROFANE CONTENT', 0.22], ['HOBBIES & INTERESTS', 0.07], ['NON-STANDARD CONTENT', 0.06], ['BIRDWATCHING', 0.05]]",True,177,112,20:49:37.084436
a man captured my giraffe near a squirrel in the hedgehog outside Elise,"[['HOBBIES AND INTERESTS', 0.680625], ['PETS', 0.183673], ['SPORTS', 0.0204986], ['SCIENCE', 0.000292881], ['TRAVEL', 9.58881e-05]]","[['PROFANE CONTENT', 0.22], ['HOBBIES & INTERESTS', 0.07], ['NON-STANDARD CONTENT', 0.06], ['BIRDWATCHING', 0.05]]",True,178,113,20:49:40.737925
a man captured my giraffe near a monkey in the hedgehog outside Elise,"[['PETS', 0.835754], ['HOBBIES AND INTERESTS', 0.0609655], ['SPORTS', 0.0343732], ['SCIENCE', 0.00275044], ['STYLE AND FASHION', 0.00194785]]","[['PROFANE CONTENT', 0.21], ['GARDENING', 0.21], ['HOBBIES & INTERESTS', 0.07], ['NON-STANDARD CONTENT', 0.06], ['HOME & GARDEN', 0.05]]",True,179,114,20:49:44.464347
a man ran my giraffe near a monkey in the hedgehog outside Elise,"[['PETS', 0.458746], ['EDUCATION', 0.457208], ['HOBBIES AND INTERESTS', 0.0366616], ['SPORTS', 0.00307134], ['SCIENCE', 0.00221936]]","[['PROFANE CONTENT', 0.22], ['GARDENING', 0.21], ['HOBBIES & INTERESTS', 0.07], ['NON-STANDARD CONTENT', 0.06], ['HOME & GARDEN', 0.06]]",True,180,115,20:49:48.152246
a man ran my giraffe near a monkey in the hedgehog outside Steve,"[['PETS', 0.73594], ['EDUCATION', 0.180074], ['HOBBIES AND INTERESTS', 0.0327069], ['SPORTS', 0.00433136], ['SCIENCE', 0.000874114]]","[['PROFANE CONTENT', 0.22], ['HOBBIES & INTERESTS', 0.07], ['NON-STANDARD CONTENT', 0.06], ['BIRDWATCHING', 0.05]]",True,181,116,20:49:51.855965
a man ran my giraffe near a monkey in the hedgehog outside Mark,"[['EDUCATION', 0.708801], ['PETS', 0.200436], ['HOBBIES AND INTERESTS', 0.036365], ['SCIENCE', 0.00521624], ['STYLE AND FASHION', 0.00460491]]","[['PROFANE CONTENT', 0.23], ['GARDENING', 0.21], ['CELEBRITY FAN/GOSSIP', 0.2], ['HOBBIES & INTERESTS', 0.06], ['NON-STANDARD CONTENT', 0.06]]",True,182,117,20:49:55.557659
a man ran my giraffe on a monkey in the hedgehog outside Mark,"[['EDUCATION', 0.794661], ['PETS', 0.134078], ['HOBBIES AND INTERESTS', 0.0245003], ['SPORTS', 0.00625555], ['SCIENCE', 0.00304003]]","[['PROFANE CONTENT', 0.23], ['GARDENING', 0.21], ['CELEBRITY FAN/GOSSIP', 0.2], ['HOBBIES & INTERESTS', 0.06], ['NON-STANDARD CONTENT', 0.06]]",True,183,118,20:49:59.260254
a man injured my giraffe on a monkey in the hedgehog outside Mark,"[['PETS', 0.671913], ['STYLE AND FASHION', 0.0635591], ['HOBBIES AND INTERESTS', 0.0394961], ['SPORTS', 0.030799], ['NON STANDARD CONTENT', 0.0159794]]","[['PROFANE CONTENT', 0.22], ['GARDENING', 0.2], ['HOBBIES & INTERESTS', 0.06], ['SPORTS', 0.06], ['NON-STANDARD CONTENT', 0.06]]",True,184,119,20:50:02.928969
the man injured my giraffe on a monkey in the hedgehog outside Mark,"[['PETS', 0.323023], ['HOBBIES AND INTERESTS', 0.149689], ['SPORTS', 0.0739246], ['NON STANDARD CONTENT', 0.0435178], ['STYLE AND FASHION', 0.039814]]","[['PROFANE CONTENT', 0.22], ['GARDENING', 0.2], ['HOBBIES & INTERESTS', 0.06], ['SPORTS', 0.06], ['NON-STANDARD CONTENT', 0.06]]",True,185,120,20:50:06.897851
the man injured my giraffe outside a monkey in the hedgehog outside Mark,"[['PETS', 0.302583], ['HOBBIES AND INTERESTS', 0.14364], ['NON STANDARD CONTENT', 0.049661], ['SPORTS', 0.0485795], ['STYLE AND FASHION', 0.0416806]]","[['PROFANE CONTENT', 0.22], ['GARDENING', 0.2], ['HOBBIES & INTERESTS', 0.06], ['SPORTS', 0.06], ['NON-STANDARD CONTENT', 0.06]]",True,186,121,20:50:10.570860
the man injured my giraffe in a monkey in the hedgehog outside Mark,"[['PETS', 0.324648], ['HOBBIES AND INTERESTS', 0.150126], ['SPORTS', 0.0630903], ['NON STANDARD CONTENT', 0.0444074], ['STYLE AND FASHION', 0.0411555]]","[['PROFANE CONTENT', 0.22], ['GARDENING', 0.2], ['HOBBIES & INTERESTS', 0.06], ['SPORTS', 0.06], ['NON-STANDARD CONTENT', 0.06]]",True,187,122,20:50:14.271411
the man went my giraffe in a monkey in the hedgehog outside Mark,"[['PETS', 0.633923], ['HOBBIES AND INTERESTS', 0.146334], ['SPORTS', 0.0377729], ['SCIENCE', 0.0203339], ['AUTOMOTIVE', 0.00761062]]","[['PROFANE CONTENT', 0.23], ['GARDENING', 0.21], ['CELEBRITY FAN/GOSSIP', 0.2], ['HOBBIES & INTERESTS', 0.06], ['NON-STANDARD CONTENT', 0.06]]",True,188,123,20:50:18.294177
the man went my giraffe in a monkey in a hedgehog outside Mark,"[['SCIENCE', 0.977271], ['PETS', 0.019938], ['HOBBIES AND INTERESTS', 0.000628679], ['AUTOMOTIVE', 0.000198801], ['SPORTS', 0.000192661]]","[['PROFANE CONTENT', 0.23], ['GARDENING', 0.21], ['CELEBRITY FAN/GOSSIP', 0.2], ['HOBBIES & INTERESTS', 0.06], ['NON-STANDARD CONTENT', 0.06]]",True,189,124,20:50:21.943856
the man went my giraffe in a monkey in a hedgehog outside Steve,"[['SCIENCE', 0.722276], ['PETS', 0.269663], ['HOBBIES AND INTERESTS', 0.00208285], ['SPORTS', 0.000751291], ['HEALTH AND FITNESS', 0.000511332]]","[['PROFANE CONTENT', 0.22], ['HOBBIES & INTERESTS', 0.07], ['NON-STANDARD CONTENT', 0.06], ['BIRDWATCHING', 0.05]]",True,190,125,20:50:25.608755
an man went my giraffe in a monkey in a hedgehog outside Steve,"[['SCIENCE', 0.77699], ['PETS', 0.220264], ['SPORTS', 0.00063241], ['HOBBIES AND INTERESTS', 0.000408166], ['STYLE AND FASHION', 0.000134151]]","[['PROFANE CONTENT', 0.22], ['HOBBIES & INTERESTS', 0.07], ['NON-STANDARD CONTENT', 0.06], ['BIRDWATCHING', 0.05]]",True,191,126,20:50:29.315089
an man went my giraffe outside a monkey in a hedgehog outside Steve,"[['SCIENCE', 0.726962], ['PETS', 0.267604], ['SPORTS', 0.00162554], ['HOBBIES AND INTERESTS', 0.000765812], ['STYLE AND FASHION', 0.000232052]]","[['PROFANE CONTENT', 0.22], ['HOBBIES & INTERESTS', 0.07], ['NON-STANDARD CONTENT', 0.06], ['BIRDWATCHING', 0.05]]",True,192,127,20:50:33.294497
an man went my giraffe outside a monkey in a hedgehog on Steve,"[['SCIENCE', 0.770995], ['PETS', 0.206365], ['SPORTS', 0.0202629], ['HOBBIES AND INTERESTS', 0.00037201], ['STYLE AND FASHION', 0.000115124]]","[['PROFANE CONTENT', 0.22], ['HOBBIES & INTERESTS', 0.07], ['NON-STANDARD CONTENT', 0.06], ['BIRDWATCHING', 0.05]]",True,193,128,20:50:36.912060
an man went my giraffe outside a monkey in a hedgehog on I,"[['SCIENCE', 0.965476], ['PETS', 0.0340678], ['HOBBIES AND INTERESTS', 0.000122006], ['SPORTS', 6.63152e-05], ['STYLE AND FASHION', 2.80621e-05]]","[['PROFANE CONTENT', 0.22], ['GARDENING', 0.21], ['HOBBIES & INTERESTS', 0.07], ['NON-STANDARD CONTENT', 0.07], ['HOME & GARDEN', 0.06]]",True,194,129,20:50:40.724144
