Mary ate the cat by a man,"[['PETS', 0.05986136], ['HEALTH AND FITNESS', 0.05190477], ['SCIENCE', 0.05101028], ['ARTS AND ENTERTAINMENT', 0.05077463], ['EDUCATION', 0.05039108]]","[['PETS', 1.0], ['SCIENCE', 1.24544e-14], ['SPORTS', 1.18114e-14], ['ARTS AND ENTERTAINMENT', 7.97719e-15], ['HOBBIES AND INTERESTS', 5.37013e-15]]",False,1,0,14:50:21.004683
Mary ate the man by a man,"[['HEALTH AND FITNESS', 0.05248823], ['ARTS AND ENTERTAINMENT', 0.0515899], ['EDUCATION', 0.05102925], ['SCIENCE', 0.05057792], ['SOCIETY', 0.04843791]]","[['SOCIETY', 0.33261], ['RELIGION AND SPIRITUALITY', 0.242927], ['PETS', 0.0572829], ['SPORTS', 0.047259], ['HOBBIES AND INTERESTS', 0.013696]]",True,2,1,14:50:26.739510
Mary ate a man by a man,"[['HEALTH AND FITNESS', 0.05248823], ['ARTS AND ENTERTAINMENT', 0.0515899], ['EDUCATION', 0.05102925], ['SCIENCE', 0.05057792], ['SOCIETY', 0.04843791]]","[['RELIGION AND SPIRITUALITY', 0.454559], ['SOCIETY', 0.444492], ['BUSINESS', 0.0353146], ['FOOD AND DRINK', 0.0111293], ['HOBBIES AND INTERESTS', 0.0022289]]",True,3,2,14:50:32.280179
Mary ate a man by a cat,"[['PETS', 0.05986136], ['HEALTH AND FITNESS', 0.05190477], ['SCIENCE', 0.05101028], ['ARTS AND ENTERTAINMENT', 0.05077463], ['EDUCATION', 0.05039108]]","[['PETS', 1.0], ['RELIGION AND SPIRITUALITY', 3.70556e-11], ['SOCIETY', 1.91125e-11], ['BUSINESS', 1.23688e-11], ['HOBBIES AND INTERESTS', 8.69837e-12]]",True,4,3,14:50:37.697022
Mary ate a man in a cat,"[['PETS', 0.05986136], ['HEALTH AND FITNESS', 0.05190477], ['SCIENCE', 0.05101028], ['ARTS AND ENTERTAINMENT', 0.05077463], ['EDUCATION', 0.05039108]]","[['PETS', 1.0], ['SOCIETY', 2.07918e-11], ['HOBBIES AND INTERESTS', 8.04103e-12], ['FOOD AND DRINK', 4.64401e-12], ['HEALTH AND FITNESS', 2.94845e-12]]",True,5,4,14:50:43.245823
Mary saw a man in a cat,"[['PETS', 0.05851228], ['HEALTH AND FITNESS', 0.05324059], ['HOBBIES AND INTERESTS', 0.0527173], ['SCIENCE', 0.05168876], ['ARTS AND ENTERTAINMENT', 0.05122281]]","[['PETS', 1.0], ['HOBBIES AND INTERESTS', 2.46751e-09], ['SOCIETY', 8.31112e-11], ['HEALTH AND FITNESS', 4.72752e-11], ['TRAVEL', 4.3556e-11]]",False,6,4,14:50:48.694457
Mary saw a man in a cat,"[['PETS', 0.05851228], ['HEALTH AND FITNESS', 0.05324059], ['HOBBIES AND INTERESTS', 0.0527173], ['SCIENCE', 0.05168876], ['ARTS AND ENTERTAINMENT', 0.05122281]]","[['PETS', 1.0], ['HOBBIES AND INTERESTS', 2.46751e-09], ['SOCIETY', 8.31112e-11], ['HEALTH AND FITNESS', 4.72752e-11], ['TRAVEL', 4.3556e-11]]",False,6,4,14:50:54.285454
John ate a man in a cat,"[['PETS', 0.05958643], ['EDUCATION', 0.05277803], ['ARTS AND ENTERTAINMENT', 0.05240598], ['HEALTH AND FITNESS', 0.05030652], ['LAW GOVERNMENT AND POLITICS', 0.05021804]]","[['PETS', 1.0], ['SOCIETY', 9.17316e-12], ['HOBBIES AND INTERESTS', 6.34865e-12], ['FOOD AND DRINK', 4.92264e-12], ['RELIGION AND SPIRITUALITY', 3.86475e-12]]",True,7,5,14:50:59.610098
John ate a man by a cat,"[['PETS', 0.05958643], ['EDUCATION', 0.05277803], ['ARTS AND ENTERTAINMENT', 0.05240598], ['HEALTH AND FITNESS', 0.05030652], ['LAW GOVERNMENT AND POLITICS', 0.05021804]]","[['PETS', 1.0], ['RELIGION AND SPIRITUALITY', 5.11251e-11], ['BUSINESS', 1.0815e-11], ['SOCIETY', 8.43226e-12], ['HOBBIES AND INTERESTS', 6.86764e-12]]",True,8,6,14:51:05.140019
John ate a man by a man,"[['EDUCATION', 0.05342186], ['ARTS AND ENTERTAINMENT', 0.05322297], ['LAW GOVERNMENT AND POLITICS', 0.05098416], ['HEALTH AND FITNESS', 0.05084863], ['SPORTS', 0.05041745]]","[['RELIGION AND SPIRITUALITY', 0.645423], ['SOCIETY', 0.232873], ['BUSINESS', 0.0336506], ['FOOD AND DRINK', 0.0125492], ['NON STANDARD CONTENT', 0.00602212]]",True,9,7,14:51:10.567359
John ate a man in a man,"[['EDUCATION', 0.05342186], ['ARTS AND ENTERTAINMENT', 0.05322297], ['LAW GOVERNMENT AND POLITICS', 0.05098416], ['HEALTH AND FITNESS', 0.05084863], ['SPORTS', 0.05041745]]","[['SOCIETY', 0.663848], ['RELIGION AND SPIRITUALITY', 0.17868], ['FOOD AND DRINK', 0.0420481], ['TRAVEL', 0.00821823], ['PETS', 0.00529426]]",True,10,8,14:51:16.073600
Mary ate a man in a man,"[['HEALTH AND FITNESS', 0.05248823], ['ARTS AND ENTERTAINMENT', 0.0515899], ['EDUCATION', 0.05102925], ['SCIENCE', 0.05057792], ['SOCIETY', 0.04843791]]","[['SOCIETY', 0.836202], ['RELIGION AND SPIRITUALITY', 0.083046], ['FOOD AND DRINK', 0.0246091], ['TRAVEL', 0.00352299], ['PETS', 0.00326049]]",True,11,9,14:51:21.631558
Mary saw a man in a man,"[['HEALTH AND FITNESS', 0.05383031], ['ARTS AND ENTERTAINMENT', 0.05203681], ['HOBBIES AND INTERESTS', 0.05161851], ['SCIENCE', 0.05124232], ['EDUCATION', 0.05107092]]","[['TRAVEL', 0.236774], ['SCIENCE', 0.108931], ['SOCIETY', 0.0930348], ['SPORTS', 0.0807707], ['NON STANDARD CONTENT', 0.0703071]]",True,12,10,14:51:27.155312
Mary saw the man in a man,"[['HEALTH AND FITNESS', 0.05383031], ['ARTS AND ENTERTAINMENT', 0.05203681], ['HOBBIES AND INTERESTS', 0.05161851], ['SCIENCE', 0.05124232], ['EDUCATION', 0.05107092]]","[['SPORTS', 0.423204], ['TRAVEL', 0.184045], ['SCIENCE', 0.0600047], ['SOCIETY', 0.0505675], ['HOBBIES AND INTERESTS', 0.027768]]",True,13,11,14:51:32.685766
Mary saw a man in a man,"[['HEALTH AND FITNESS', 0.05383031], ['ARTS AND ENTERTAINMENT', 0.05203681], ['HOBBIES AND INTERESTS', 0.05161851], ['SCIENCE', 0.05124232], ['EDUCATION', 0.05107092]]","[['TRAVEL', 0.236774], ['SCIENCE', 0.108931], ['SOCIETY', 0.0930348], ['SPORTS', 0.0807707], ['NON STANDARD CONTENT', 0.0703071]]",True,13,11,14:51:38.634836
Mary saw a cat in a man,"[['PETS', 0.05851228], ['HEALTH AND FITNESS', 0.05324059], ['HOBBIES AND INTERESTS', 0.0527173], ['SCIENCE', 0.05168876], ['ARTS AND ENTERTAINMENT', 0.05122281]]","[['PETS', 1.0], ['HOBBIES AND INTERESTS', 2.33517e-14], ['SPORTS', 2.43224e-15], ['NON STANDARD CONTENT', 3.43118e-16], ['SOCIETY', 3.01197e-16]]",True,14,12,14:51:44.255718
John saw a cat in a man,"[['PETS', 0.05824032], ['ARTS AND ENTERTAINMENT', 0.05286563], ['EDUCATION', 0.0528268], ['HOBBIES AND INTERESTS', 0.05170589], ['HEALTH AND FITNESS', 0.05159835]]","[['PETS', 1.0], ['HOBBIES AND INTERESTS', 2.81291e-14], ['SPORTS', 1.54049e-14], ['NON STANDARD CONTENT', 5.28065e-16], ['SOCIETY', 2.27631e-16]]",True,15,13,14:51:49.786430
John saw a man in a man,"[['ARTS AND ENTERTAINMENT', 0.05368104], ['EDUCATION', 0.05346252], ['HEALTH AND FITNESS', 0.05214589], ['LAW GOVERNMENT AND POLITICS', 0.05134873], ['HOBBIES AND INTERESTS', 0.0506049]]","[['TRAVEL', 0.286653], ['SCIENCE', 0.087138], ['SPORTS', 0.0800721], ['NON STANDARD CONTENT', 0.071764], ['SOCIETY', 0.0613723]]",True,16,14,14:51:55.316075
John ate a man in a man,"[['EDUCATION', 0.05342186], ['ARTS AND ENTERTAINMENT', 0.05322297], ['LAW GOVERNMENT AND POLITICS', 0.05098416], ['HEALTH AND FITNESS', 0.05084863], ['SPORTS', 0.05041745]]","[['SOCIETY', 0.663848], ['RELIGION AND SPIRITUALITY', 0.17868], ['FOOD AND DRINK', 0.0420481], ['TRAVEL', 0.00821823], ['PETS', 0.00529426]]",True,16,14,14:52:00.948503
John ate a man by a man,"[['EDUCATION', 0.05342186], ['ARTS AND ENTERTAINMENT', 0.05322297], ['LAW GOVERNMENT AND POLITICS', 0.05098416], ['HEALTH AND FITNESS', 0.05084863], ['SPORTS', 0.05041745]]","[['RELIGION AND SPIRITUALITY', 0.645423], ['SOCIETY', 0.232873], ['BUSINESS', 0.0336506], ['FOOD AND DRINK', 0.0125492], ['NON STANDARD CONTENT', 0.00602212]]",True,16,14,14:52:06.374668
John saw a man by a man,"[['ARTS AND ENTERTAINMENT', 0.05368104], ['EDUCATION', 0.05346252], ['HEALTH AND FITNESS', 0.05214589], ['LAW GOVERNMENT AND POLITICS', 0.05134873], ['HOBBIES AND INTERESTS', 0.0506049]]","[['RELIGION AND SPIRITUALITY', 0.326986], ['TRAVEL', 0.104232], ['SCIENCE', 0.0344282], ['SOCIETY', 0.0336156], ['NON STANDARD CONTENT', 0.0312804]]",True,17,15,14:52:12.111808
John saw a man by the man,"[['ARTS AND ENTERTAINMENT', 0.05368104], ['EDUCATION', 0.05346252], ['HEALTH AND FITNESS', 0.05214589], ['LAW GOVERNMENT AND POLITICS', 0.05134873], ['HOBBIES AND INTERESTS', 0.0506049]]","[['SPORTS', 0.279637], ['RELIGION AND SPIRITUALITY', 0.221345], ['TRAVEL', 0.134504], ['SCIENCE', 0.042688], ['HEALTH AND FITNESS', 0.0236388]]",True,18,16,14:52:17.639425
John saw the man by the man,"[['ARTS AND ENTERTAINMENT', 0.05368104], ['EDUCATION', 0.05346252], ['HEALTH AND FITNESS', 0.05214589], ['LAW GOVERNMENT AND POLITICS', 0.05134873], ['HOBBIES AND INTERESTS', 0.0506049]]","[['SPORTS', 0.605924], ['TRAVEL', 0.0550619], ['RELIGION AND SPIRITUALITY', 0.0539041], ['SOCIETY', 0.0535146], ['HOBBIES AND INTERESTS', 0.0214012]]",True,19,17,14:52:22.965053
John saw the man in the man,"[['ARTS AND ENTERTAINMENT', 0.05368104], ['EDUCATION', 0.05346252], ['HEALTH AND FITNESS', 0.05214589], ['LAW GOVERNMENT AND POLITICS', 0.05134873], ['HOBBIES AND INTERESTS', 0.0506049]]","[['SPORTS', 0.795652], ['TRAVEL', 0.0576236], ['SCIENCE', 0.0175466], ['HOBBIES AND INTERESTS', 0.0140213], ['RELIGION AND SPIRITUALITY', 0.00967669]]",True,20,18,14:52:28.392316
John saw the man by the man,"[['ARTS AND ENTERTAINMENT', 0.05368104], ['EDUCATION', 0.05346252], ['HEALTH AND FITNESS', 0.05214589], ['LAW GOVERNMENT AND POLITICS', 0.05134873], ['HOBBIES AND INTERESTS', 0.0506049]]","[['SPORTS', 0.605924], ['TRAVEL', 0.0550619], ['RELIGION AND SPIRITUALITY', 0.0539041], ['SOCIETY', 0.0535146], ['HOBBIES AND INTERESTS', 0.0214012]]",True,20,18,14:52:34.127305
Mary saw the man by the man,"[['HEALTH AND FITNESS', 0.05383031], ['ARTS AND ENTERTAINMENT', 0.05203681], ['HOBBIES AND INTERESTS', 0.05161851], ['SCIENCE', 0.05124232], ['EDUCATION', 0.05107092]]","[['SPORTS', 0.612559], ['SOCIETY', 0.0807121], ['RELIGION AND SPIRITUALITY', 0.0485424], ['TRAVEL', 0.0458384], ['HOBBIES AND INTERESTS', 0.0309705]]",True,21,19,14:52:41.975742
Mary saw the man by the cat,"[['PETS', 0.05851228], ['HEALTH AND FITNESS', 0.05324059], ['HOBBIES AND INTERESTS', 0.0527173], ['SCIENCE', 0.05168876], ['ARTS AND ENTERTAINMENT', 0.05122281]]","[['PETS', 1.0], ['HOBBIES AND INTERESTS', 2.07182e-07], ['SPORTS', 1.57158e-08], ['ARTS AND ENTERTAINMENT', 1.29602e-08], ['HEALTH AND FITNESS', 4.68361e-09]]",False,22,19,14:52:47.582227
Mary saw the man in the man,"[['HEALTH AND FITNESS', 0.05383031], ['ARTS AND ENTERTAINMENT', 0.05203681], ['HOBBIES AND INTERESTS', 0.05161851], ['SCIENCE', 0.05124232], ['EDUCATION', 0.05107092]]","[['SPORTS', 0.801161], ['TRAVEL', 0.0477801], ['SCIENCE', 0.0217639], ['HOBBIES AND INTERESTS', 0.0202099], ['SOCIETY', 0.0118004]]",True,23,20,14:52:52.967492
John saw the man in the man,"[['ARTS AND ENTERTAINMENT', 0.05368104], ['EDUCATION', 0.05346252], ['HEALTH AND FITNESS', 0.05214589], ['LAW GOVERNMENT AND POLITICS', 0.05134873], ['HOBBIES AND INTERESTS', 0.0506049]]","[['SPORTS', 0.795652], ['TRAVEL', 0.0576236], ['SCIENCE', 0.0175466], ['HOBBIES AND INTERESTS', 0.0140213], ['RELIGION AND SPIRITUALITY', 0.00967669]]",True,23,20,14:52:58.404468
John saw the man in a man,"[['ARTS AND ENTERTAINMENT', 0.05368104], ['EDUCATION', 0.05346252], ['HEALTH AND FITNESS', 0.05214589], ['LAW GOVERNMENT AND POLITICS', 0.05134873], ['HOBBIES AND INTERESTS', 0.0506049]]","[['SPORTS', 0.411602], ['TRAVEL', 0.224961], ['SCIENCE', 0.0456634], ['RELIGION AND SPIRITUALITY', 0.0319255], ['SOCIETY', 0.0308677]]",True,24,21,14:53:03.620431
John saw the man by a man,"[['ARTS AND ENTERTAINMENT', 0.05368104], ['EDUCATION', 0.05346252], ['HEALTH AND FITNESS', 0.05214589], ['LAW GOVERNMENT AND POLITICS', 0.05134873], ['HOBBIES AND INTERESTS', 0.0506049]]","[['RELIGION AND SPIRITUALITY', 0.259129], ['SPORTS', 0.192466], ['TRAVEL', 0.120524], ['SOCIETY', 0.0403284], ['SCIENCE', 0.0269014]]",True,25,22,14:53:09.044672
John saw the man by a cat,"[['PETS', 0.05824032], ['ARTS AND ENTERTAINMENT', 0.05286563], ['EDUCATION', 0.0528268], ['HOBBIES AND INTERESTS', 0.05170589], ['HEALTH AND FITNESS', 0.05159835]]","[['PETS', 1.0], ['HOBBIES AND INTERESTS', 4.08497e-08], ['HEALTH AND FITNESS', 5.9752e-10], ['ARTS AND ENTERTAINMENT', 4.99034e-10], ['SPORTS', 3.64504e-10]]",False,26,22,14:53:14.204016
John saw the man in a man,"[['ARTS AND ENTERTAINMENT', 0.05368104], ['EDUCATION', 0.05346252], ['HEALTH AND FITNESS', 0.05214589], ['LAW GOVERNMENT AND POLITICS', 0.05134873], ['HOBBIES AND INTERESTS', 0.0506049]]","[['SPORTS', 0.411602], ['TRAVEL', 0.224961], ['SCIENCE', 0.0456634], ['RELIGION AND SPIRITUALITY', 0.0319255], ['SOCIETY', 0.0308677]]",True,26,22,14:53:19.432071
John saw the man by a man,"[['ARTS AND ENTERTAINMENT', 0.05368104], ['EDUCATION', 0.05346252], ['HEALTH AND FITNESS', 0.05214589], ['LAW GOVERNMENT AND POLITICS', 0.05134873], ['HOBBIES AND INTERESTS', 0.0506049]]","[['RELIGION AND SPIRITUALITY', 0.259129], ['SPORTS', 0.192466], ['TRAVEL', 0.120524], ['SOCIETY', 0.0403284], ['SCIENCE', 0.0269014]]",True,26,22,14:53:25.428566
John saw the man in a man,"[['ARTS AND ENTERTAINMENT', 0.05368104], ['EDUCATION', 0.05346252], ['HEALTH AND FITNESS', 0.05214589], ['LAW GOVERNMENT AND POLITICS', 0.05134873], ['HOBBIES AND INTERESTS', 0.0506049]]","[['SPORTS', 0.411602], ['TRAVEL', 0.224961], ['SCIENCE', 0.0456634], ['RELIGION AND SPIRITUALITY', 0.0319255], ['SOCIETY', 0.0308677]]",True,26,22,14:53:31.030001
John ate the man in a man,"[['EDUCATION', 0.05342186], ['ARTS AND ENTERTAINMENT', 0.05322297], ['LAW GOVERNMENT AND POLITICS', 0.05098416], ['HEALTH AND FITNESS', 0.05084863], ['SPORTS', 0.05041745]]","[['SOCIETY', 0.318341], ['SPORTS', 0.243828], ['RELIGION AND SPIRITUALITY', 0.0587457], ['TRAVEL', 0.0355488], ['SCIENCE', 0.0289688]]",True,27,23,14:53:38.360725
John ate the man in a cat,"[['PETS', 0.05958643], ['EDUCATION', 0.05277803], ['ARTS AND ENTERTAINMENT', 0.05240598], ['HEALTH AND FITNESS', 0.05030652], ['LAW GOVERNMENT AND POLITICS', 0.05021804]]","[['PETS', 1.0], ['HOBBIES AND INTERESTS', 1.38281e-10], ['SPORTS', 2.84043e-11], ['HEALTH AND FITNESS', 2.59286e-11], ['SCIENCE', 2.23538e-11]]",True,28,24,14:53:43.564810
John saw the man in a cat,"[['PETS', 0.05824032], ['ARTS AND ENTERTAINMENT', 0.05286563], ['EDUCATION', 0.0528268], ['HOBBIES AND INTERESTS', 0.05170589], ['HEALTH AND FITNESS', 0.05159835]]","[['PETS', 1.0], ['HOBBIES AND INTERESTS', 3.7505e-08], ['HEALTH AND FITNESS', 1.0586e-09], ['SPORTS', 5.29707e-10], ['TRAVEL', 2.50308e-10]]",False,29,24,14:53:48.841487
John ate the man by a cat,"[['PETS', 0.05958643], ['EDUCATION', 0.05277803], ['ARTS AND ENTERTAINMENT', 0.05240598], ['HEALTH AND FITNESS', 0.05030652], ['LAW GOVERNMENT AND POLITICS', 0.05021804]]","[['PETS', 1.0], ['SPORTS', 1.73941e-10], ['HOBBIES AND INTERESTS', 1.50613e-10], ['SCIENCE', 2.06916e-11], ['RELIGION AND SPIRITUALITY', 1.70369e-11]]",True,30,25,14:53:54.613586
John ate the man by a man,"[['EDUCATION', 0.05342186], ['ARTS AND ENTERTAINMENT', 0.05322297], ['LAW GOVERNMENT AND POLITICS', 0.05098416], ['HEALTH AND FITNESS', 0.05084863], ['SPORTS', 0.05041745]]","[['RELIGION AND SPIRITUALITY', 0.338215], ['SOCIETY', 0.148081], ['SPORTS', 0.0781335], ['NON STANDARD CONTENT', 0.0530446], ['PETS', 0.0333293]]",True,31,26,14:54:00.246560
Mary ate the man by a man,"[['HEALTH AND FITNESS', 0.05248823], ['ARTS AND ENTERTAINMENT', 0.0515899], ['EDUCATION', 0.05102925], ['SCIENCE', 0.05057792], ['SOCIETY', 0.04843791]]","[['SOCIETY', 0.33261], ['RELIGION AND SPIRITUALITY', 0.242927], ['PETS', 0.0572829], ['SPORTS', 0.047259], ['HOBBIES AND INTERESTS', 0.013696]]",True,31,26,14:54:05.364560
John ate the man by a man,"[['EDUCATION', 0.05342186], ['ARTS AND ENTERTAINMENT', 0.05322297], ['LAW GOVERNMENT AND POLITICS', 0.05098416], ['HEALTH AND FITNESS', 0.05084863], ['SPORTS', 0.05041745]]","[['RELIGION AND SPIRITUALITY', 0.338215], ['SOCIETY', 0.148081], ['SPORTS', 0.0781335], ['NON STANDARD CONTENT', 0.0530446], ['PETS', 0.0333293]]",True,31,26,14:54:10.894587
Mary ate the man by a man,"[['HEALTH AND FITNESS', 0.05248823], ['ARTS AND ENTERTAINMENT', 0.0515899], ['EDUCATION', 0.05102925], ['SCIENCE', 0.05057792], ['SOCIETY', 0.04843791]]","[['SOCIETY', 0.33261], ['RELIGION AND SPIRITUALITY', 0.242927], ['PETS', 0.0572829], ['SPORTS', 0.047259], ['HOBBIES AND INTERESTS', 0.013696]]",True,31,26,14:54:16.218459
Mary ate the cat by a man,"[['PETS', 0.05986136], ['HEALTH AND FITNESS', 0.05190477], ['SCIENCE', 0.05101028], ['ARTS AND ENTERTAINMENT', 0.05077463], ['EDUCATION', 0.05039108]]","[['PETS', 1.0], ['SCIENCE', 1.24544e-14], ['SPORTS', 1.18114e-14], ['ARTS AND ENTERTAINMENT', 7.97719e-15], ['HOBBIES AND INTERESTS', 5.37013e-15]]",False,31,26,14:54:21.850417
Mary saw the man by a man,"[['HEALTH AND FITNESS', 0.05383031], ['ARTS AND ENTERTAINMENT', 0.05203681], ['HOBBIES AND INTERESTS', 0.05161851], ['SCIENCE', 0.05124232], ['EDUCATION', 0.05107092]]","[['RELIGION AND SPIRITUALITY', 0.240134], ['SPORTS', 0.20436], ['TRAVEL', 0.101826], ['SOCIETY', 0.0685629], ['SCIENCE', 0.0365058]]",True,32,27,14:54:27.483586
Mary saw the man in a man,"[['HEALTH AND FITNESS', 0.05383031], ['ARTS AND ENTERTAINMENT', 0.05203681], ['HOBBIES AND INTERESTS', 0.05161851], ['SCIENCE', 0.05124232], ['EDUCATION', 0.05107092]]","[['SPORTS', 0.423204], ['TRAVEL', 0.184045], ['SCIENCE', 0.0600047], ['SOCIETY', 0.0505675], ['HOBBIES AND INTERESTS', 0.027768]]",True,32,27,14:54:32.820229
Mary saw the man by a man,"[['HEALTH AND FITNESS', 0.05383031], ['ARTS AND ENTERTAINMENT', 0.05203681], ['HOBBIES AND INTERESTS', 0.05161851], ['SCIENCE', 0.05124232], ['EDUCATION', 0.05107092]]","[['RELIGION AND SPIRITUALITY', 0.240134], ['SPORTS', 0.20436], ['TRAVEL', 0.101826], ['SOCIETY', 0.0685629], ['SCIENCE', 0.0365058]]",True,32,27,14:54:38.542794
Mary saw the man by a cat,"[['PETS', 0.05851228], ['HEALTH AND FITNESS', 0.05324059], ['HOBBIES AND INTERESTS', 0.0527173], ['SCIENCE', 0.05168876], ['ARTS AND ENTERTAINMENT', 0.05122281]]","[['PETS', 1.0], ['HOBBIES AND INTERESTS', 5.28153e-08], ['HEALTH AND FITNESS', 4.70702e-10], ['ARTS AND ENTERTAINMENT', 4.50015e-10], ['SPORTS', 1.88464e-10]]",False,33,27,14:54:44.075944
John saw the man by a man,"[['ARTS AND ENTERTAINMENT', 0.05368104], ['EDUCATION', 0.05346252], ['HEALTH AND FITNESS', 0.05214589], ['LAW GOVERNMENT AND POLITICS', 0.05134873], ['HOBBIES AND INTERESTS', 0.0506049]]","[['RELIGION AND SPIRITUALITY', 0.259129], ['SPORTS', 0.192466], ['TRAVEL', 0.120524], ['SOCIETY', 0.0403284], ['SCIENCE', 0.0269014]]",True,33,27,14:54:49.715431
John saw the man by the man,"[['ARTS AND ENTERTAINMENT', 0.05368104], ['EDUCATION', 0.05346252], ['HEALTH AND FITNESS', 0.05214589], ['LAW GOVERNMENT AND POLITICS', 0.05134873], ['HOBBIES AND INTERESTS', 0.0506049]]","[['SPORTS', 0.605924], ['TRAVEL', 0.0550619], ['RELIGION AND SPIRITUALITY', 0.0539041], ['SOCIETY', 0.0535146], ['HOBBIES AND INTERESTS', 0.0214012]]",True,33,27,14:54:55.234649
John ate the man by the man,"[['EDUCATION', 0.05342186], ['ARTS AND ENTERTAINMENT', 0.05322297], ['LAW GOVERNMENT AND POLITICS', 0.05098416], ['HEALTH AND FITNESS', 0.05084863], ['SPORTS', 0.05041745]]","[['SPORTS', 0.360805], ['SOCIETY', 0.138371], ['RELIGION AND SPIRITUALITY', 0.112503], ['NON STANDARD CONTENT', 0.0522746], ['TRAVEL', 0.0106658]]",True,34,28,14:55:00.661500
John ate the man by the cat,"[['PETS', 0.05958643], ['EDUCATION', 0.05277803], ['ARTS AND ENTERTAINMENT', 0.05240598], ['HEALTH AND FITNESS', 0.05030652], ['LAW GOVERNMENT AND POLITICS', 0.05021804]]","[['PETS', 1.0], ['HOBBIES AND INTERESTS', 3.04816e-09], ['SPORTS', 2.5465e-09], ['ARTS AND ENTERTAINMENT', 1.01458e-09], ['HEALTH AND FITNESS', 9.2966e-10]]",False,35,28,14:55:06.190146
John ate the man in the man,"[['EDUCATION', 0.05342186], ['ARTS AND ENTERTAINMENT', 0.05322297], ['LAW GOVERNMENT AND POLITICS', 0.05098416], ['HEALTH AND FITNESS', 0.05084863], ['SPORTS', 0.05041745]]","[['SPORTS', 0.701194], ['SOCIETY', 0.0789467], ['RELIGION AND SPIRITUALITY', 0.0223439], ['NON STANDARD CONTENT', 0.0177394], ['TRAVEL', 0.0165198]]",True,36,29,14:55:11.720904
John ate the man in a man,"[['EDUCATION', 0.05342186], ['ARTS AND ENTERTAINMENT', 0.05322297], ['LAW GOVERNMENT AND POLITICS', 0.05098416], ['HEALTH AND FITNESS', 0.05084863], ['SPORTS', 0.05041745]]","[['SOCIETY', 0.318341], ['SPORTS', 0.243828], ['RELIGION AND SPIRITUALITY', 0.0587457], ['TRAVEL', 0.0355488], ['SCIENCE', 0.0289688]]",True,36,29,14:55:18.123895
John ate the man in the man,"[['EDUCATION', 0.05342186], ['ARTS AND ENTERTAINMENT', 0.05322297], ['LAW GOVERNMENT AND POLITICS', 0.05098416], ['HEALTH AND FITNESS', 0.05084863], ['SPORTS', 0.05041745]]","[['SPORTS', 0.701194], ['SOCIETY', 0.0789467], ['RELIGION AND SPIRITUALITY', 0.0223439], ['NON STANDARD CONTENT', 0.0177394], ['TRAVEL', 0.0165198]]",True,36,29,14:55:24.212647
John saw the man in the man,"[['ARTS AND ENTERTAINMENT', 0.05368104], ['EDUCATION', 0.05346252], ['HEALTH AND FITNESS', 0.05214589], ['LAW GOVERNMENT AND POLITICS', 0.05134873], ['HOBBIES AND INTERESTS', 0.0506049]]","[['SPORTS', 0.795652], ['TRAVEL', 0.0576236], ['SCIENCE', 0.0175466], ['HOBBIES AND INTERESTS', 0.0140213], ['RELIGION AND SPIRITUALITY', 0.00967669]]",True,36,29,14:55:30.049189
Mary saw the man in the man,"[['HEALTH AND FITNESS', 0.05383031], ['ARTS AND ENTERTAINMENT', 0.05203681], ['HOBBIES AND INTERESTS', 0.05161851], ['SCIENCE', 0.05124232], ['EDUCATION', 0.05107092]]","[['SPORTS', 0.801161], ['TRAVEL', 0.0477801], ['SCIENCE', 0.0217639], ['HOBBIES AND INTERESTS', 0.0202099], ['SOCIETY', 0.0118004]]",True,36,29,14:55:35.682424
Mary saw the man by the man,"[['HEALTH AND FITNESS', 0.05383031], ['ARTS AND ENTERTAINMENT', 0.05203681], ['HOBBIES AND INTERESTS', 0.05161851], ['SCIENCE', 0.05124232], ['EDUCATION', 0.05107092]]","[['SPORTS', 0.612559], ['SOCIETY', 0.0807121], ['RELIGION AND SPIRITUALITY', 0.0485424], ['TRAVEL', 0.0458384], ['HOBBIES AND INTERESTS', 0.0309705]]",True,36,29,14:55:44.183392
Mary saw the man by the cat,"[['PETS', 0.05851228], ['HEALTH AND FITNESS', 0.05324059], ['HOBBIES AND INTERESTS', 0.0527173], ['SCIENCE', 0.05168876], ['ARTS AND ENTERTAINMENT', 0.05122281]]","[['PETS', 1.0], ['HOBBIES AND INTERESTS', 2.07182e-07], ['SPORTS', 1.57158e-08], ['ARTS AND ENTERTAINMENT', 1.29602e-08], ['HEALTH AND FITNESS', 4.68361e-09]]",False,36,29,14:55:49.509152
Mary saw the cat by the man,"[['PETS', 0.05851228], ['HEALTH AND FITNESS', 0.05324059], ['HOBBIES AND INTERESTS', 0.0527173], ['SCIENCE', 0.05168876], ['ARTS AND ENTERTAINMENT', 0.05122281]]","[['PETS', 1.0], ['HOBBIES AND INTERESTS', 3.24443e-10], ['SPORTS', 2.46115e-11], ['ARTS AND ENTERTAINMENT', 2.02924e-11], ['HEALTH AND FITNESS', 7.33339e-12]]",False,37,29,14:55:55.036497
John saw the man by the man,"[['ARTS AND ENTERTAINMENT', 0.05368104], ['EDUCATION', 0.05346252], ['HEALTH AND FITNESS', 0.05214589], ['LAW GOVERNMENT AND POLITICS', 0.05134873], ['HOBBIES AND INTERESTS', 0.0506049]]","[['SPORTS', 0.605924], ['TRAVEL', 0.0550619], ['RELIGION AND SPIRITUALITY', 0.0539041], ['SOCIETY', 0.0535146], ['HOBBIES AND INTERESTS', 0.0214012]]",True,37,29,14:56:00.565514
John saw the man by the cat,"[['PETS', 0.05824032], ['ARTS AND ENTERTAINMENT', 0.05286563], ['EDUCATION', 0.0528268], ['HOBBIES AND INTERESTS', 0.05170589], ['HEALTH AND FITNESS', 0.05159835]]","[['PETS', 1.0], ['HOBBIES AND INTERESTS', 1.64989e-07], ['ARTS AND ENTERTAINMENT', 9.97404e-09], ['SPORTS', 9.57196e-09], ['HEALTH AND FITNESS', 5.78653e-09]]",False,38,29,14:56:06.096240
John ate the man by the man,"[['EDUCATION', 0.05342186], ['ARTS AND ENTERTAINMENT', 0.05322297], ['LAW GOVERNMENT AND POLITICS', 0.05098416], ['HEALTH AND FITNESS', 0.05084863], ['SPORTS', 0.05041745]]","[['SPORTS', 0.360805], ['SOCIETY', 0.138371], ['RELIGION AND SPIRITUALITY', 0.112503], ['NON STANDARD CONTENT', 0.0522746], ['TRAVEL', 0.0106658]]",True,38,29,14:56:11.419488
John ate the man by a man,"[['EDUCATION', 0.05342186], ['ARTS AND ENTERTAINMENT', 0.05322297], ['LAW GOVERNMENT AND POLITICS', 0.05098416], ['HEALTH AND FITNESS', 0.05084863], ['SPORTS', 0.05041745]]","[['RELIGION AND SPIRITUALITY', 0.338215], ['SOCIETY', 0.148081], ['SPORTS', 0.0781335], ['NON STANDARD CONTENT', 0.0530446], ['PETS', 0.0333293]]",True,38,29,14:56:16.950557
Mary ate the man by a man,"[['HEALTH AND FITNESS', 0.05248823], ['ARTS AND ENTERTAINMENT', 0.0515899], ['EDUCATION', 0.05102925], ['SCIENCE', 0.05057792], ['SOCIETY', 0.04843791]]","[['SOCIETY', 0.33261], ['RELIGION AND SPIRITUALITY', 0.242927], ['PETS', 0.0572829], ['SPORTS', 0.047259], ['HOBBIES AND INTERESTS', 0.013696]]",True,38,29,14:56:22.161619
Mary saw the man by a man,"[['HEALTH AND FITNESS', 0.05383031], ['ARTS AND ENTERTAINMENT', 0.05203681], ['HOBBIES AND INTERESTS', 0.05161851], ['SCIENCE', 0.05124232], ['EDUCATION', 0.05107092]]","[['RELIGION AND SPIRITUALITY', 0.240134], ['SPORTS', 0.20436], ['TRAVEL', 0.101826], ['SOCIETY', 0.0685629], ['SCIENCE', 0.0365058]]",True,38,29,14:56:27.601842
Mary ate the man by a man,"[['HEALTH AND FITNESS', 0.05248823], ['ARTS AND ENTERTAINMENT', 0.0515899], ['EDUCATION', 0.05102925], ['SCIENCE', 0.05057792], ['SOCIETY', 0.04843791]]","[['SOCIETY', 0.33261], ['RELIGION AND SPIRITUALITY', 0.242927], ['PETS', 0.0572829], ['SPORTS', 0.047259], ['HOBBIES AND INTERESTS', 0.013696]]",True,38,29,14:56:33.056302
Mary saw the man by a man,"[['HEALTH AND FITNESS', 0.05383031], ['ARTS AND ENTERTAINMENT', 0.05203681], ['HOBBIES AND INTERESTS', 0.05161851], ['SCIENCE', 0.05124232], ['EDUCATION', 0.05107092]]","[['RELIGION AND SPIRITUALITY', 0.240134], ['SPORTS', 0.20436], ['TRAVEL', 0.101826], ['SOCIETY', 0.0685629], ['SCIENCE', 0.0365058]]",True,38,29,14:56:38.558837
John saw the man by a man,"[['ARTS AND ENTERTAINMENT', 0.05368104], ['EDUCATION', 0.05346252], ['HEALTH AND FITNESS', 0.05214589], ['LAW GOVERNMENT AND POLITICS', 0.05134873], ['HOBBIES AND INTERESTS', 0.0506049]]","[['RELIGION AND SPIRITUALITY', 0.259129], ['SPORTS', 0.192466], ['TRAVEL', 0.120524], ['SOCIETY', 0.0403284], ['SCIENCE', 0.0269014]]",True,38,29,14:56:43.984300
John saw the cat by a man,"[['PETS', 0.05824032], ['ARTS AND ENTERTAINMENT', 0.05286563], ['EDUCATION', 0.0528268], ['HOBBIES AND INTERESTS', 0.05170589], ['HEALTH AND FITNESS', 0.05159835]]","[['PETS', 1.0], ['HOBBIES AND INTERESTS', 1.06227e-12], ['ARTS AND ENTERTAINMENT', 1.16405e-13], ['TECHNOLOGY AND COMPUTING', 1.01234e-13], ['SPORTS', 9.53992e-14]]",False,39,29,14:56:49.452205
John saw the man by the man,"[['ARTS AND ENTERTAINMENT', 0.05368104], ['EDUCATION', 0.05346252], ['HEALTH AND FITNESS', 0.05214589], ['LAW GOVERNMENT AND POLITICS', 0.05134873], ['HOBBIES AND INTERESTS', 0.0506049]]","[['SPORTS', 0.605924], ['TRAVEL', 0.0550619], ['RELIGION AND SPIRITUALITY', 0.0539041], ['SOCIETY', 0.0535146], ['HOBBIES AND INTERESTS', 0.0214012]]",True,39,29,14:56:54.529625
Mary saw the man by the man,"[['HEALTH AND FITNESS', 0.05383031], ['ARTS AND ENTERTAINMENT', 0.05203681], ['HOBBIES AND INTERESTS', 0.05161851], ['SCIENCE', 0.05124232], ['EDUCATION', 0.05107092]]","[['SPORTS', 0.612559], ['SOCIETY', 0.0807121], ['RELIGION AND SPIRITUALITY', 0.0485424], ['TRAVEL', 0.0458384], ['HOBBIES AND INTERESTS', 0.0309705]]",True,39,29,14:56:59.856105
Mary ate the man by the man,"[['HEALTH AND FITNESS', 0.05248823], ['ARTS AND ENTERTAINMENT', 0.0515899], ['EDUCATION', 0.05102925], ['SCIENCE', 0.05057792], ['SOCIETY', 0.04843791]]","[['SPORTS', 0.331115], ['SOCIETY', 0.189448], ['RELIGION AND SPIRITUALITY', 0.0919688], ['HOBBIES AND INTERESTS', 0.0142218], ['PETS', 0.012523]]",True,40,30,14:57:07.844098
Mary ate the man in the man,"[['HEALTH AND FITNESS', 0.05248823], ['ARTS AND ENTERTAINMENT', 0.0515899], ['EDUCATION', 0.05102925], ['SCIENCE', 0.05057792], ['SOCIETY', 0.04843791]]","[['SPORTS', 0.644489], ['SOCIETY', 0.170326], ['SCIENCE', 0.0133324], ['TRAVEL', 0.0125035], ['RELIGION AND SPIRITUALITY', 0.0113962]]",True,41,31,14:57:13.372996
John ate the man in the man,"[['EDUCATION', 0.05342186], ['ARTS AND ENTERTAINMENT', 0.05322297], ['LAW GOVERNMENT AND POLITICS', 0.05098416], ['HEALTH AND FITNESS', 0.05084863], ['SPORTS', 0.05041745]]","[['SPORTS', 0.701194], ['SOCIETY', 0.0789467], ['RELIGION AND SPIRITUALITY', 0.0223439], ['NON STANDARD CONTENT', 0.0177394], ['TRAVEL', 0.0165198]]",True,41,31,14:57:18.903745
Mary ate the man in the man,"[['HEALTH AND FITNESS', 0.05248823], ['ARTS AND ENTERTAINMENT', 0.0515899], ['EDUCATION', 0.05102925], ['SCIENCE', 0.05057792], ['SOCIETY', 0.04843791]]","[['SPORTS', 0.644489], ['SOCIETY', 0.170326], ['SCIENCE', 0.0133324], ['TRAVEL', 0.0125035], ['RELIGION AND SPIRITUALITY', 0.0113962]]",True,41,31,14:57:24.535393
Mary saw the man in the man,"[['HEALTH AND FITNESS', 0.05383031], ['ARTS AND ENTERTAINMENT', 0.05203681], ['HOBBIES AND INTERESTS', 0.05161851], ['SCIENCE', 0.05124232], ['EDUCATION', 0.05107092]]","[['SPORTS', 0.801161], ['TRAVEL', 0.0477801], ['SCIENCE', 0.0217639], ['HOBBIES AND INTERESTS', 0.0202099], ['SOCIETY', 0.0118004]]",True,41,31,14:57:30.062892
Mary saw the man in the cat,"[['PETS', 0.05851228], ['HEALTH AND FITNESS', 0.05324059], ['HOBBIES AND INTERESTS', 0.0527173], ['SCIENCE', 0.05168876], ['ARTS AND ENTERTAINMENT', 0.05122281]]","[['PETS', 1.0], ['HOBBIES AND INTERESTS', 1.86473e-07], ['SPORTS', 1.29906e-08], ['ARTS AND ENTERTAINMENT', 1.25799e-08], ['HEALTH AND FITNESS', 8.09414e-09]]",False,42,31,14:57:35.594771
Mary saw the man in the cat,"[['PETS', 0.05851228], ['HEALTH AND FITNESS', 0.05324059], ['HOBBIES AND INTERESTS', 0.0527173], ['SCIENCE', 0.05168876], ['ARTS AND ENTERTAINMENT', 0.05122281]]","[['PETS', 1.0], ['HOBBIES AND INTERESTS', 1.86473e-07], ['SPORTS', 1.29906e-08], ['ARTS AND ENTERTAINMENT', 1.25799e-08], ['HEALTH AND FITNESS', 8.09414e-09]]",False,42,31,14:57:41.124793
John saw the man in the man,"[['ARTS AND ENTERTAINMENT', 0.05368104], ['EDUCATION', 0.05346252], ['HEALTH AND FITNESS', 0.05214589], ['LAW GOVERNMENT AND POLITICS', 0.05134873], ['HOBBIES AND INTERESTS', 0.0506049]]","[['SPORTS', 0.795652], ['TRAVEL', 0.0576236], ['SCIENCE', 0.0175466], ['HOBBIES AND INTERESTS', 0.0140213], ['RELIGION AND SPIRITUALITY', 0.00967669]]",True,42,31,14:57:46.551337
John saw the cat in the man,"[['PETS', 0.05824032], ['ARTS AND ENTERTAINMENT', 0.05286563], ['EDUCATION', 0.0528268], ['HOBBIES AND INTERESTS', 0.05170589], ['HEALTH AND FITNESS', 0.05159835]]","[['PETS', 1.0], ['SPORTS', 1.18608e-12], ['HOBBIES AND INTERESTS', 1.12736e-12], ['ARTS AND ENTERTAINMENT', 5.92859e-13], ['NON STANDARD CONTENT', 1.5504e-13]]",False,43,31,14:57:51.977430
John saw the cat in the man,"[['PETS', 0.05824032], ['ARTS AND ENTERTAINMENT', 0.05286563], ['EDUCATION', 0.0528268], ['HOBBIES AND INTERESTS', 0.05170589], ['HEALTH AND FITNESS', 0.05159835]]","[['PETS', 1.0], ['SPORTS', 1.18608e-12], ['HOBBIES AND INTERESTS', 1.12736e-12], ['ARTS AND ENTERTAINMENT', 5.92859e-13], ['NON STANDARD CONTENT', 1.5504e-13]]",False,43,31,14:57:57.406925
Mary saw the man in the man,"[['HEALTH AND FITNESS', 0.05383031], ['ARTS AND ENTERTAINMENT', 0.05203681], ['HOBBIES AND INTERESTS', 0.05161851], ['SCIENCE', 0.05124232], ['EDUCATION', 0.05107092]]","[['SPORTS', 0.801161], ['TRAVEL', 0.0477801], ['SCIENCE', 0.0217639], ['HOBBIES AND INTERESTS', 0.0202099], ['SOCIETY', 0.0118004]]",True,43,31,14:58:02.730220
Mary saw the man by the man,"[['HEALTH AND FITNESS', 0.05383031], ['ARTS AND ENTERTAINMENT', 0.05203681], ['HOBBIES AND INTERESTS', 0.05161851], ['SCIENCE', 0.05124232], ['EDUCATION', 0.05107092]]","[['SPORTS', 0.612559], ['SOCIETY', 0.0807121], ['RELIGION AND SPIRITUALITY', 0.0485424], ['TRAVEL', 0.0458384], ['HOBBIES AND INTERESTS', 0.0309705]]",True,43,31,14:58:08.260654
Mary saw the man by a man,"[['HEALTH AND FITNESS', 0.05383031], ['ARTS AND ENTERTAINMENT', 0.05203681], ['HOBBIES AND INTERESTS', 0.05161851], ['SCIENCE', 0.05124232], ['EDUCATION', 0.05107092]]","[['RELIGION AND SPIRITUALITY', 0.240134], ['SPORTS', 0.20436], ['TRAVEL', 0.101826], ['SOCIETY', 0.0685629], ['SCIENCE', 0.0365058]]",True,43,31,14:58:13.837664
Mary saw the man by a cat,"[['PETS', 0.05851228], ['HEALTH AND FITNESS', 0.05324059], ['HOBBIES AND INTERESTS', 0.0527173], ['SCIENCE', 0.05168876], ['ARTS AND ENTERTAINMENT', 0.05122281]]","[['PETS', 1.0], ['HOBBIES AND INTERESTS', 5.28153e-08], ['HEALTH AND FITNESS', 4.70702e-10], ['ARTS AND ENTERTAINMENT', 4.50015e-10], ['SPORTS', 1.88464e-10]]",False,43,31,14:58:19.524493
Mary saw the cat by a man,"[['PETS', 0.05851228], ['HEALTH AND FITNESS', 0.05324059], ['HOBBIES AND INTERESTS', 0.0527173], ['SCIENCE', 0.05168876], ['ARTS AND ENTERTAINMENT', 0.05122281]]","[['PETS', 1.0], ['HOBBIES AND INTERESTS', 1.37342e-12], ['SPORTS', 1.66908e-13], ['ARTS AND ENTERTAINMENT', 1.13562e-13], ['HEALTH AND FITNESS', 6.14619e-14]]",False,44,31,14:58:24.848937
John saw the man by a man,"[['ARTS AND ENTERTAINMENT', 0.05368104], ['EDUCATION', 0.05346252], ['HEALTH AND FITNESS', 0.05214589], ['LAW GOVERNMENT AND POLITICS', 0.05134873], ['HOBBIES AND INTERESTS', 0.0506049]]","[['RELIGION AND SPIRITUALITY', 0.259129], ['SPORTS', 0.192466], ['TRAVEL', 0.120524], ['SOCIETY', 0.0403284], ['SCIENCE', 0.0269014]]",True,44,31,14:58:30.481297
John saw the cat by a man,"[['PETS', 0.05824032], ['ARTS AND ENTERTAINMENT', 0.05286563], ['EDUCATION', 0.0528268], ['HOBBIES AND INTERESTS', 0.05170589], ['HEALTH AND FITNESS', 0.05159835]]","[['PETS', 1.0], ['HOBBIES AND INTERESTS', 1.06227e-12], ['ARTS AND ENTERTAINMENT', 1.16405e-13], ['TECHNOLOGY AND COMPUTING', 1.01234e-13], ['SPORTS', 9.53992e-14]]",False,44,31,14:58:35.638445
John saw a man by a man,"[['ARTS AND ENTERTAINMENT', 0.05368104], ['EDUCATION', 0.05346252], ['HEALTH AND FITNESS', 0.05214589], ['LAW GOVERNMENT AND POLITICS', 0.05134873], ['HOBBIES AND INTERESTS', 0.0506049]]","[['RELIGION AND SPIRITUALITY', 0.326986], ['TRAVEL', 0.104232], ['SCIENCE', 0.0344282], ['SOCIETY', 0.0336156], ['NON STANDARD CONTENT', 0.0312804]]",True,44,31,14:58:41.130575
John ate a man by a man,"[['EDUCATION', 0.05342186], ['ARTS AND ENTERTAINMENT', 0.05322297], ['LAW GOVERNMENT AND POLITICS', 0.05098416], ['HEALTH AND FITNESS', 0.05084863], ['SPORTS', 0.05041745]]","[['RELIGION AND SPIRITUALITY', 0.645423], ['SOCIETY', 0.232873], ['BUSINESS', 0.0336506], ['FOOD AND DRINK', 0.0125492], ['NON STANDARD CONTENT', 0.00602212]]",True,44,31,14:58:46.967459
Mary ate a man by a man,"[['HEALTH AND FITNESS', 0.05248823], ['ARTS AND ENTERTAINMENT', 0.0515899], ['EDUCATION', 0.05102925], ['SCIENCE', 0.05057792], ['SOCIETY', 0.04843791]]","[['RELIGION AND SPIRITUALITY', 0.454559], ['SOCIETY', 0.444492], ['BUSINESS', 0.0353146], ['FOOD AND DRINK', 0.0111293], ['HOBBIES AND INTERESTS', 0.0022289]]",True,44,31,14:58:53.041623
Mary ate a man in a man,"[['HEALTH AND FITNESS', 0.05248823], ['ARTS AND ENTERTAINMENT', 0.0515899], ['EDUCATION', 0.05102925], ['SCIENCE', 0.05057792], ['SOCIETY', 0.04843791]]","[['SOCIETY', 0.836202], ['RELIGION AND SPIRITUALITY', 0.083046], ['FOOD AND DRINK', 0.0246091], ['TRAVEL', 0.00352299], ['PETS', 0.00326049]]",True,44,31,14:58:59.771563
John ate a man in a man,"[['EDUCATION', 0.05342186], ['ARTS AND ENTERTAINMENT', 0.05322297], ['LAW GOVERNMENT AND POLITICS', 0.05098416], ['HEALTH AND FITNESS', 0.05084863], ['SPORTS', 0.05041745]]","[['SOCIETY', 0.663848], ['RELIGION AND SPIRITUALITY', 0.17868], ['FOOD AND DRINK', 0.0420481], ['TRAVEL', 0.00821823], ['PETS', 0.00529426]]",True,44,31,14:59:05.297184
John ate a man in a cat,"[['PETS', 0.05958643], ['EDUCATION', 0.05277803], ['ARTS AND ENTERTAINMENT', 0.05240598], ['HEALTH AND FITNESS', 0.05030652], ['LAW GOVERNMENT AND POLITICS', 0.05021804]]","[['PETS', 1.0], ['SOCIETY', 9.17316e-12], ['HOBBIES AND INTERESTS', 6.34865e-12], ['FOOD AND DRINK', 4.92264e-12], ['RELIGION AND SPIRITUALITY', 3.86475e-12]]",True,44,31,14:59:10.928825
John ate a cat in a cat,"[['PETS', 0.06374509], ['EDUCATION', 0.0517618], ['LAW GOVERNMENT AND POLITICS', 0.04988304], ['ARTS AND ENTERTAINMENT', 0.04974789], ['SPORTS', 0.048041]]","[['PETS', 1.0], ['HOBBIES AND INTERESTS', 3.74758e-23], ['SPORTS', 1.3191e-23], ['HEALTH AND FITNESS', 2.81917e-24], ['HOME AND GARDEN', 3.66748e-25]]",True,45,32,14:59:16.458749
John saw a cat in a cat,"[['PETS', 0.06233899], ['EDUCATION', 0.05183786], ['HOBBIES AND INTERESTS', 0.05079022], ['LAW GOVERNMENT AND POLITICS', 0.0502753], ['ARTS AND ENTERTAINMENT', 0.05021158]]","[['PETS', 1.0], ['HOBBIES AND INTERESTS', 4.5939e-21], ['SPORTS', 6.9446e-22], ['HEALTH AND FITNESS', 3.25471e-23], ['ARTS AND ENTERTAINMENT', 7.32623e-24]]",False,46,32,14:59:22.130163
Mary ate a cat in a cat,"[['PETS', 0.0640385], ['TECHNOLOGY AND COMPUTING', 0.04958556], ['EDUCATION', 0.04942026], ['HEALTH AND FITNESS', 0.04929878], ['FOOD AND DRINK', 0.04847891]]","[['PETS', 1.0], ['HOBBIES AND INTERESTS', 3.18464e-23], ['SPORTS', 2.62574e-24], ['HEALTH AND FITNESS', 1.14364e-24], ['FAMILY AND PARENTING', 3.11008e-25]]",True,47,33,14:59:27.622366
Mary ate a cat in the cat,"[['PETS', 0.0640385], ['TECHNOLOGY AND COMPUTING', 0.04958556], ['EDUCATION', 0.04942026], ['HEALTH AND FITNESS', 0.04929878], ['FOOD AND DRINK', 0.04847891]]","[['PETS', 1.0], ['HOBBIES AND INTERESTS', 8.92929e-26], ['SPORTS', 1.63358e-26], ['HEALTH AND FITNESS', 5.95976e-27], ['FAMILY AND PARENTING', 1.56154e-27]]",True,48,34,14:59:33.457473
Mary saw a cat in the cat,"[['PETS', 0.06262995], ['HOBBIES AND INTERESTS', 0.0517836], ['HEALTH AND FITNESS', 0.05059555], ['EDUCATION', 0.04949607], ['SCIENCE', 0.04902172]]","[['PETS', 1.0], ['HOBBIES AND INTERESTS', 1.78713e-23], ['SPORTS', 1.28825e-24], ['HEALTH AND FITNESS', 8.82933e-26], ['ARTS AND ENTERTAINMENT', 2.35572e-26]]",False,49,34,14:59:38.987681
Mary ate a cat in the man,"[['PETS', 0.05986136], ['HEALTH AND FITNESS', 0.05190477], ['SCIENCE', 0.05101028], ['ARTS AND ENTERTAINMENT', 0.05077463], ['EDUCATION', 0.05039108]]","[['PETS', 1.0], ['HOBBIES AND INTERESTS', 1.03893e-16], ['SOCIETY', 7.21295e-17], ['SPORTS', 2.34697e-17], ['NON STANDARD CONTENT', 1.20755e-17]]",True,50,35,14:59:44.414971
John ate a cat in the man,"[['PETS', 0.05958643], ['EDUCATION', 0.05277803], ['ARTS AND ENTERTAINMENT', 0.05240598], ['HEALTH AND FITNESS', 0.05030652], ['LAW GOVERNMENT AND POLITICS', 0.05021804]]","[['PETS', 1.0], ['SPORTS', 1.60286e-16], ['HOBBIES AND INTERESTS', 8.12387e-17], ['SOCIETY', 3.07772e-17], ['NON STANDARD CONTENT', 1.89145e-17]]",True,51,36,14:59:49.739396
John ate a cat in a man,"[['PETS', 0.05958643], ['EDUCATION', 0.05277803], ['ARTS AND ENTERTAINMENT', 0.05240598], ['HEALTH AND FITNESS', 0.05030652], ['LAW GOVERNMENT AND POLITICS', 0.05021804]]","[['PETS', 1.0], ['SPORTS', 1.65652e-16], ['HOBBIES AND INTERESTS', 1.15065e-16], ['SOCIETY', 4.16041e-17], ['NON STANDARD CONTENT', 2.31782e-17]]",True,52,37,14:59:56.804066
