the gibbon grabbed the river inside Gemma,"[['TRAVEL', 0.05669696], ['SPORTS', 0.05319879], ['AUTOMOTIVE', 0.04896522], ['BUSINESS', 0.0488349], ['ARTS AND ENTERTAINMENT', 0.04874461]]","[['SPORTS', 0.688684], ['TRAVEL', 0.0156158], ['SCIENCE', 0.0105648], ['EDUCATION', 0.00780438], ['FOOD AND DRINK', 0.00532829]]",False,1,0,15:22:56.963028
I apprehended Nick in the park by Gary,"[['TRAVEL', 0.05632385], ['SPORTS', 0.05543992], ['ARTS AND ENTERTAINMENT', 0.05103398], ['HEALTH AND FITNESS', 0.05064138], ['FOOD AND DRINK', 0.0495979]]","[['NON STANDARD CONTENT', 0.999552], ['TRAVEL', 0.000402025], ['SPORTS', 1.79144e-05], ['REAL ESTATE', 2.65369e-06], ['HOBBIES AND INTERESTS', 1.75819e-06]]",False,2,0,15:22:59.541037
my salmon chased an gibbon,"[['AUTOMOTIVE', 0.05081251], ['PETS', 0.04968927], ['TECHNOLOGY AND COMPUTING', 0.04942116], ['HOME AND GARDEN', 0.04911946], ['FAMILY AND PARENTING', 0.04911752]]","[['SPORTS', 0.937138], ['SCIENCE', 0.0181067], ['HOME AND GARDEN', 0.00529567], ['FOOD AND DRINK', 0.000289654], ['AUTOMOTIVE', 8.39585e-05]]",False,3,0,15:23:02.495965
the park chased I in Gemma,"[['TRAVEL', 0.05572662], ['SPORTS', 0.05210165], ['HOBBIES AND INTERESTS', 0.05030337], ['ARTS AND ENTERTAINMENT', 0.04958781], ['FOOD AND DRINK', 0.0494047]]","[['TRAVEL', 1.0], ['HOBBIES AND INTERESTS', 6.46208e-10], ['ARTS AND ENTERTAINMENT', 4.66986e-10], ['SOCIETY', 2.91921e-11], ['HOME AND GARDEN', 2.54329e-11]]",False,4,0,15:23:05.310119
a owl by an river saw I,"[['HOBBIES AND INTERESTS', 0.05670148], ['SPORTS', 0.05542885], ['TRAVEL', 0.05394391], ['ARTS AND ENTERTAINMENT', 0.04974548], ['AUTOMOTIVE', 0.04955591]]","[['SPORTS', 0.927004], ['PETS', 0.0666114], ['TRAVEL', 0.00255502], ['HOBBIES AND INTERESTS', 0.000936514], ['RELIGION AND SPIRITUALITY', 0.00026838]]",False,5,0,15:23:08.635184
Nick chased Nick,"[['SCIENCE', 0.05082258], ['ARTS AND ENTERTAINMENT', 0.05027925], ['FAMILY AND PARENTING', 0.0487665], ['FOOD AND DRINK', 0.04806357], ['EDUCATION', 0.04802046]]","[['HOBBIES AND INTERESTS', 0.385865], ['TECHNOLOGY AND COMPUTING', 0.285317], ['HEALTH AND FITNESS', 0.0397475], ['EDUCATION', 0.0365236], ['ARTS AND ENTERTAINMENT', 0.0314806]]",False,6,0,15:23:11.456565
Gary damaged my park outside Gemma,"[['TRAVEL', 0.0599992], ['HEALTH AND FITNESS', 0.0561008], ['SPORTS', 0.05199678], ['RELIGION AND SPIRITUALITY', 0.05029171], ['AUTOMOTIVE', 0.04972256]]","[['TRAVEL', 1.0], ['HOME AND GARDEN', 1.55232e-10], ['SPORTS', 1.02946e-10], ['SOCIETY', 9.23945e-11], ['RELIGION AND SPIRITUALITY', 6.06474e-11]]",False,7,0,15:23:14.784724
Gary spent Gary,"[['BUSINESS', 0.05031409], ['TRAVEL', 0.05014278], ['SPORTS', 0.0491662], ['HEALTH AND FITNESS', 0.04890011], ['LAW GOVERNMENT AND POLITICS', 0.04861859]]","[['SPORTS', 0.652978], ['EDUCATION', 0.0274373], ['RELIGION AND SPIRITUALITY', 0.0186902], ['FOOD AND DRINK', 0.0135374], ['HOBBIES AND INTERESTS', 0.0134556]]",True,8,1,15:23:18.206536
Gemma disabled Nick inside a river,"[['HEALTH AND FITNESS', 0.05809564], ['TRAVEL', 0.05594751], ['SPORTS', 0.05210557], ['ARTS AND ENTERTAINMENT', 0.05036904], ['SCIENCE', 0.04919958]]","[['FAMILY AND PARENTING', 0.823045], ['SPORTS', 0.0701234], ['BUSINESS', 0.0241034], ['TECHNOLOGY AND COMPUTING', 0.00902332], ['REAL ESTATE', 0.00600512]]",True,9,2,15:23:21.230944
Gemma disabled Gemma in the salmon,"[['HEALTH AND FITNESS', 0.05832966], ['TECHNOLOGY AND COMPUTING', 0.04894211], ['FOOD AND DRINK', 0.04877317], ['PETS', 0.04838609], ['LAW GOVERNMENT AND POLITICS', 0.04817808]]","[['SPORTS', 1.0], ['FAMILY AND PARENTING', 5.60872e-08], ['HEALTH AND FITNESS', 2.21026e-08], ['HOBBIES AND INTERESTS', 3.67843e-09], ['SOCIETY', 6.18104e-10]]",True,10,3,15:23:24.348315
Gary spent an gibbon by I with I by I,"[['SPORTS', 0.05375042], ['TECHNOLOGY AND COMPUTING', 0.05103449], ['HOBBIES AND INTERESTS', 0.05065163], ['TRAVEL', 0.05047461], ['HOME AND GARDEN', 0.04970456]]","[['HOBBIES AND INTERESTS', 0.999665], ['RELIGION AND SPIRITUALITY', 0.000276246], ['SPORTS', 1.16499e-05], ['HEALTH AND FITNESS', 6.50579e-06], ['EDUCATION', 1.58107e-06]]",False,11,3,15:23:28.813746
an owl outside I chased I outside I,"[['RELIGION AND SPIRITUALITY', 0.05281415], ['SPORTS', 0.05206695], ['TRAVEL', 0.05142784], ['TECHNOLOGY AND COMPUTING', 0.05081654], ['FOOD AND DRINK', 0.04984956]]","[['RELIGION AND SPIRITUALITY', 0.660887], ['TRAVEL', 0.339108], ['PETS', 2.66301e-06], ['HOBBIES AND INTERESTS', 8.51523e-07], ['SCIENCE', 1.04556e-07]]",False,12,3,15:23:31.984042
Nick grabbed Nick,"[['SCIENCE', 0.05076555], ['ARTS AND ENTERTAINMENT', 0.04931927], ['FAMILY AND PARENTING', 0.04869814], ['EDUCATION', 0.04847224], ['HEALTH AND FITNESS', 0.04840909]]","[['SOCIETY', 1.0], ['SPORTS', 1.19876e-08], ['RELIGION AND SPIRITUALITY', 3.48301e-10], ['HOBBIES AND INTERESTS', 8.3302e-11], ['TECHNOLOGY AND COMPUTING', 6.0916e-11]]",True,13,4,15:23:35.362879
Gary disabled my gibbon,"[['HEALTH AND FITNESS', 0.06725956], ['PETS', 0.0500699], ['AUTOMOTIVE', 0.04891662], ['TRAVEL', 0.04842125], ['HOBBIES AND INTERESTS', 0.04811007]]","[['FAMILY AND PARENTING', 0.999007], ['SPORTS', 0.000547822], ['LAW AND GOVERNMENT AND POLITICS', 3.91678e-05], ['TECHNOLOGY AND COMPUTING', 3.50726e-05], ['HEALTH AND FITNESS', 3.04325e-05]]",True,14,5,15:23:38.742025
Nick damaged the salmon in Nick by Gary near Gary,"[['SCIENCE', 0.05247699], ['HEALTH AND FITNESS', 0.04958265], ['SOCIETY', 0.04946065], ['ARTS AND ENTERTAINMENT', 0.04866336], ['TRAVEL', 0.0486624]]","[['SPORTS', 1.0], ['HOBBIES AND INTERESTS', 3.64305e-10], ['HOME AND GARDEN', 6.18248e-11], ['TECHNOLOGY AND COMPUTING', 4.98708e-11], ['AUTOMOTIVE', 1.91603e-11]]",True,15,6,15:23:41.505418
Nick chased Gemma by Gary,"[['ARTS AND ENTERTAINMENT', 0.05129229], ['SCIENCE', 0.05034751], ['HEALTH AND FITNESS', 0.05024379], ['FAMILY AND PARENTING', 0.04921169], ['SPORTS', 0.04908569]]","[['SPORTS', 0.789489], ['TECHNOLOGY AND COMPUTING', 0.0462984], ['HOME AND GARDEN', 0.0190604], ['FAMILY AND PARENTING', 0.0152853], ['FOOD AND DRINK', 0.0109352]]",False,16,6,15:23:44.210730
an lemur inside I saw I,"[['AUTOMOTIVE', 0.0563279], ['SPORTS', 0.05480463], ['HOBBIES AND INTERESTS', 0.05275297], ['SCIENCE', 0.05063209], ['ARTS AND ENTERTAINMENT', 0.0504859]]","[['PETS', 0.977187], ['SPORTS', 0.00810561], ['HOBBIES AND INTERESTS', 0.00314172], ['ARTS AND ENTERTAINMENT', 0.00197523], ['STYLE AND FASHION', 0.00181133]]",False,17,6,15:23:47.085358
an baboon on I damaged my gibbon near Gary near the baboon with Gary by a baboon with Gary near Gary with the elephant with I,"[['HOBBIES AND INTERESTS', 0.0543111], ['TRAVEL', 0.0541015], ['HEALTH AND FITNESS', 0.05278471], ['TECHNOLOGY AND COMPUTING', 0.05121129], ['HOME AND GARDEN', 0.05038406]]","[['HOBBIES AND INTERESTS', 0.856549], ['EDUCATION', 0.120442], ['SPORTS', 0.00208163], ['PETS', 0.000682576], ['RELIGION AND SPIRITUALITY', 0.000410269]]",True,18,7,15:23:50.128421
Gemma saw Gemma on Gary by I on I,"[['SPORTS', 0.05610718], ['HOBBIES AND INTERESTS', 0.05532203], ['HEALTH AND FITNESS', 0.05049147], ['ARTS AND ENTERTAINMENT', 0.05014152], ['TECHNOLOGY AND COMPUTING', 0.0490513]]","[['HOBBIES AND INTERESTS', 0.291153], ['SOCIETY', 0.155594], ['HEALTH AND FITNESS', 0.0778797], ['SPORTS', 0.0180119], ['LAW AND GOVERNMENT AND POLITICS', 0.016728]]",False,19,7,15:23:53.531635
I apprehended Nick in Gary,"[['SPORTS', 0.05294313], ['ARTS AND ENTERTAINMENT', 0.05113642], ['SCIENCE', 0.05059665], ['HOBBIES AND INTERESTS', 0.04979698], ['FOOD AND DRINK', 0.04939586]]","[['NON STANDARD CONTENT', 1.0], ['RELIGION AND SPIRITUALITY', 2.33062e-10], ['SPORTS', 1.06575e-10], ['REAL ESTATE', 8.95477e-11], ['HEALTH AND FITNESS', 5.46244e-11]]",True,20,8,15:23:56.312036
I apprehended Nick near Nick with Gemma,"[['SCIENCE', 0.0528745], ['ARTS AND ENTERTAINMENT', 0.05109921], ['TRAVEL', 0.05059091], ['HOBBIES AND INTERESTS', 0.05018061], ['HOME AND GARDEN', 0.04964688]]","[['HOME AND GARDEN', 0.757887], ['NON STANDARD CONTENT', 0.242112], ['RELIGION AND SPIRITUALITY', 2.02025e-07], ['SPORTS', 8.9335e-08], ['STYLE AND FASHION', 6.66494e-08]]",True,21,9,15:23:59.224660
Gary spent an salmon,"[['SPORTS', 0.05025091], ['BUSINESS', 0.05020551], ['TRAVEL', 0.04944676], ['HOME AND GARDEN', 0.04921778], ['TECHNOLOGY AND COMPUTING', 0.04917661]]","[['SPORTS', 0.999049], ['BUSINESS', 0.000241998], ['HEALTH AND FITNESS', 0.000112299], ['REAL ESTATE', 8.41079e-05], ['FOOD AND DRINK', 2.53157e-05]]",False,22,9,15:24:02.074389
I spent Gary by Gemma,"[['SPORTS', 0.05270852], ['TECHNOLOGY AND COMPUTING', 0.05124841], ['HOBBIES AND INTERESTS', 0.05010194], ['TRAVEL', 0.05005576], ['HOME AND GARDEN', 0.05005182]]","[['HEALTH AND FITNESS', 1.0], ['CAREERS', 4.08103e-10], ['SPORTS', 5.24678e-11], ['TRAVEL', 1.16602e-11], ['EDUCATION', 5.49065e-13]]",False,23,9,15:24:04.871766
the river grabbed Gary on Gary,"[['TRAVEL', 0.05425249], ['SPORTS', 0.05376326], ['HEALTH AND FITNESS', 0.04952575], ['RELIGION AND SPIRITUALITY', 0.04835414], ['HOBBIES AND INTERESTS', 0.0483056]]","[['SPORTS', 0.999883], ['EDUCATION', 6.65077e-06], ['SCIENCE', 4.75563e-06], ['HOME AND GARDEN', 1.53582e-06], ['TRAVEL', 6.03019e-07]]",False,24,9,15:24:07.618458
my salmon grabbed the baboon by Gary with Gary with a lemur,"[['HEALTH AND FITNESS', 0.05153092], ['SPORTS', 0.05008562], ['PETS', 0.05000883], ['FAMILY AND PARENTING', 0.04962036], ['TRAVEL', 0.04876706]]","[['EDUCATION', 0.989453], ['PETS', 0.0103918], ['SPORTS', 5.96151e-05], ['HEALTH AND FITNESS', 1.13936e-06], ['FOOD AND DRINK', 1.08497e-06]]",False,25,9,15:24:11.652495
Nick disabled I outside Gemma inside Nick,"[['HEALTH AND FITNESS', 0.06007948], ['SPORTS', 0.05347635], ['TRAVEL', 0.05194549], ['ARTS AND ENTERTAINMENT', 0.05177554], ['TECHNOLOGY AND COMPUTING', 0.05000466]]","[['FAMILY AND PARENTING', 0.928532], ['HOBBIES AND INTERESTS', 0.0137813], ['TECHNOLOGY AND COMPUTING', 0.0089477], ['TRAVEL', 0.00485755], ['BUSINESS', 0.0045402]]",False,26,9,15:24:14.683462
Gary chased Gemma,"[['HEALTH AND FITNESS', 0.05015564], ['SPORTS', 0.04980155], ['ARTS AND ENTERTAINMENT', 0.04893971], ['BUSINESS', 0.0481316], ['FAMILY AND PARENTING', 0.04808934]]","[['REAL ESTATE', 1.0], ['SCIENCE', 2.53928e-14], ['HOBBIES AND INTERESTS', 2.08529e-14], ['SPORTS', 6.48218e-15], ['ARTS AND ENTERTAINMENT', 3.70387e-15]]",False,27,9,15:24:17.448539
a owl inside Gary grabbed Gemma with Gemma inside I near Gary near Nick,"[['SPORTS', 0.05377824], ['ARTS AND ENTERTAINMENT', 0.05362272], ['TRAVEL', 0.05321795], ['SCIENCE', 0.0516314], ['HEALTH AND FITNESS', 0.04966863]]","[['SPORTS', 0.507477], ['SCIENCE', 0.0934259], ['HOBBIES AND INTERESTS', 0.0653964], ['STYLE AND FASHION', 0.0177475], ['AUTOMOTIVE', 0.00466792]]",False,28,9,15:24:20.259338
Nick saw an gibbon on Nick,"[['SCIENCE', 0.0511919], ['ARTS AND ENTERTAINMENT', 0.05079211], ['AUTOMOTIVE', 0.05032867], ['HOBBIES AND INTERESTS', 0.0503136], ['HEALTH AND FITNESS', 0.04961365]]","[['HOBBIES AND INTERESTS', 0.151446], ['TECHNOLOGY AND COMPUTING', 0.142128], ['SPORTS', 0.0915135], ['FAMILY AND PARENTING', 0.0723307], ['ARTS AND ENTERTAINMENT', 0.0306278]]",False,29,9,15:24:23.592507
the park outside Gemma apprehended Gemma outside the gibbon,"[['TRAVEL', 0.0595697], ['SPORTS', 0.05138207], ['RELIGION AND SPIRITUALITY', 0.05062033], ['HEALTH AND FITNESS', 0.04999167], ['BUSINESS', 0.04947068]]","[['TRAVEL', 0.999996], ['SPORTS', 1.05083e-07], ['HOBBIES AND INTERESTS', 1.03821e-07], ['HOME AND GARDEN', 6.54592e-08], ['SOCIETY', 4.81942e-08]]",False,30,9,15:24:26.766697
Gary saw I by my gibbon,"[['HOBBIES AND INTERESTS', 0.05643184], ['HEALTH AND FITNESS', 0.05470606], ['AUTOMOTIVE', 0.05288829], ['SPORTS', 0.05252466], ['TECHNOLOGY AND COMPUTING', 0.04920175]]","[['ARTS AND ENTERTAINMENT', 0.344466], ['RELIGION AND SPIRITUALITY', 0.188058], ['SPORTS', 0.125039], ['NON STANDARD CONTENT', 0.118597], ['HOBBIES AND INTERESTS', 0.0193824]]",False,31,9,15:24:29.483771
I apprehended Nick by Gemma,"[['ARTS AND ENTERTAINMENT', 0.05171157], ['SCIENCE', 0.05092473], ['HOBBIES AND INTERESTS', 0.05018838], ['TECHNOLOGY AND COMPUTING', 0.04977398], ['FOOD AND DRINK', 0.04972465]]","[['HEALTH AND FITNESS', 0.669266], ['NON STANDARD CONTENT', 0.330734], ['RELIGION AND SPIRITUALITY', 3.92297e-10], ['LAW AND GOVERNMENT AND POLITICS', 3.11226e-10], ['SPORTS', 1.36828e-10]]",True,32,10,15:24:32.297228
I chased Gary,"[['SPORTS', 0.05313718], ['TECHNOLOGY AND COMPUTING', 0.05058698], ['HOBBIES AND INTERESTS', 0.05023917], ['HEALTH AND FITNESS', 0.04935341], ['ARTS AND ENTERTAINMENT', 0.04910926]]","[['SCIENCE', 0.509771], ['HOBBIES AND INTERESTS', 0.187107], ['HEALTH AND FITNESS', 0.075183], ['SPORTS', 0.0712769], ['ARTS AND ENTERTAINMENT', 0.064013]]",False,33,10,15:24:35.064479
Gary spent Gemma,"[['BUSINESS', 0.05032376], ['TRAVEL', 0.04986172], ['SPORTS', 0.04903605], ['HEALTH AND FITNESS', 0.04866206], ['CAREERS', 0.04864437]]","[['SPORTS', 0.138058], ['HOBBIES AND INTERESTS', 0.114532], ['HEALTH AND FITNESS', 0.0677625], ['EDUCATION', 0.0420267], ['LAW AND GOVERNMENT AND POLITICS', 0.0227329]]",False,34,10,15:24:37.878477
Gary apprehended the gibbon in an gibbon by Nick,"[['HEALTH AND FITNESS', 0.05041271], ['ARTS AND ENTERTAINMENT', 0.05033872], ['SCIENCE', 0.05028334], ['SPORTS', 0.04973687], ['FAMILY AND PARENTING', 0.04917798]]","[['RELIGION AND SPIRITUALITY', 0.999999], ['BUSINESS', 1.99558e-07], ['SPORTS', 6.94937e-08], ['FAMILY AND PARENTING', 5.44389e-08], ['HOBBIES AND INTERESTS', 5.23085e-08]]",False,35,10,15:24:41.207006
the elephant grabbed Nick outside Gary,"[['HEALTH AND FITNESS', 0.05318937], ['TRAVEL', 0.05242676], ['SPORTS', 0.05138039], ['BUSINESS', 0.04968408], ['SCIENCE', 0.04902311]]","[['HOBBIES AND INTERESTS', 0.473132], ['SPORTS', 0.184195], ['PETS', 0.133109], ['HEALTH AND FITNESS', 0.057151], ['FOOD AND DRINK', 0.00330108]]",False,36,10,15:24:44.128443
an owl apprehended Nick inside I,"[['ARTS AND ENTERTAINMENT', 0.05387332], ['SPORTS', 0.05248116], ['TRAVEL', 0.05147869], ['TECHNOLOGY AND COMPUTING', 0.05084048], ['AUTOMOTIVE', 0.05054554]]","[['RELIGION AND SPIRITUALITY', 1.0], ['PETS', 4.28068e-12], ['LAW AND GOVERNMENT AND POLITICS', 3.29908e-12], ['SPORTS', 1.94777e-12], ['HOBBIES AND INTERESTS', 1.16372e-12]]",True,37,11,15:24:46.994932
Gemma chased my baboon,"[['AUTOMOTIVE', 0.05062573], ['HEALTH AND FITNESS', 0.04968635], ['PETS', 0.04959584], ['HOBBIES AND INTERESTS', 0.04928075], ['TRAVEL', 0.04909898]]","[['HOBBIES AND INTERESTS', 0.312431], ['PETS', 0.230929], ['SCIENCE', 0.110932], ['HEALTH AND FITNESS', 0.0461611], ['SOCIETY', 0.041816]]",False,38,11,15:24:49.605966
an baboon outside Gemma apprehended Gemma,"[['RELIGION AND SPIRITUALITY', 0.0514302], ['TRAVEL', 0.05103997], ['SPORTS', 0.04994089], ['BUSINESS', 0.04968038], ['HEALTH AND FITNESS', 0.04866378]]","[['LAW AND GOVERNMENT AND POLITICS', 0.308721], ['HOBBIES AND INTERESTS', 0.125064], ['RELIGION AND SPIRITUALITY', 0.0772629], ['HOME AND GARDEN', 0.0657562], ['SOCIETY', 0.0558056]]",True,39,12,15:24:52.477530
Nick chased Gemma,"[['ARTS AND ENTERTAINMENT', 0.05106549], ['SCIENCE', 0.0507457], ['FAMILY AND PARENTING', 0.04867279], ['FOOD AND DRINK', 0.047966], ['EDUCATION', 0.04796321]]","[['HOBBIES AND INTERESTS', 0.268843], ['SOCIETY', 0.219166], ['TECHNOLOGY AND COMPUTING', 0.132209], ['HEALTH AND FITNESS', 0.0653603], ['PETS', 0.0531099]]",True,40,13,15:24:55.336820
I spent my park on a owl,"[['TRAVEL', 0.06279216], ['AUTOMOTIVE', 0.05368944], ['HOBBIES AND INTERESTS', 0.05099439], ['SPORTS', 0.05008476], ['RELIGION AND SPIRITUALITY', 0.04948287]]","[['CAREERS', 0.797443], ['TRAVEL', 0.116701], ['PETS', 0.00763387], ['SPORTS', 0.00306171], ['HEALTH AND FITNESS', 0.00283068]]",False,41,13,15:24:58.044303
my gibbon by an park grabbed Nick inside a lemur,"[['TRAVEL', 0.0604935], ['AUTOMOTIVE', 0.05386279], ['HEALTH AND FITNESS', 0.05142019], ['FAMILY AND PARENTING', 0.04993316], ['ARTS AND ENTERTAINMENT', 0.0497544]]","[['SPORTS', 0.758392], ['PETS', 0.177984], ['TRAVEL', 0.0273425], ['EDUCATION', 0.000299885], ['HOBBIES AND INTERESTS', 0.00018867]]",True,42,14,15:25:00.709854
Nick damaged Nick on Gemma,"[['ARTS AND ENTERTAINMENT', 0.05059346], ['SCIENCE', 0.05042881], ['SOCIETY', 0.04910872], ['AUTOMOTIVE', 0.04909377], ['HOBBIES AND INTERESTS', 0.04824704]]","[['SPORTS', 1.0], ['SOCIETY', 5.11517e-09], ['TECHNOLOGY AND COMPUTING', 4.14844e-09], ['TRAVEL', 9.01746e-10], ['HOME AND GARDEN', 7.79539e-10]]",True,43,15,15:25:03.426619
a elephant in Nick damaged Gary,"[['HEALTH AND FITNESS', 0.05115442], ['SCIENCE', 0.04959228], ['ARTS AND ENTERTAINMENT', 0.04935163], ['HOBBIES AND INTERESTS', 0.04911236], ['TRAVEL', 0.04896456]]","[['HOBBIES AND INTERESTS', 0.635494], ['SPORTS', 0.256348], ['HEALTH AND FITNESS', 0.0704707], ['TRAVEL', 0.00991393], ['NON STANDARD CONTENT', 0.00673651]]",False,44,15,15:25:06.190664
Nick spent Gary near my salmon outside the baboon with I,"[['TRAVEL', 0.05792566], ['SPORTS', 0.05205136], ['SCIENCE', 0.05090873], ['HEALTH AND FITNESS', 0.05052341], ['HOME AND GARDEN', 0.05036924]]","[['EDUCATION', 0.829993], ['TECHNOLOGY AND COMPUTING', 0.109335], ['HOBBIES AND INTERESTS', 0.0520503], ['SPORTS', 0.00862078], ['RELIGION AND SPIRITUALITY', 2.66492e-08]]",True,45,16,15:25:08.897356
Nick damaged I in an owl inside Gemma,"[['ARTS AND ENTERTAINMENT', 0.05450437], ['TECHNOLOGY AND COMPUTING', 0.05182126], ['AUTOMOTIVE', 0.0517568], ['SPORTS', 0.05153025], ['HOBBIES AND INTERESTS', 0.05010074]]","[['RELIGION AND SPIRITUALITY', 0.999994], ['HOBBIES AND INTERESTS', 3.11064e-06], ['PETS', 3.65768e-07], ['SOCIETY', 2.63601e-07], ['SPORTS', 2.36747e-07]]",False,46,16,15:25:11.393789
my park by Gary damaged the woman near Nick,"[['TRAVEL', 0.06044193], ['HEALTH AND FITNESS', 0.0594364], ['SCIENCE', 0.05070976], ['AUTOMOTIVE', 0.04998598], ['SOCIETY', 0.04990731]]","[['ARTS AND ENTERTAINMENT', 0.281011], ['TRAVEL', 0.263705], ['HOBBIES AND INTERESTS', 0.0929158], ['FAMILY AND PARENTING', 0.0693691], ['SCIENCE', 0.0424725]]",False,47,16,15:25:13.898092
Nick grabbed a baboon by I outside Gemma,"[['SPORTS', 0.05192047], ['RELIGION AND SPIRITUALITY', 0.05121657], ['TRAVEL', 0.05073582], ['ARTS AND ENTERTAINMENT', 0.05026363], ['FOOD AND DRINK', 0.05017497]]","[['SOCIETY', 0.99445], ['HOBBIES AND INTERESTS', 0.00555028], ['SPORTS', 7.20946e-08], ['RELIGION AND SPIRITUALITY', 3.79594e-09], ['STYLE AND FASHION', 2.70038e-10]]",False,48,16,15:25:16.255629
the baboon by Gary chased my baboon,"[['HEALTH AND FITNESS', 0.05286908], ['PETS', 0.04970947], ['TRAVEL', 0.04902252], ['AUTOMOTIVE', 0.04897732], ['HOBBIES AND INTERESTS', 0.0489012]]","[['EDUCATION', 0.987838], ['REAL ESTATE', 0.0121621], ['SPORTS', 3.98371e-09], ['PETS', 1.33804e-09], ['HOBBIES AND INTERESTS', 6.62588e-10]]",False,49,16,15:25:18.833291
the river apprehended Nick,"[['TRAVEL', 0.05491727], ['SPORTS', 0.05034383], ['SCIENCE', 0.05018566], ['ARTS AND ENTERTAINMENT', 0.04920711], ['EDUCATION', 0.04787628]]","[['SPORTS', 0.366125], ['RELIGION AND SPIRITUALITY', 0.16233], ['REAL ESTATE', 0.124113], ['FAMILY AND PARENTING', 0.00488317], ['LAW AND GOVERNMENT AND POLITICS', 0.00148147]]",True,50,17,15:25:21.332432
the salmon by Gemma apprehended Gary on Gary,"[['SPORTS', 0.05124897], ['TECHNOLOGY AND COMPUTING', 0.04934511], ['FAMILY AND PARENTING', 0.04874361], ['FOOD AND DRINK', 0.04834756], ['HEALTH AND FITNESS', 0.04823226]]","[['SPORTS', 0.999599], ['HEALTH AND FITNESS', 0.000373221], ['HOBBIES AND INTERESTS', 4.28758e-09], ['REAL ESTATE', 5.41302e-10], ['RELIGION AND SPIRITUALITY', 1.68499e-10]]",False,51,17,15:25:23.829329
I damaged I,"[['TECHNOLOGY AND COMPUTING', 0.05219983], ['HOBBIES AND INTERESTS', 0.05132079], ['SPORTS', 0.04968554], ['AUTOMOTIVE', 0.04945823], ['HOME AND GARDEN', 0.04888215]]","[['HEALTH AND FITNESS', 0.173857], ['HOBBIES AND INTERESTS', 0.166984], ['PERSONAL FINANCE', 0.135069], ['CAREERS', 0.028344], ['HOME AND GARDEN', 0.0235138]]",False,52,17,15:25:26.190757
Gary spent my gibbon near Nick with Nick,"[['TRAVEL', 0.05439519], ['HEALTH AND FITNESS', 0.05188338], ['SCIENCE', 0.05137898], ['AUTOMOTIVE', 0.0505849], ['FAMILY AND PARENTING', 0.04928507]]","[['HOBBIES AND INTERESTS', 0.602953], ['SPORTS', 0.286092], ['HEALTH AND FITNESS', 0.0216464], ['FAMILY AND PARENTING', 0.0172077], ['REAL ESTATE', 0.0118708]]",False,53,17,15:25:29.002227
Gary saw Nick inside Nick,"[['SPORTS', 0.05341848], ['ARTS AND ENTERTAINMENT', 0.05247706], ['HEALTH AND FITNESS', 0.05194017], ['AUTOMOTIVE', 0.05123722], ['SCIENCE', 0.05019885]]","[['HOBBIES AND INTERESTS', 0.633552], ['SPORTS', 0.0221851], ['AUTOMOTIVE', 0.00639661], ['TECHNOLOGY AND COMPUTING', 0.00534919], ['HEALTH AND FITNESS', 0.0037274]]",False,54,17,15:25:31.588299
Gemma disabled the owl,"[['HEALTH AND FITNESS', 0.06019788], ['ARTS AND ENTERTAINMENT', 0.04839054], ['LAW GOVERNMENT AND POLITICS', 0.04802273], ['TRAVEL', 0.04801225], ['PETS', 0.04795885]]","[['FAMILY AND PARENTING', 0.886894], ['HOBBIES AND INTERESTS', 0.0545794], ['AUTOMOTIVE', 0.0383353], ['HEALTH AND FITNESS', 0.00883273], ['PETS', 0.00394541]]",False,55,17,15:25:34.062494
I disabled I in my river,"[['HEALTH AND FITNESS', 0.06163208], ['TRAVEL', 0.05538062], ['HOBBIES AND INTERESTS', 0.05192085], ['SPORTS', 0.05137924], ['TECHNOLOGY AND COMPUTING', 0.05083509]]","[['SPORTS', 0.674002], ['FAMILY AND PARENTING', 0.101835], ['HEALTH AND FITNESS', 0.0120497], ['SOCIETY', 0.00287699], ['TRAVEL', 0.00122063]]",False,56,17,15:25:36.535000
Gary grabbed Gemma by my gibbon,"[['HEALTH AND FITNESS', 0.0535153], ['PETS', 0.04988092], ['AUTOMOTIVE', 0.04907112], ['HOBBIES AND INTERESTS', 0.04891296], ['RELIGION AND SPIRITUALITY', 0.04889429]]","[['SPORTS', 0.868669], ['EDUCATION', 0.0580151], ['SOCIETY', 0.0123268], ['ARTS AND ENTERTAINMENT', 0.00315578], ['SCIENCE', 0.00196572]]",True,57,18,15:25:39.470880
Nick apprehended my baboon,"[['AUTOMOTIVE', 0.05063301], ['TRAVEL', 0.05002433], ['HEALTH AND FITNESS', 0.04996636], ['FAMILY AND PARENTING', 0.04938209], ['PETS', 0.0489471]]","[['RELIGION AND SPIRITUALITY', 0.330849], ['LAW AND GOVERNMENT AND POLITICS', 0.217288], ['REAL ESTATE', 0.0399038], ['SPORTS', 0.0356232], ['HEALTH AND FITNESS', 0.0101953]]",True,58,19,15:25:42.171325
Nick apprehended a lemur in I,"[['SCIENCE', 0.05157931], ['ARTS AND ENTERTAINMENT', 0.0509336], ['HOBBIES AND INTERESTS', 0.04989298], ['SPORTS', 0.0498738], ['FOOD AND DRINK', 0.04983868]]","[['PETS', 0.999668], ['RELIGION AND SPIRITUALITY', 9.13153e-05], ['LAW AND GOVERNMENT AND POLITICS', 7.04005e-05], ['SPORTS', 3.20534e-05], ['REAL ESTATE', 1.5486e-05]]",True,59,20,15:25:44.637679
Nick spent Nick,"[['SCIENCE', 0.05151094], ['TRAVEL', 0.05036103], ['BUSINESS', 0.0496874], ['AUTOMOTIVE', 0.0496872], ['CAREERS', 0.04882604]]","[['HOBBIES AND INTERESTS', 0.428786], ['FOOD AND DRINK', 0.291813], ['TECHNOLOGY AND COMPUTING', 0.158017], ['SPORTS', 0.00891912], ['FAMILY AND PARENTING', 0.00725994]]",True,60,21,15:25:47.402920
Nick damaged my salmon inside a river with a woman inside an park outside Gary,"[['TRAVEL', 0.07092081], ['SPORTS', 0.05812188], ['HEALTH AND FITNESS', 0.05642375], ['RELIGION AND SPIRITUALITY', 0.05155392], ['AUTOMOTIVE', 0.05058758]]","[['TRAVEL', 0.619048], ['SPORTS', 0.380498], ['REAL ESTATE', 0.000298947], ['FAMILY AND PARENTING', 3.74889e-06], ['HOME AND GARDEN', 2.6124e-06]]",False,61,21,15:25:49.843675
Gemma grabbed Gemma in Nick,"[['SCIENCE', 0.05068968], ['ARTS AND ENTERTAINMENT', 0.05009141], ['FAMILY AND PARENTING', 0.04860544], ['EDUCATION', 0.04841533], ['HEALTH AND FITNESS', 0.04817009]]","[['HOBBIES AND INTERESTS', 0.32998], ['SPORTS', 0.320112], ['NON STANDARD CONTENT', 0.139439], ['SOCIETY', 0.0462525], ['HOME AND GARDEN', 0.00798483]]",True,62,22,15:25:52.321369
Nick saw I by an river,"[['HOBBIES AND INTERESTS', 0.05563879], ['SPORTS', 0.05455681], ['TRAVEL', 0.05267601], ['SCIENCE', 0.05115228], ['ARTS AND ENTERTAINMENT', 0.05092607]]","[['SPORTS', 0.1293], ['TRAVEL', 0.0673716], ['HOBBIES AND INTERESTS', 0.0603017], ['AUTOMOTIVE', 0.0400931], ['SOCIETY', 0.0309204]]",False,63,22,15:25:54.905733
a gibbon by Nick saw I with Gary,"[['HOBBIES AND INTERESTS', 0.05465146], ['SPORTS', 0.05389756], ['ARTS AND ENTERTAINMENT', 0.05209577], ['SCIENCE', 0.05125043], ['HEALTH AND FITNESS', 0.05054025]]","[['RELIGION AND SPIRITUALITY', 0.505672], ['HOBBIES AND INTERESTS', 0.144335], ['SPORTS', 0.142068], ['TECHNOLOGY AND COMPUTING', 0.0498233], ['HEALTH AND FITNESS', 0.0151757]]",False,64,22,15:25:57.493011
the baboon inside a river on I saw Gary with the lemur inside Nick,"[['SPORTS', 0.0626122], ['TRAVEL', 0.05431202], ['HOBBIES AND INTERESTS', 0.052628], ['AUTOMOTIVE', 0.05250636], ['SCIENCE', 0.05249674]]","[['PETS', 0.999998], ['FAMILY AND PARENTING', 1.57439e-06], ['EDUCATION', 2.71708e-07], ['SPORTS', 4.38025e-10], ['HOBBIES AND INTERESTS', 1.07856e-10]]",False,65,22,15:26:00.255087
an park damaged Gemma,"[['TRAVEL', 0.05528102], ['SOCIETY', 0.04956815], ['AUTOMOTIVE', 0.04937727], ['HEALTH AND FITNESS', 0.04891168], ['REAL ESTATE', 0.0488813]]","[['TRAVEL', 0.235603], ['SOCIETY', 0.113676], ['HEALTH AND FITNESS', 0.112105], ['HOME AND GARDEN', 0.0456925], ['AUTOMOTIVE', 0.0351874]]",False,66,22,15:26:02.933317
Nick damaged Gemma on Gemma with Gary,"[['ARTS AND ENTERTAINMENT', 0.05082149], ['HEALTH AND FITNESS', 0.05057292], ['SCIENCE', 0.05003638], ['SPORTS', 0.04885177], ['SOCIETY', 0.04840312]]","[['HEALTH AND FITNESS', 0.367492], ['SOCIETY', 0.245462], ['HOBBIES AND INTERESTS', 0.0279973], ['HOME AND GARDEN', 0.0256374], ['TECHNOLOGY AND COMPUTING', 0.0232662]]",False,67,22,15:26:05.685445
Nick chased Gemma on I,"[['ARTS AND ENTERTAINMENT', 0.05205044], ['SCIENCE', 0.05101903], ['HOBBIES AND INTERESTS', 0.0500905], ['TECHNOLOGY AND COMPUTING', 0.0497761], ['FOOD AND DRINK', 0.04971931]]","[['HOBBIES AND INTERESTS', 0.216865], ['SOCIETY', 0.196015], ['HEALTH AND FITNESS', 0.122968], ['TECHNOLOGY AND COMPUTING', 0.0841098], ['ARTS AND ENTERTAINMENT', 0.0705468]]",False,68,22,15:26:08.473096
Nick apprehended Gary in Nick,"[['HEALTH AND FITNESS', 0.05043114], ['SCIENCE', 0.05033141], ['ARTS AND ENTERTAINMENT', 0.05017457], ['SPORTS', 0.04975505], ['FAMILY AND PARENTING', 0.04919596]]","[['HOBBIES AND INTERESTS', 0.948727], ['NON STANDARD CONTENT', 0.0186778], ['RELIGION AND SPIRITUALITY', 0.0100633], ['SPORTS', 0.00690745], ['REAL ESTATE', 0.00572561]]",True,69,23,15:26:11.214853
Gemma chased I inside a salmon with Gemma,"[['SPORTS', 0.0535292], ['TECHNOLOGY AND COMPUTING', 0.05341247], ['ARTS AND ENTERTAINMENT', 0.05043513], ['AUTOMOTIVE', 0.05036032], ['HOME AND GARDEN', 0.04985642]]","[['TRAVEL', 0.938178], ['SPORTS', 0.0618002], ['FOOD AND DRINK', 5.78348e-06], ['SOCIETY', 3.35523e-06], ['HOME AND GARDEN', 2.03956e-06]]",False,70,23,15:26:14.142266
I apprehended I in Gary on Nick on I,"[['SPORTS', 0.05296941], ['ARTS AND ENTERTAINMENT', 0.05117876], ['SCIENCE', 0.05062177], ['HOBBIES AND INTERESTS', 0.0498217], ['FOOD AND DRINK', 0.04942039]]","[['NON STANDARD CONTENT', 0.996724], ['SPORTS', 0.00327046], ['RELIGION AND SPIRITUALITY', 1.221e-06], ['REAL ESTATE', 5.10311e-07], ['HEALTH AND FITNESS', 3.32194e-07]]",True,71,24,15:26:16.884420
my gibbon inside Gemma spent Gary,"[['AUTOMOTIVE', 0.05399248], ['TRAVEL', 0.05378271], ['HEALTH AND FITNESS', 0.05056259], ['SPORTS', 0.04978608], ['PETS', 0.0490072]]","[['RELIGION AND SPIRITUALITY', 1.0], ['SPORTS', 3.06003e-11], ['HOBBIES AND INTERESTS', 1.3351e-11], ['EDUCATION', 7.30299e-12], ['LAW AND GOVERNMENT AND POLITICS', 3.64764e-12]]",True,72,25,15:26:19.670969
the lemur on Gary spent I,"[['SPORTS', 0.05252497], ['TECHNOLOGY AND COMPUTING', 0.05089249], ['TRAVEL', 0.05051323], ['HOME AND GARDEN', 0.04989302], ['HOBBIES AND INTERESTS', 0.04966084]]","[['PETS', 1.0], ['TRAVEL', 5.25188e-22], ['SPORTS', 3.48993e-23], ['EDUCATION', 2.92882e-23], ['HOBBIES AND INTERESTS', 1.80376e-23]]",False,73,25,15:26:22.129088
Nick disabled Gemma,"[['HEALTH AND FITNESS', 0.06034616], ['SCIENCE', 0.0503379], ['ARTS AND ENTERTAINMENT', 0.04951988], ['FOOD AND DRINK', 0.04796386], ['PETS', 0.04773597]]","[['FAMILY AND PARENTING', 0.999797], ['HOBBIES AND INTERESTS', 5.85987e-05], ['HEALTH AND FITNESS', 3.65304e-05], ['TECHNOLOGY AND COMPUTING', 2.06854e-05], ['TRAVEL', 1.79036e-05]]",True,74,26,15:26:24.631525
I saw Gary by Nick,"[['SPORTS', 0.05440541], ['SCIENCE', 0.05348666], ['HOBBIES AND INTERESTS', 0.05213711], ['HEALTH AND FITNESS', 0.05177035], ['AUTOMOTIVE', 0.05145383]]","[['HOBBIES AND INTERESTS', 0.440756], ['SPORTS', 0.316478], ['TECHNOLOGY AND COMPUTING', 0.09559], ['ARTS AND ENTERTAINMENT', 0.0317757], ['HEALTH AND FITNESS', 0.0180739]]",False,75,26,15:26:27.557868
Gary grabbed Nick,"[['HEALTH AND FITNESS', 0.05125157], ['SCIENCE', 0.05036396], ['ARTS AND ENTERTAINMENT', 0.04953513], ['SPORTS', 0.04935542], ['FAMILY AND PARENTING', 0.04923414]]","[['SPORTS', 0.9334], ['TECHNOLOGY AND COMPUTING', 0.000240507], ['EDUCATION', 0.000171379], ['RELIGION AND SPIRITUALITY', 0.000169656], ['ARTS AND ENTERTAINMENT', 8.77474e-05]]",False,76,26,15:26:30.309874
I disabled Gary outside my elephant in a woman,"[['HEALTH AND FITNESS', 0.07326124], ['RELIGION AND SPIRITUALITY', 0.05654674], ['TRAVEL', 0.05437459], ['SPORTS', 0.05150522], ['TECHNOLOGY AND COMPUTING', 0.04996606]]","[['FAMILY AND PARENTING', 0.81777], ['HEALTH AND FITNESS', 0.149921], ['SPORTS', 0.0109233], ['STYLE AND FASHION', 0.00220077], ['SOCIETY', 0.00212646]]",False,77,26,15:26:33.985166
an lemur in I spent an woman near Gemma,"[['RELIGION AND SPIRITUALITY', 0.05416051], ['TRAVEL', 0.05363439], ['SCIENCE', 0.05303191], ['HOBBIES AND INTERESTS', 0.05021178], ['TECHNOLOGY AND COMPUTING', 0.0499762]]","[['PETS', 0.929144], ['CAREERS', 0.03235], ['ARTS AND ENTERTAINMENT', 0.00899249], ['TRAVEL', 0.00823655], ['HEALTH AND FITNESS', 0.00156865]]",True,78,27,15:26:36.636544
I apprehended Gary with Gemma,"[['SPORTS', 0.05356474], ['HOBBIES AND INTERESTS', 0.05064654], ['TECHNOLOGY AND COMPUTING', 0.05061724], ['ARTS AND ENTERTAINMENT', 0.04955061], ['HEALTH AND FITNESS', 0.0490451]]","[['NON STANDARD CONTENT', 1.0], ['STYLE AND FASHION', 2.71886e-10], ['RELIGION AND SPIRITUALITY', 1.41772e-10], ['LAW AND GOVERNMENT AND POLITICS', 1.02262e-10], ['SPORTS', 7.13124e-11]]",True,79,28,15:26:39.288975
an baboon chased Gemma outside an park with my gibbon outside Gemma,"[['TRAVEL', 0.06051205], ['HEALTH AND FITNESS', 0.05242863], ['RELIGION AND SPIRITUALITY', 0.05208934], ['SPORTS', 0.04979261], ['AUTOMOTIVE', 0.04972622]]","[['TRAVEL', 0.657086], ['SPORTS', 0.0580237], ['HOBBIES AND INTERESTS', 0.0405978], ['SOCIETY', 0.028706], ['HEALTH AND FITNESS', 0.0181503]]",False,80,28,15:26:42.309206
Gemma spent a park on an baboon outside I with an park in my lemur by my salmon with I,"[['TRAVEL', 0.06428673], ['SPORTS', 0.05357467], ['RELIGION AND SPIRITUALITY', 0.05166111], ['AUTOMOTIVE', 0.05161867], ['FOOD AND DRINK', 0.05038495]]","[['SPORTS', 0.831791], ['PETS', 0.0870838], ['TRAVEL', 0.0457402], ['HOBBIES AND INTERESTS', 0.0135226], ['HEALTH AND FITNESS', 8.77098e-05]]",False,81,28,15:26:45.318900
Gary apprehended I by I near a salmon inside an baboon,"[['SPORTS', 0.05858652], ['TRAVEL', 0.05262229], ['TECHNOLOGY AND COMPUTING', 0.05161333], ['HOBBIES AND INTERESTS', 0.04982504], ['HOME AND GARDEN', 0.04969169]]","[['SPORTS', 0.999977], ['REAL ESTATE', 2.50245e-06], ['FOOD AND DRINK', 1.13289e-06], ['HEALTH AND FITNESS', 2.65805e-07], ['CAREERS', 2.39141e-07]]",True,82,29,15:26:48.019068
Gary saw I in Gemma,"[['HOBBIES AND INTERESTS', 0.05560912], ['SPORTS', 0.05455518], ['ARTS AND ENTERTAINMENT', 0.05032009], ['HEALTH AND FITNESS', 0.05022104], ['AUTOMOTIVE', 0.04916169]]","[['SPORTS', 0.150592], ['HOBBIES AND INTERESTS', 0.113355], ['SOCIETY', 0.0544386], ['EDUCATION', 0.0387655], ['RELIGION AND SPIRITUALITY', 0.034858]]",False,83,29,15:26:50.761836
Nick chased the elephant with the river in an gibbon by I outside Nick,"[['TRAVEL', 0.06004634], ['SPORTS', 0.05503614], ['RELIGION AND SPIRITUALITY', 0.05200881], ['HOBBIES AND INTERESTS', 0.04932643], ['FOOD AND DRINK', 0.04930016]]","[['SPORTS', 0.484436], ['HOBBIES AND INTERESTS', 0.0791429], ['TRAVEL', 0.0692659], ['PETS', 0.0497777], ['HEALTH AND FITNESS', 0.0478569]]",False,84,29,15:26:53.411079
my park disabled Gary,"[['HEALTH AND FITNESS', 0.06896099], ['TRAVEL', 0.05695076], ['SPORTS', 0.05008775], ['AUTOMOTIVE', 0.04929416], ['PETS', 0.04872352]]","[['FAMILY AND PARENTING', 0.974387], ['SPORTS', 0.0219558], ['CAREERS', 0.000236188], ['AUTOMOTIVE', 0.00015227], ['HEALTH AND FITNESS', 0.000138633]]",False,85,29,15:26:55.851733
Gemma grabbed I with the woman in Nick,"[['SCIENCE', 0.05312037], ['RELIGION AND SPIRITUALITY', 0.05197314], ['ARTS AND ENTERTAINMENT', 0.05176341], ['HEALTH AND FITNESS', 0.05082295], ['HOBBIES AND INTERESTS', 0.05034447]]","[['HOBBIES AND INTERESTS', 0.593372], ['SOCIETY', 0.201751], ['NON STANDARD CONTENT', 0.1268], ['SCIENCE', 0.015935], ['EDUCATION', 0.0113527]]",False,86,29,15:26:58.206884
the park in Gary apprehended the park inside the lemur with I,"[['SPORTS', 0.05943904], ['TRAVEL', 0.05892565], ['ARTS AND ENTERTAINMENT', 0.05024715], ['HEALTH AND FITNESS', 0.04980125], ['AUTOMOTIVE', 0.04903613]]","[['PETS', 1.0], ['AUTOMOTIVE', 5.70346e-11], ['TRAVEL', 1.0021e-11], ['SPORTS', 6.22239e-13], ['HOBBIES AND INTERESTS', 4.22449e-13]]",False,87,29,15:27:00.578147
Gary chased Nick,"[['ARTS AND ENTERTAINMENT', 0.05050188], ['HEALTH AND FITNESS', 0.05049331], ['SCIENCE', 0.05042312], ['FAMILY AND PARENTING', 0.04930577], ['SPORTS', 0.04921962]]","[['REAL ESTATE', 1.0], ['ARTS AND ENTERTAINMENT', 9.51895e-14], ['HEALTH AND FITNESS', 7.24199e-14], ['SPORTS', 5.85989e-14], ['EDUCATION', 3.79195e-14]]",False,88,29,15:27:03.136492
I disabled Gary near Nick,"[['HEALTH AND FITNESS', 0.06260895], ['SCIENCE', 0.05206345], ['SPORTS', 0.05068982], ['TRAVEL', 0.04958185], ['HOBBIES AND INTERESTS', 0.04945195]]","[['FAMILY AND PARENTING', 0.999297], ['SPORTS', 0.000292588], ['HEALTH AND FITNESS', 4.19162e-05], ['TRAVEL', 1.25648e-05], ['TECHNOLOGY AND COMPUTING', 1.1543e-05]]",False,89,29,15:27:05.946296
a river inside an baboon saw Gary near an baboon with my gibbon with I,"[['TRAVEL', 0.0603981], ['SPORTS', 0.05900571], ['HOBBIES AND INTERESTS', 0.05485273], ['AUTOMOTIVE', 0.05291095], ['HEALTH AND FITNESS', 0.05212205]]","[['RELIGION AND SPIRITUALITY', 0.930475], ['SOCIETY', 0.0513396], ['HOBBIES AND INTERESTS', 0.0178029], ['SPORTS', 0.000344367], ['TRAVEL', 2.67366e-06]]",False,90,29,15:27:08.401994
Gary disabled Nick inside the park on I,"[['HEALTH AND FITNESS', 0.06351563], ['SPORTS', 0.05827289], ['TRAVEL', 0.05799484], ['ARTS AND ENTERTAINMENT', 0.0512727], ['AUTOMOTIVE', 0.04890543]]","[['FAMILY AND PARENTING', 0.51734], ['SPORTS', 0.0841402], ['TRAVEL', 0.0718285], ['SCIENCE', 0.00167259], ['CAREERS', 0.0016714]]",False,91,29,15:27:10.942153
Nick spent Nick on an elephant,"[['TRAVEL', 0.05271833], ['SCIENCE', 0.05097349], ['HOME AND GARDEN', 0.04957779], ['AUTOMOTIVE', 0.04939636], ['BUSINESS', 0.04925578]]","[['SPORTS', 0.999992], ['HOBBIES AND INTERESTS', 3.04929e-06], ['FOOD AND DRINK', 1.46029e-06], ['HEALTH AND FITNESS', 4.97572e-07], ['TECHNOLOGY AND COMPUTING', 1.47265e-08]]",True,92,30,15:27:13.292633
Gary disabled Nick outside I on Gemma,"[['HEALTH AND FITNESS', 0.06437787], ['SPORTS', 0.05422161], ['ARTS AND ENTERTAINMENT', 0.05025327], ['FOOD AND DRINK', 0.0497096], ['TRAVEL', 0.0493716]]","[['FAMILY AND PARENTING', 0.992733], ['SPORTS', 0.00188333], ['ARTS AND ENTERTAINMENT', 0.000434301], ['HOBBIES AND INTERESTS', 0.000272808], ['TRAVEL', 0.000255874]]",False,93,30,15:27:15.620723
the park on I disabled Gemma with a woman outside an woman with the elephant by I,"[['HEALTH AND FITNESS', 0.06659533], ['TRAVEL', 0.06249512], ['RELIGION AND SPIRITUALITY', 0.05467135], ['SPORTS', 0.05316229], ['HOBBIES AND INTERESTS', 0.0487519]]","[['SOCIETY', 0.996976], ['HEALTH AND FITNESS', 0.00204992], ['SPORTS', 0.000271761], ['HOBBIES AND INTERESTS', 0.000239922], ['FAMILY AND PARENTING', 0.000151369]]",False,94,30,15:27:18.095917
an river grabbed Nick inside an gibbon in Gary,"[['TRAVEL', 0.05643458], ['SPORTS', 0.05601901], ['ARTS AND ENTERTAINMENT', 0.05051221], ['HEALTH AND FITNESS', 0.04928593], ['SCIENCE', 0.0491419]]","[['RELIGION AND SPIRITUALITY', 0.998952], ['SPORTS', 0.00103736], ['EDUCATION', 4.83095e-08], ['FOOD AND DRINK', 1.78722e-08], ['AUTOMOTIVE', 1.51585e-08]]",True,95,31,15:27:20.494319
Nick spent I near Gemma inside an salmon,"[['TRAVEL', 0.0547448], ['SCIENCE', 0.05349567], ['TECHNOLOGY AND COMPUTING', 0.05190144], ['AUTOMOTIVE', 0.05173734], ['HOME AND GARDEN', 0.05137429]]","[['SPORTS', 0.98812], ['SOCIETY', 0.00356488], ['REAL ESTATE', 0.0011095], ['HOME AND GARDEN', 0.000578208], ['TRAVEL', 0.000453665]]",False,96,31,15:27:23.833372
Gary chased Nick on Nick,"[['ARTS AND ENTERTAINMENT', 0.05050188], ['HEALTH AND FITNESS', 0.05049331], ['SCIENCE', 0.05042312], ['FAMILY AND PARENTING', 0.04930577], ['SPORTS', 0.04921962]]","[['SPORTS', 0.802428], ['REAL ESTATE', 0.197572], ['ARTS AND ENTERTAINMENT', 4.24329e-09], ['HEALTH AND FITNESS', 2.97208e-09], ['TECHNOLOGY AND COMPUTING', 2.135e-09]]",False,97,31,15:27:26.182311
I damaged Gary on Nick,"[['SPORTS', 0.05212438], ['ARTS AND ENTERTAINMENT', 0.05099814], ['HOBBIES AND INTERESTS', 0.05079539], ['SCIENCE', 0.05037615], ['TECHNOLOGY AND COMPUTING', 0.05031393]]","[['SPORTS', 0.201683], ['HOME AND GARDEN', 0.171641], ['HOBBIES AND INTERESTS', 0.059666], ['SOCIETY', 0.045839], ['FAMILY AND PARENTING', 0.0456134]]",False,98,31,15:27:28.598160
Gary saw my park in Gary with Nick,"[['HEALTH AND FITNESS', 0.057223], ['TRAVEL', 0.05612101], ['AUTOMOTIVE', 0.05256273], ['SPORTS', 0.05089333], ['HOBBIES AND INTERESTS', 0.0508225]]","[['SPORTS', 0.338068], ['SOCIETY', 0.150741], ['HOBBIES AND INTERESTS', 0.0818534], ['HEALTH AND FITNESS', 0.0536684], ['TRAVEL', 0.027121]]",False,99,31,15:27:31.094210
Gemma disabled my river on the baboon with Gemma,"[['HEALTH AND FITNESS', 0.06146023], ['TRAVEL', 0.05592777], ['HOBBIES AND INTERESTS', 0.04981925], ['AUTOMOTIVE', 0.04926596], ['RELIGION AND SPIRITUALITY', 0.04917385]]","[['EDUCATION', 0.999845], ['FAMILY AND PARENTING', 4.91985e-05], ['SPORTS', 2.40453e-05], ['HEALTH AND FITNESS', 2.22097e-05], ['HOBBIES AND INTERESTS', 1.59904e-05]]",False,100,31,15:27:33.755627
a lemur in Gary spent Gemma in Gary,"[['BUSINESS', 0.0503389], ['TRAVEL', 0.04987672], ['SPORTS', 0.0492258], ['CAREERS', 0.04872895], ['LAW GOVERNMENT AND POLITICS', 0.0486384]]","[['PETS', 0.974148], ['TRAVEL', 0.0070227], ['SPORTS', 0.00467427], ['EDUCATION', 0.000660312], ['HOME AND GARDEN', 0.00041847]]",False,101,31,15:27:36.560815
Gary saw Nick on a owl by Gary,"[['HEALTH AND FITNESS', 0.05250092], ['ARTS AND ENTERTAINMENT', 0.05206893], ['SPORTS', 0.05080195], ['SCIENCE', 0.05067372], ['HOBBIES AND INTERESTS', 0.05067008]]","[['SPORTS', 0.999875], ['HOME AND GARDEN', 2.0521e-06], ['TECHNOLOGY AND COMPUTING', 1.14943e-06], ['HOBBIES AND INTERESTS', 9.1831e-07], ['FAMILY AND PARENTING', 5.04825e-07]]",False,102,31,15:27:39.187288
an elephant saw Gary,"[['HEALTH AND FITNESS', 0.05278611], ['HOBBIES AND INTERESTS', 0.05209765], ['SPORTS', 0.05141438], ['BUSINESS', 0.04894702], ['EDUCATION', 0.04831112]]","[['HEALTH AND FITNESS', 0.369788], ['HOBBIES AND INTERESTS', 0.360854], ['SPORTS', 0.237706], ['ARTS AND ENTERTAINMENT', 0.00271434], ['RELIGION AND SPIRITUALITY', 0.00111936]]",False,103,31,15:27:41.991536
an lemur grabbed an park on Gary by a baboon on I inside my baboon,"[['TRAVEL', 0.06079334], ['SPORTS', 0.0578809], ['HEALTH AND FITNESS', 0.05318974], ['AUTOMOTIVE', 0.05250762], ['HOBBIES AND INTERESTS', 0.05051075]]","[['HOBBIES AND INTERESTS', 0.999135], ['PETS', 0.00085689], ['TRAVEL', 2.70328e-06], ['SPORTS', 2.57647e-06], ['TECHNOLOGY AND COMPUTING', 1.00384e-07]]",False,104,31,15:27:44.957150
I chased I,"[['TECHNOLOGY AND COMPUTING', 0.05109663], ['HOBBIES AND INTERESTS', 0.0503214], ['SPORTS', 0.04986416], ['FOOD AND DRINK', 0.04927641], ['HOME AND GARDEN', 0.04927044]]","[['TRAVEL', 1.0], ['SCIENCE', 1.50066e-12], ['HEALTH AND FITNESS', 4.9042e-13], ['HOBBIES AND INTERESTS', 3.67366e-13], ['ARTS AND ENTERTAINMENT', 2.07602e-13]]",True,105,32,15:27:47.420015
Gary spent Nick inside I,"[['SPORTS', 0.05438403], ['TRAVEL', 0.05247024], ['AUTOMOTIVE', 0.05134151], ['TECHNOLOGY AND COMPUTING', 0.05074554], ['SCIENCE', 0.05069489]]","[['TECHNOLOGY AND COMPUTING', 0.698602], ['FOOD AND DRINK', 0.188765], ['HOBBIES AND INTERESTS', 0.0412861], ['SPORTS', 0.0111585], ['ARTS AND ENTERTAINMENT', 0.00392224]]",False,106,32,15:27:49.876365
I disabled Gary in I inside Gemma,"[['HEALTH AND FITNESS', 0.06100562], ['SPORTS', 0.05559164], ['TECHNOLOGY AND COMPUTING', 0.05166054], ['ARTS AND ENTERTAINMENT', 0.04994011], ['HOBBIES AND INTERESTS', 0.04892885]]","[['FAMILY AND PARENTING', 0.968627], ['HEALTH AND FITNESS', 0.00455671], ['SPORTS', 0.00194117], ['HOBBIES AND INTERESTS', 0.00136662], ['TECHNOLOGY AND COMPUTING', 0.000968602]]",False,107,32,15:27:52.544507
Nick spent my lemur,"[['AUTOMOTIVE', 0.05289817], ['TRAVEL', 0.05196459], ['SCIENCE', 0.05048357], ['HOME AND GARDEN', 0.04918687], ['FAMILY AND PARENTING', 0.04913395]]","[['PETS', 1.0], ['HOBBIES AND INTERESTS', 8.89415e-08], ['SPORTS', 3.38168e-08], ['HEALTH AND FITNESS', 1.39529e-08], ['ARTS AND ENTERTAINMENT', 1.28035e-08]]",True,108,33,15:27:55.308308
Nick damaged I with the park with Gemma,"[['TRAVEL', 0.0552683], ['ARTS AND ENTERTAINMENT', 0.05150165], ['SPORTS', 0.05118303], ['HOBBIES AND INTERESTS', 0.05076429], ['AUTOMOTIVE', 0.0499766]]","[['TRAVEL', 0.668587], ['PETS', 0.0401422], ['SPORTS', 0.0140875], ['SOCIETY', 0.00955208], ['STYLE AND FASHION', 0.00523674]]",False,109,33,15:27:57.719834
my lemur apprehended I by Gary by Gary,"[['SPORTS', 0.05177851], ['TECHNOLOGY AND COMPUTING', 0.05169562], ['HOBBIES AND INTERESTS', 0.05147456], ['HEALTH AND FITNESS', 0.05140103], ['TRAVEL', 0.04964984]]","[['PETS', 0.63658], ['SPORTS', 0.249809], ['FAMILY AND PARENTING', 0.0275464], ['TRAVEL', 0.010447], ['HOBBIES AND INTERESTS', 0.00976533]]",False,110,33,15:28:00.184577
an park on my river damaged Nick near I,"[['TRAVEL', 0.06920359], ['HOBBIES AND INTERESTS', 0.05235945], ['SPORTS', 0.05160256], ['AUTOMOTIVE', 0.05156452], ['HEALTH AND FITNESS', 0.04961713]]","[['HOME AND GARDEN', 0.999995], ['SPORTS', 4.20988e-06], ['TRAVEL', 3.88967e-07], ['PETS', 8.48288e-09], ['SCIENCE', 8.44244e-09]]",False,111,33,15:28:02.487874
I disabled I in Nick,"[['HEALTH AND FITNESS', 0.05855998], ['SCIENCE', 0.05054784], ['TECHNOLOGY AND COMPUTING', 0.05043285], ['ARTS AND ENTERTAINMENT', 0.05008763], ['FOOD AND DRINK', 0.0498332]]","[['NON STANDARD CONTENT', 0.713035], ['FAMILY AND PARENTING', 0.263489], ['HOBBIES AND INTERESTS', 0.0217213], ['HEALTH AND FITNESS', 0.000219157], ['SPORTS', 0.000176042]]",True,112,34,15:28:05.290829
I apprehended the gibbon,"[['TECHNOLOGY AND COMPUTING', 0.05107387], ['HOBBIES AND INTERESTS', 0.05039943], ['SPORTS', 0.05038482], ['FOOD AND DRINK', 0.04926186], ['HOME AND GARDEN', 0.04911735]]","[['NON STANDARD CONTENT', 1.0], ['LAW AND GOVERNMENT AND POLITICS', 2.23154e-10], ['RELIGION AND SPIRITUALITY', 1.08861e-10], ['SCIENCE', 1.97738e-11], ['HEALTH AND FITNESS', 1.62203e-11]]",True,113,35,15:28:08.104085
Gemma grabbed my gibbon outside the river near Gary by Gemma,"[['TRAVEL', 0.06200515], ['RELIGION AND SPIRITUALITY', 0.05428449], ['HEALTH AND FITNESS', 0.05400819], ['SPORTS', 0.05217643], ['PETS', 0.0487678]]","[['HEALTH AND FITNESS', 0.999575], ['SPORTS', 0.000317349], ['TRAVEL', 9.88291e-06], ['EDUCATION', 1.56989e-06], ['HOBBIES AND INTERESTS', 1.35684e-06]]",False,114,35,15:28:10.926195
an baboon damaged Nick in an park,"[['TRAVEL', 0.05583014], ['ARTS AND ENTERTAINMENT', 0.04959953], ['HEALTH AND FITNESS', 0.04911191], ['AUTOMOTIVE', 0.04910424], ['SPORTS', 0.04884894]]","[['PETS', 0.999995], ['SOCIETY', 1.57818e-06], ['TRAVEL', 4.0074e-07], ['HOME AND GARDEN', 2.06186e-07], ['HEALTH AND FITNESS', 1.98292e-07]]",False,115,35,15:28:13.640945
Gemma damaged my elephant outside the lemur in a salmon by my lemur by Gary,"[['HEALTH AND FITNESS', 0.05319212], ['TRAVEL', 0.05271923], ['SPORTS', 0.05107172], ['RELIGION AND SPIRITUALITY', 0.04948795], ['TECHNOLOGY AND COMPUTING', 0.04938201]]","[['PETS', 1.0], ['SPORTS', 1.02665e-13], ['TRAVEL', 1.42948e-15], ['HOBBIES AND INTERESTS', 8.48638e-17], ['ARTS AND ENTERTAINMENT', 5.8991e-17]]",False,116,35,15:28:16.027141
a baboon by the river inside a salmon near an baboon on I apprehended I inside my woman with Gary outside Gemma,"[['TRAVEL', 0.06555851], ['SPORTS', 0.06013219], ['RELIGION AND SPIRITUALITY', 0.05533995], ['HEALTH AND FITNESS', 0.05362443], ['TECHNOLOGY AND COMPUTING', 0.04910915]]","[['NON STANDARD CONTENT', 0.854646], ['SPORTS', 0.100619], ['HOBBIES AND INTERESTS', 0.0384353], ['HEALTH AND FITNESS', 0.00524618], ['REAL ESTATE', 0.000284793]]",False,117,35,15:28:18.356540
Gary chased I on Gemma with Nick,"[['ARTS AND ENTERTAINMENT', 0.052278], ['SPORTS', 0.05223331], ['SCIENCE', 0.05061519], ['HOBBIES AND INTERESTS', 0.05000855], ['FOOD AND DRINK', 0.04929179]]","[['REAL ESTATE', 0.860152], ['TRAVEL', 0.139848], ['HEALTH AND FITNESS', 1.28966e-08], ['HOBBIES AND INTERESTS', 2.37805e-09], ['SPORTS', 2.08093e-09]]",False,118,35,15:28:20.960937
Gemma disabled Nick in the owl with the gibbon in Gemma,"[['HEALTH AND FITNESS', 0.06028065], ['ARTS AND ENTERTAINMENT', 0.05088181], ['SCIENCE', 0.05013675], ['FOOD AND DRINK', 0.04806671], ['TRAVEL', 0.047858]]","[['RELIGION AND SPIRITUALITY', 0.998549], ['FAMILY AND PARENTING', 0.000575159], ['HOBBIES AND INTERESTS', 0.000475295], ['HEALTH AND FITNESS', 7.55714e-05], ['AUTOMOTIVE', 3.14979e-05]]",True,119,36,15:28:23.766159
a baboon spent Nick in I with Nick,"[['SCIENCE', 0.05148541], ['TRAVEL', 0.05095696], ['HOME AND GARDEN', 0.05036432], ['TECHNOLOGY AND COMPUTING', 0.04993669], ['AUTOMOTIVE', 0.04972773]]","[['HOBBIES AND INTERESTS', 0.546911], ['SOCIETY', 0.453088], ['FOOD AND DRINK', 2.33906e-08], ['PETS', 1.84904e-08], ['SPORTS', 1.30522e-08]]",True,120,37,15:28:26.500170
the elephant grabbed Nick with Gemma outside I,"[['TRAVEL', 0.05272464], ['SPORTS', 0.05127256], ['RELIGION AND SPIRITUALITY', 0.0503877], ['ARTS AND ENTERTAINMENT', 0.04997466], ['SCIENCE', 0.04958964]]","[['PETS', 0.345309], ['HOBBIES AND INTERESTS', 0.178287], ['HEALTH AND FITNESS', 0.115051], ['SPORTS', 0.082441], ['STYLE AND FASHION', 0.0227107]]",True,121,38,15:28:29.206073
Gary grabbed Gemma by Gary,"[['HEALTH AND FITNESS', 0.05090709], ['SPORTS', 0.04993724], ['BUSINESS', 0.04845824], ['PERSONAL FINANCE', 0.04804241], ['PETS', 0.0480362]]","[['SPORTS', 0.345627], ['ILLEGAL CONTENT', 0.00517212], ['EDUCATION', 0.0036999], ['SCIENCE', 0.0020456], ['HOBBIES AND INTERESTS', 0.00130686]]",True,122,39,15:28:31.642656
Nick grabbed Gary,"[['HEALTH AND FITNESS', 0.05125157], ['SCIENCE', 0.05036396], ['ARTS AND ENTERTAINMENT', 0.04953513], ['SPORTS', 0.04935542], ['FAMILY AND PARENTING', 0.04923414]]","[['SOCIETY', 1.0], ['SPORTS', 8.50412e-09], ['TECHNOLOGY AND COMPUTING', 5.38796e-12], ['EDUCATION', 3.9344e-12], ['RELIGION AND SPIRITUALITY', 3.81434e-12]]",True,123,40,15:28:33.981629
a elephant near I grabbed Gary on my salmon,"[['TRAVEL', 0.05354596], ['HOBBIES AND INTERESTS', 0.05237054], ['HEALTH AND FITNESS', 0.05167179], ['HOME AND GARDEN', 0.05154558], ['TECHNOLOGY AND COMPUTING', 0.0512067]]","[['SPORTS', 0.568614], ['PETS', 0.0705667], ['HOBBIES AND INTERESTS', 0.0185344], ['RELIGION AND SPIRITUALITY', 0.00950656], ['TRAVEL', 0.0066552]]",False,124,40,15:28:36.441897
the owl with Gary saw Gemma,"[['HEALTH AND FITNESS', 0.05215558], ['HOBBIES AND INTERESTS', 0.05154439], ['SPORTS', 0.05140825], ['ARTS AND ENTERTAINMENT', 0.05046385], ['BUSINESS', 0.04857932]]","[['PETS', 0.359678], ['RELIGION AND SPIRITUALITY', 0.239989], ['AUTOMOTIVE', 0.166879], ['HEALTH AND FITNESS', 0.0875765], ['HOBBIES AND INTERESTS', 0.0794107]]",False,125,40,15:28:39.031469
my lemur near I chased Gemma with I outside my river by Gary on an park near the elephant,"[['TRAVEL', 0.07635721], ['SPORTS', 0.05786354], ['HEALTH AND FITNESS', 0.05388751], ['RELIGION AND SPIRITUALITY', 0.05182774], ['HOBBIES AND INTERESTS', 0.05065379]]","[['HOBBIES AND INTERESTS', 0.972528], ['PETS', 0.0274624], ['TRAVEL', 3.64963e-06], ['SPORTS', 1.33881e-06], ['FOOD AND DRINK', 7.66217e-07]]",False,126,40,15:28:41.658253
Nick disabled a baboon near I with an lemur with the salmon by Gary,"[['HEALTH AND FITNESS', 0.06097794], ['SCIENCE', 0.05289582], ['SPORTS', 0.05269783], ['FOOD AND DRINK', 0.05024687], ['TECHNOLOGY AND COMPUTING', 0.04952315]]","[['PETS', 0.962794], ['SPORTS', 0.0372029], ['HOBBIES AND INTERESTS', 3.29575e-06], ['FAMILY AND PARENTING', 1.42593e-08], ['TECHNOLOGY AND COMPUTING', 1.71258e-10]]",False,127,40,15:28:44.512786
Gary apprehended a elephant with Nick,"[['HEALTH AND FITNESS', 0.05076001], ['TRAVEL', 0.04991514], ['SCIENCE', 0.04981096], ['SPORTS', 0.04972026], ['ARTS AND ENTERTAINMENT', 0.04948705]]","[['HEALTH AND FITNESS', 0.413861], ['REAL ESTATE', 0.152569], ['SPORTS', 0.144635], ['HOBBIES AND INTERESTS', 0.0318247], ['RELIGION AND SPIRITUALITY', 0.030071]]",False,128,40,15:28:47.277844
an park grabbed the woman by a river on Gary,"[['TRAVEL', 0.06419767], ['SPORTS', 0.0549968], ['HEALTH AND FITNESS', 0.05487991], ['RELIGION AND SPIRITUALITY', 0.05228773], ['REAL ESTATE', 0.04843997]]","[['SPORTS', 0.459401], ['SOCIETY', 0.0685771], ['TRAVEL', 0.0202407], ['SCIENCE', 0.0197958], ['EDUCATION', 0.00174544]]",False,129,40,15:28:50.078447
Nick saw Nick,"[['SCIENCE', 0.0512408], ['ARTS AND ENTERTAINMENT', 0.05062646], ['AUTOMOTIVE', 0.05034704], ['HOBBIES AND INTERESTS', 0.05033196], ['HEALTH AND FITNESS', 0.04963176]]","[['HOBBIES AND INTERESTS', 0.765473], ['TECHNOLOGY AND COMPUTING', 0.016029], ['FAMILY AND PARENTING', 0.00896379], ['SPORTS', 0.00849256], ['RELIGION AND SPIRITUALITY', 0.00809455]]",True,130,41,15:28:52.597919
Gary spent Nick in Nick,"[['SCIENCE', 0.05111728], ['TRAVEL', 0.05000678], ['BUSINESS', 0.0499322], ['FAMILY AND PARENTING', 0.0490771], ['HEALTH AND FITNESS', 0.04899193]]","[['HOBBIES AND INTERESTS', 0.959554], ['NON STANDARD CONTENT', 0.0288029], ['FOOD AND DRINK', 0.00618099], ['TECHNOLOGY AND COMPUTING', 0.00199345], ['SPORTS', 0.000545051]]",True,131,42,15:28:55.127791
Nick apprehended Gary,"[['HEALTH AND FITNESS', 0.05043114], ['SCIENCE', 0.05033141], ['ARTS AND ENTERTAINMENT', 0.05017457], ['SPORTS', 0.04975505], ['FAMILY AND PARENTING', 0.04919596]]","[['RELIGION AND SPIRITUALITY', 0.495578], ['SPORTS', 0.200918], ['REAL ESTATE', 0.151206], ['HEALTH AND FITNESS', 0.0851018], ['LAW AND GOVERNMENT AND POLITICS', 0.029714]]",False,132,42,15:28:57.879398
Gary apprehended Nick,"[['HEALTH AND FITNESS', 0.05043114], ['SCIENCE', 0.05033141], ['ARTS AND ENTERTAINMENT', 0.05017457], ['SPORTS', 0.04975505], ['FAMILY AND PARENTING', 0.04919596]]","[['RELIGION AND SPIRITUALITY', 0.495578], ['SPORTS', 0.200918], ['REAL ESTATE', 0.151206], ['HEALTH AND FITNESS', 0.0851018], ['LAW AND GOVERNMENT AND POLITICS', 0.029714]]",False,133,42,15:29:00.487303
Nick saw the salmon by a owl by the baboon near I,"[['HOBBIES AND INTERESTS', 0.05372361], ['SCIENCE', 0.05343322], ['ARTS AND ENTERTAINMENT', 0.05122915], ['SPORTS', 0.05109141], ['HOME AND GARDEN', 0.04986779]]","[['SPORTS', 0.991871], ['EDUCATION', 0.00812895], ['PETS', 4.50095e-08], ['HOBBIES AND INTERESTS', 2.35932e-08], ['AUTOMOTIVE', 4.17763e-09]]",False,134,42,15:29:02.913184
Gary spent Nick on Gary,"[['SCIENCE', 0.05111728], ['TRAVEL', 0.05000678], ['BUSINESS', 0.0499322], ['FAMILY AND PARENTING', 0.0490771], ['HEALTH AND FITNESS', 0.04899193]]","[['SPORTS', 0.999996], ['FOOD AND DRINK', 3.22166e-06], ['TECHNOLOGY AND COMPUTING', 6.29548e-07], ['HOME AND GARDEN', 6.24707e-09], ['LAW AND GOVERNMENT AND POLITICS', 5.69382e-09]]",True,135,43,15:29:05.336059
Gary spent Gemma by an baboon outside I,"[['SPORTS', 0.05522562], ['TRAVEL', 0.05330647], ['RELIGION AND SPIRITUALITY', 0.05196369], ['TECHNOLOGY AND COMPUTING', 0.05032148], ['BUSINESS', 0.04963646]]","[['EDUCATION', 0.0779629], ['PERSONAL FINANCE', 0.05062], ['SPORTS', 0.0495442], ['RELIGION AND SPIRITUALITY', 0.0349774], ['FAMILY AND PARENTING', 0.0293283]]",False,136,43,15:29:07.753806
an gibbon chased Nick with Nick in Gemma,"[['ARTS AND ENTERTAINMENT', 0.05123219], ['SCIENCE', 0.05069688], ['FAMILY AND PARENTING', 0.04865466], ['FOOD AND DRINK', 0.04794813], ['EDUCATION', 0.04789851]]","[['HOBBIES AND INTERESTS', 0.628672], ['TECHNOLOGY AND COMPUTING', 0.108443], ['HEALTH AND FITNESS', 0.0437733], ['REAL ESTATE', 0.0212127], ['SPORTS', 0.0121891]]",True,137,44,15:29:10.454512
Gary grabbed Gemma inside Nick on Nick by Nick,"[['ARTS AND ENTERTAINMENT', 0.05194117], ['SPORTS', 0.05185856], ['HEALTH AND FITNESS', 0.05042869], ['SCIENCE', 0.04967683], ['FAMILY AND PARENTING', 0.04941206]]","[['SPORTS', 0.999076], ['HOBBIES AND INTERESTS', 0.000662695], ['TECHNOLOGY AND COMPUTING', 1.84685e-05], ['FAMILY AND PARENTING', 3.92414e-06], ['AUTOMOTIVE', 2.09272e-06]]",False,138,44,15:29:12.837399
an lemur near Gary spent a woman in a gibbon,"[['TRAVEL', 0.05331255], ['HEALTH AND FITNESS', 0.05290859], ['SCIENCE', 0.05236504], ['RELIGION AND SPIRITUALITY', 0.05206968], ['BUSINESS', 0.04935507]]","[['REAL ESTATE', 0.234137], ['PETS', 0.19353], ['TRAVEL', 0.164821], ['SPORTS', 0.0734431], ['HOBBIES AND INTERESTS', 0.0668866]]",True,139,45,15:29:15.260663
Gary saw Gary,"[['HEALTH AND FITNESS', 0.0524503], ['SPORTS', 0.05145643], ['HOBBIES AND INTERESTS', 0.05079321], ['BUSINESS', 0.04937711], ['AUTOMOTIVE', 0.04853933]]","[['SPORTS', 0.778287], ['HOME AND GARDEN', 0.0108449], ['LAW AND GOVERNMENT AND POLITICS', 0.0105665], ['RELIGION AND SPIRITUALITY', 0.0100787], ['EDUCATION', 0.00843866]]",True,140,46,15:29:17.894674
an river inside my river in a lemur outside Gary grabbed Gary inside the woman near Gemma by my baboon with Nick,"[['TRAVEL', 0.06554202], ['HEALTH AND FITNESS', 0.05770477], ['SPORTS', 0.05426069], ['RELIGION AND SPIRITUALITY', 0.05412929], ['SCIENCE', 0.05084722]]","[['SPORTS', 0.248194], ['SCIENCE', 0.23431], ['SOCIETY', 0.0380641], ['PETS', 0.0304777], ['RELIGION AND SPIRITUALITY', 0.0258504]]",False,141,46,15:29:20.558256
a lemur with I damaged Nick in an river in I,"[['TRAVEL', 0.05379279], ['SPORTS', 0.05273299], ['HOBBIES AND INTERESTS', 0.05235505], ['SCIENCE', 0.0508459], ['ARTS AND ENTERTAINMENT', 0.04996854]]","[['PETS', 0.999967], ['HOBBIES AND INTERESTS', 3.25769e-05], ['SPORTS', 4.79876e-08], ['TRAVEL', 1.06951e-08], ['REAL ESTATE', 1.00643e-09]]",False,142,46,15:29:23.424474
a lemur chased Gemma inside Nick,"[['ARTS AND ENTERTAINMENT', 0.05273946], ['SCIENCE', 0.05069592], ['AUTOMOTIVE', 0.05016455], ['TRAVEL', 0.04908474], ['FAMILY AND PARENTING', 0.04895458]]","[['PETS', 0.998725], ['HOBBIES AND INTERESTS', 0.000845365], ['TECHNOLOGY AND COMPUTING', 4.48717e-05], ['BUSINESS', 2.17703e-05], ['SOCIETY', 1.86118e-05]]",True,143,47,15:29:26.048170
Gemma saw Gemma,"[['HOBBIES AND INTERESTS', 0.05119651], ['AUTOMOTIVE', 0.05018189], ['HEALTH AND FITNESS', 0.04930151], ['BUSINESS', 0.04915911], ['ARTS AND ENTERTAINMENT', 0.04906208]]","[['HOBBIES AND INTERESTS', 0.377529], ['HEALTH AND FITNESS', 0.166123], ['SOCIETY', 0.146821], ['HOME AND GARDEN', 0.0118638], ['BUSINESS', 0.000129729]]",False,144,47,15:29:28.427875
the woman damaged an baboon,"[['RELIGION AND SPIRITUALITY', 0.05162499], ['HEALTH AND FITNESS', 0.05147129], ['SOCIETY', 0.05082313], ['LAW GOVERNMENT AND POLITICS', 0.04936487], ['REAL ESTATE', 0.04903442]]","[['FAMILY AND PARENTING', 0.928005], ['HEALTH AND FITNESS', 0.0499501], ['SOCIETY', 0.00296436], ['PETS', 0.00269962], ['STYLE AND FASHION', 0.000760605]]",False,145,47,15:29:30.864316
the woman outside the baboon damaged Gary,"[['HEALTH AND FITNESS', 0.05616992], ['RELIGION AND SPIRITUALITY', 0.05510142], ['SPORTS', 0.05119514], ['TRAVEL', 0.05035505], ['BUSINESS', 0.04950276]]","[['SOCIETY', 0.993833], ['EDUCATION', 0.00545954], ['PETS', 0.000707779], ['FAMILY AND PARENTING', 8.24436e-08], ['HEALTH AND FITNESS', 5.77552e-09]]",True,146,48,15:29:33.562344
the baboon saw Gary outside Gemma,"[['SPORTS', 0.0542462], ['HEALTH AND FITNESS', 0.05367662], ['BUSINESS', 0.05150414], ['HOBBIES AND INTERESTS', 0.04914734], ['TRAVEL', 0.04872686]]","[['EDUCATION', 0.940078], ['SOCIETY', 0.0599218], ['SPORTS', 1.00317e-11], ['HOBBIES AND INTERESTS', 2.47747e-12], ['RELIGION AND SPIRITUALITY', 1.7555e-12]]",False,147,48,15:29:36.326574
Gary spent the baboon outside Nick inside Gemma,"[['TRAVEL', 0.05529049], ['SPORTS', 0.05380935], ['BUSINESS', 0.05279454], ['HEALTH AND FITNESS', 0.04955778], ['ARTS AND ENTERTAINMENT', 0.04943619]]","[['EDUCATION', 0.999999], ['SPORTS', 1.90516e-07], ['HOBBIES AND INTERESTS', 1.31733e-07], ['TRAVEL', 2.00651e-08], ['REAL ESTATE', 1.78781e-08]]",False,148,48,15:29:39.095658
my owl saw Gemma by a river inside Gemma inside Gary,"[['TRAVEL', 0.05758492], ['SPORTS', 0.05625557], ['AUTOMOTIVE', 0.05324348], ['HEALTH AND FITNESS', 0.05272808], ['HOBBIES AND INTERESTS', 0.0520327]]","[['SPORTS', 0.312458], ['HOBBIES AND INTERESTS', 0.30853], ['PETS', 0.024887], ['RELIGION AND SPIRITUALITY', 0.0153184], ['SCIENCE', 0.0130942]]",False,149,48,15:29:41.547810
I chased Gemma,"[['TECHNOLOGY AND COMPUTING', 0.05113154], ['HOBBIES AND INTERESTS', 0.05063265], ['SPORTS', 0.04972804], ['ARTS AND ENTERTAINMENT', 0.04966022], ['HOME AND GARDEN', 0.04926179]]","[['SCIENCE', 0.336705], ['HOBBIES AND INTERESTS', 0.0971366], ['SOCIETY', 0.0813831], ['HEALTH AND FITNESS', 0.0790976], ['SPORTS', 0.0230474]]",False,150,48,15:29:44.017861
an elephant chased the woman by I in an owl in Gary with my gibbon with Nick,"[['HEALTH AND FITNESS', 0.0564812], ['TRAVEL', 0.0526107], ['HOBBIES AND INTERESTS', 0.05235768], ['ARTS AND ENTERTAINMENT', 0.05124947], ['RELIGION AND SPIRITUALITY', 0.05083457]]","[['RELIGION AND SPIRITUALITY', 0.549361], ['HOBBIES AND INTERESTS', 0.000429615], ['PETS', 0.000353371], ['SOCIETY', 6.10779e-05], ['SPORTS', 3.99456e-05]]",False,151,48,15:29:46.770907
the gibbon disabled Gemma outside Gemma,"[['HEALTH AND FITNESS', 0.06207238], ['RELIGION AND SPIRITUALITY', 0.0512128], ['TRAVEL', 0.04969933], ['PETS', 0.04876369], ['BUSINESS', 0.04852509]]","[['FAMILY AND PARENTING', 0.540917], ['HOBBIES AND INTERESTS', 0.207226], ['HEALTH AND FITNESS', 0.146792], ['SPORTS', 0.00660892], ['TRAVEL', 0.00173121]]",False,152,48,15:29:49.844989
I apprehended the elephant by Nick outside Nick,"[['TRAVEL', 0.05344877], ['SPORTS', 0.05174195], ['FOOD AND DRINK', 0.04972335], ['SCIENCE', 0.04966309], ['RELIGION AND SPIRITUALITY', 0.04960719]]","[['NON STANDARD CONTENT', 0.999996], ['HEALTH AND FITNESS', 1.08961e-06], ['PETS', 5.15492e-07], ['HOBBIES AND INTERESTS', 5.04035e-07], ['RELIGION AND SPIRITUALITY', 9.34133e-08]]",True,153,49,15:29:52.608287
the lemur saw I,"[['HOBBIES AND INTERESTS', 0.05538235], ['SPORTS', 0.051541], ['AUTOMOTIVE', 0.05074661], ['ARTS AND ENTERTAINMENT', 0.04935617], ['TECHNOLOGY AND COMPUTING', 0.04925311]]","[['PETS', 1.0], ['TRAVEL', 2.73794e-27], ['RELIGION AND SPIRITUALITY', 5.09363e-29], ['HOBBIES AND INTERESTS', 3.8738e-29], ['AUTOMOTIVE', 3.07883e-29]]",False,154,49,15:29:55.431750
Gary saw my owl,"[['HEALTH AND FITNESS', 0.05568013], ['HOBBIES AND INTERESTS', 0.05219989], ['AUTOMOTIVE', 0.05163005], ['SPORTS', 0.04941525], ['TRAVEL', 0.04888848]]","[['SOCIETY', 0.557795], ['HOBBIES AND INTERESTS', 0.391044], ['PETS', 0.0497678], ['RELIGION AND SPIRITUALITY', 0.00020199], ['SPORTS', 8.6747e-05]]",False,155,49,15:29:58.154330
Gary apprehended I outside Gemma,"[['SPORTS', 0.05573995], ['RELIGION AND SPIRITUALITY', 0.05175898], ['HEALTH AND FITNESS', 0.05055692], ['TRAVEL', 0.05049848], ['TECHNOLOGY AND COMPUTING', 0.04994946]]","[['LAW AND GOVERNMENT AND POLITICS', 0.295778], ['RELIGION AND SPIRITUALITY', 0.186729], ['SPORTS', 0.105646], ['REAL ESTATE', 0.0619242], ['HEALTH AND FITNESS', 0.0344673]]",False,156,49,15:30:00.486638
a gibbon damaged a elephant with Gemma,"[['SOCIETY', 0.05018614], ['HOBBIES AND INTERESTS', 0.04999969], ['TRAVEL', 0.04914835], ['TECHNOLOGY AND COMPUTING', 0.04869055], ['AUTOMOTIVE', 0.04865952]]","[['STYLE AND FASHION', 0.43004], ['HEALTH AND FITNESS', 0.358372], ['SPORTS', 0.0333145], ['SCIENCE', 0.0251654], ['HOBBIES AND INTERESTS', 0.015817]]",True,157,50,15:30:02.988018
a owl disabled Nick on a elephant on Nick,"[['HEALTH AND FITNESS', 0.06098627], ['TRAVEL', 0.05039827], ['SCIENCE', 0.04973128], ['ARTS AND ENTERTAINMENT', 0.04924118], ['HOBBIES AND INTERESTS', 0.04831994]]","[['SPORTS', 0.99996], ['FAMILY AND PARENTING', 3.17889e-05], ['HEALTH AND FITNESS', 2.28294e-06], ['PETS', 6.62529e-07], ['HOBBIES AND INTERESTS', 1.71274e-07]]",False,158,50,15:30:05.263249
Gary disabled Gemma,"[['HEALTH AND FITNESS', 0.06372964], ['SPORTS', 0.04954259], ['PETS', 0.04829745], ['LAW GOVERNMENT AND POLITICS', 0.04782731], ['ARTS AND ENTERTAINMENT', 0.04741979]]","[['FAMILY AND PARENTING', 0.999867], ['HEALTH AND FITNESS', 4.04915e-05], ['TECHNOLOGY AND COMPUTING', 1.40694e-05], ['SPORTS', 1.003e-05], ['CAREERS', 5.00715e-06]]",False,159,50,15:30:07.968585
Gemma chased Gemma,"[['ARTS AND ENTERTAINMENT', 0.04872243], ['REAL ESTATE', 0.04808378], ['BUSINESS', 0.04790464], ['RELIGION AND SPIRITUALITY', 0.04777879], ['HOBBIES AND INTERESTS', 0.04772153]]","[['HOBBIES AND INTERESTS', 0.225253], ['HOME AND GARDEN', 0.179429], ['HEALTH AND FITNESS', 0.149949], ['SOCIETY', 0.0894884], ['SCIENCE', 0.00282249]]",True,160,51,15:30:10.732674
my lemur inside Gary damaged Nick,"[['AUTOMOTIVE', 0.05341497], ['HEALTH AND FITNESS', 0.05268309], ['TRAVEL', 0.05048844], ['ARTS AND ENTERTAINMENT', 0.05043908], ['SPORTS', 0.04995007]]","[['PETS', 0.941473], ['HOBBIES AND INTERESTS', 0.0201409], ['HOME AND GARDEN', 0.00713124], ['SPORTS', 0.00525904], ['TECHNOLOGY AND COMPUTING', 0.00349643]]",True,161,52,15:30:13.497662
I saw the gibbon in my gibbon on a woman,"[['AUTOMOTIVE', 0.05622103], ['HEALTH AND FITNESS', 0.05523894], ['HOBBIES AND INTERESTS', 0.05395538], ['RELIGION AND SPIRITUALITY', 0.05251636], ['SCIENCE', 0.05096457]]","[['RELIGION AND SPIRITUALITY', 1.0], ['ARTS AND ENTERTAINMENT', 1.03899e-07], ['SOCIETY', 8.94394e-08], ['NON STANDARD CONTENT', 4.77465e-08], ['HOBBIES AND INTERESTS', 3.82917e-08]]",False,162,52,15:30:16.265397
I chased my woman with Gary on the gibbon,"[['HEALTH AND FITNESS', 0.05586506], ['RELIGION AND SPIRITUALITY', 0.05419141], ['HOBBIES AND INTERESTS', 0.05136143], ['SPORTS', 0.0499326], ['TECHNOLOGY AND COMPUTING', 0.04990907]]","[['HEALTH AND FITNESS', 1.0], ['SCIENCE', 3.47809e-08], ['REAL ESTATE', 9.45406e-09], ['SOCIETY', 6.51913e-09], ['ARTS AND ENTERTAINMENT', 3.93692e-09]]",True,163,53,15:30:19.027961
Gemma apprehended Nick by I,"[['ARTS AND ENTERTAINMENT', 0.05175495], ['SCIENCE', 0.05095058], ['HOBBIES AND INTERESTS', 0.05021385], ['FOOD AND DRINK', 0.04974989], ['TECHNOLOGY AND COMPUTING', 0.04972155]]","[['RELIGION AND SPIRITUALITY', 0.273968], ['LAW AND GOVERNMENT AND POLITICS', 0.200926], ['SPORTS', 0.0781481], ['REAL ESTATE', 0.035641], ['HEALTH AND FITNESS', 0.0304165]]",True,164,54,15:30:21.792598
my lemur by a lemur spent I,"[['AUTOMOTIVE', 0.05338985], ['TRAVEL', 0.05258037], ['TECHNOLOGY AND COMPUTING', 0.05181699], ['HOBBIES AND INTERESTS', 0.05082522], ['HOME AND GARDEN', 0.05075508]]","[['PETS', 0.757874], ['TRAVEL', 0.242126], ['CAREERS', 1.50765e-12], ['HOBBIES AND INTERESTS', 8.10255e-13], ['HOME AND GARDEN', 7.94537e-13]]",False,165,54,15:30:24.567387
Gary apprehended Gemma inside my baboon with Gemma on my park,"[['TRAVEL', 0.0606512], ['SPORTS', 0.05449524], ['HEALTH AND FITNESS', 0.05336001], ['AUTOMOTIVE', 0.05230299], ['FAMILY AND PARENTING', 0.04937733]]","[['SOCIETY', 0.471444], ['TECHNOLOGY AND COMPUTING', 0.068411], ['HOBBIES AND INTERESTS', 0.0683729], ['SPORTS', 0.0438518], ['REAL ESTATE', 0.0324096]]",True,166,55,15:30:27.365672
Gary disabled the park inside Gary in Nick,"[['HEALTH AND FITNESS', 0.06500037], ['TRAVEL', 0.05735965], ['SPORTS', 0.05396768], ['ARTS AND ENTERTAINMENT', 0.05036935], ['AUTOMOTIVE', 0.04860695]]","[['AUTOMOTIVE', 0.683328], ['HOBBIES AND INTERESTS', 0.303492], ['FAMILY AND PARENTING', 0.00635654], ['SPORTS', 0.00317789], ['NON STANDARD CONTENT', 0.00165559]]",False,167,55,15:30:30.087073
my park chased my owl with Nick,"[['TRAVEL', 0.05875406], ['HEALTH AND FITNESS', 0.05139022], ['AUTOMOTIVE', 0.05124438], ['ARTS AND ENTERTAINMENT', 0.050165], ['FAMILY AND PARENTING', 0.0496722]]","[['HOBBIES AND INTERESTS', 0.629157], ['HEALTH AND FITNESS', 0.125142], ['PETS', 0.0690615], ['ARTS AND ENTERTAINMENT', 0.0597075], ['REAL ESTATE', 0.0171352]]",False,168,55,15:30:32.849194
Gary saw I with Nick with a owl on Gary,"[['HOBBIES AND INTERESTS', 0.05512589], ['SPORTS', 0.05400146], ['ARTS AND ENTERTAINMENT', 0.05317002], ['SCIENCE', 0.05113365], ['HEALTH AND FITNESS', 0.0505128]]","[['SPORTS', 0.237247], ['HOBBIES AND INTERESTS', 0.142757], ['RELIGION AND SPIRITUALITY', 0.0537827], ['HEALTH AND FITNESS', 0.0326595], ['AUTOMOTIVE', 0.0310975]]",False,169,55,15:30:36.538171
Gary saw Gemma in my gibbon by Gary in I,"[['HOBBIES AND INTERESTS', 0.05539757], ['HEALTH AND FITNESS', 0.05369304], ['SPORTS', 0.05261515], ['AUTOMOTIVE', 0.05239565], ['TECHNOLOGY AND COMPUTING', 0.04966571]]","[['SPORTS', 0.322846], ['RELIGION AND SPIRITUALITY', 0.0616531], ['LAW AND GOVERNMENT AND POLITICS', 0.0292565], ['ARTS AND ENTERTAINMENT', 0.0283676], ['FAMILY AND PARENTING', 0.0246334]]",True,170,56,15:30:39.303184
Gary grabbed Gemma in the river with I,"[['SPORTS', 0.05704911], ['TRAVEL', 0.05384435], ['HOBBIES AND INTERESTS', 0.0522076], ['RELIGION AND SPIRITUALITY', 0.04886638], ['TECHNOLOGY AND COMPUTING', 0.04866686]]","[['HOBBIES AND INTERESTS', 0.999991], ['SPORTS', 4.14751e-06], ['EDUCATION', 4.79439e-08], ['SCIENCE', 4.3617e-08], ['FOOD AND DRINK', 1.71964e-08]]",False,171,56,15:30:42.067803
Gary disabled an river with an owl in Nick by Gary by Gary near I,"[['HEALTH AND FITNESS', 0.06124045], ['TRAVEL', 0.05775346], ['SPORTS', 0.05441085], ['SCIENCE', 0.05180848], ['HOBBIES AND INTERESTS', 0.05063858]]","[['HOBBIES AND INTERESTS', 0.50313], ['SPORTS', 0.262563], ['RELIGION AND SPIRITUALITY', 0.202742], ['FAMILY AND PARENTING', 0.0045739], ['TECHNOLOGY AND COMPUTING', 0.00127137]]",False,172,56,15:30:44.832927
Nick disabled Nick,"[['HEALTH AND FITNESS', 0.06064144], ['SCIENCE', 0.05040981], ['ARTS AND ENTERTAINMENT', 0.04875323], ['FOOD AND DRINK', 0.04805728], ['PETS', 0.04770232]]","[['FAMILY AND PARENTING', 0.998307], ['TECHNOLOGY AND COMPUTING', 0.000462003], ['TRAVEL', 0.000157728], ['NON STANDARD CONTENT', 9.07113e-05], ['HEALTH AND FITNESS', 6.57121e-05]]",True,173,57,15:30:47.662913
Gary grabbed Nick in my woman outside Gary,"[['HEALTH AND FITNESS', 0.05980768], ['RELIGION AND SPIRITUALITY', 0.05672917], ['TRAVEL', 0.05215692], ['SCIENCE', 0.04999485], ['EDUCATION', 0.04867341]]","[['SOCIETY', 0.748923], ['HEALTH AND FITNESS', 0.251077], ['SPORTS', 6.94408e-08], ['ARTS AND ENTERTAINMENT', 3.2139e-08], ['SCIENCE', 2.34382e-08]]",False,174,57,15:30:50.082917
an park near I apprehended a park inside my owl inside a elephant inside my gibbon on a woman with Gary,"[['TRAVEL', 0.06913697], ['HEALTH AND FITNESS', 0.05729406], ['SPORTS', 0.0539998], ['HOBBIES AND INTERESTS', 0.0514939], ['AUTOMOTIVE', 0.05096766]]","[['NON STANDARD CONTENT', 0.990395], ['AUTOMOTIVE', 0.00611347], ['TRAVEL', 0.00182073], ['REAL ESTATE', 0.000198927], ['HOBBIES AND INTERESTS', 0.0001938]]",False,175,57,15:30:52.465027
Gary spent I on an woman,"[['RELIGION AND SPIRITUALITY', 0.05329885], ['HEALTH AND FITNESS', 0.05167555], ['SPORTS', 0.05103081], ['TRAVEL', 0.05091556], ['SCIENCE', 0.050227]]","[['REAL ESTATE', 0.157835], ['ARTS AND ENTERTAINMENT', 0.0929597], ['HOBBIES AND INTERESTS', 0.0567127], ['TRAVEL', 0.0540829], ['RELIGION AND SPIRITUALITY', 0.0463571]]",False,176,57,15:30:54.866122
Nick damaged Gemma near my owl,"[['TRAVEL', 0.05254299], ['AUTOMOTIVE', 0.05142426], ['SCIENCE', 0.05054689], ['HEALTH AND FITNESS', 0.05051368], ['SOCIETY', 0.0501447]]","[['TECHNOLOGY AND COMPUTING', 1.0], ['PETS', 3.99742e-11], ['SOCIETY', 1.03706e-11], ['HEALTH AND FITNESS', 4.91945e-12], ['HOBBIES AND INTERESTS', 2.45403e-12]]",False,177,57,15:30:57.266952
Nick apprehended I,"[['SCIENCE', 0.05100261], ['ARTS AND ENTERTAINMENT', 0.0509161], ['HOBBIES AND INTERESTS', 0.0498808], ['FOOD AND DRINK', 0.04982651], ['TECHNOLOGY AND COMPUTING', 0.04974092]]","[['RELIGION AND SPIRITUALITY', 0.342965], ['LAW AND GOVERNMENT AND POLITICS', 0.177272], ['SPORTS', 0.0695536], ['REAL ESTATE', 0.0326666], ['HEALTH AND FITNESS', 0.0237418]]",True,178,58,15:30:59.666417
Gary disabled Gary outside Gary,"[['HEALTH AND FITNESS', 0.06599633], ['SPORTS', 0.05172024], ['RELIGION AND SPIRITUALITY', 0.04981294], ['TRAVEL', 0.04958272], ['PETS', 0.04883679]]","[['FAMILY AND PARENTING', 0.813382], ['SPORTS', 0.147987], ['TECHNOLOGY AND COMPUTING', 0.00306878], ['CAREERS', 0.0025436], ['TRAVEL', 0.00152017]]",False,179,58,15:31:02.343988
Nick chased Nick outside Gemma,"[['ARTS AND ENTERTAINMENT', 0.0504134], ['RELIGION AND SPIRITUALITY', 0.05014221], ['SCIENCE', 0.04992845], ['TRAVEL', 0.04976242], ['BUSINESS', 0.0495648]]","[['TECHNOLOGY AND COMPUTING', 0.188553], ['SOCIETY', 0.135544], ['HOBBIES AND INTERESTS', 0.131353], ['ARTS AND ENTERTAINMENT', 0.0676833], ['SPORTS', 0.05058]]",True,180,59,15:31:06.337927
the woman spent I,"[['RELIGION AND SPIRITUALITY', 0.05450615], ['TRAVEL', 0.05127885], ['SCIENCE', 0.05061637], ['TECHNOLOGY AND COMPUTING', 0.05045871], ['HOBBIES AND INTERESTS', 0.04975216]]","[['BUSINESS', 0.667696], ['LAW AND GOVERNMENT AND POLITICS', 0.166531], ['FAMILY AND PARENTING', 0.047153], ['TRAVEL', 0.044017], ['SOCIETY', 0.0103434]]",True,181,60,15:31:10.023068
Gemma damaged a park with Gary,"[['TRAVEL', 0.0548716], ['SPORTS', 0.0519054], ['HEALTH AND FITNESS', 0.05177827], ['SOCIETY', 0.04884451], ['REAL ESTATE', 0.04864167]]","[['TRAVEL', 0.63784], ['HOME AND GARDEN', 0.0355247], ['STYLE AND FASHION', 0.0177875], ['SPORTS', 0.00877301], ['NON STANDARD CONTENT', 0.00361726]]",False,182,60,15:31:12.787945
I damaged my lemur with Nick on Gemma on an lemur by Nick,"[['AUTOMOTIVE', 0.05289764], ['HOBBIES AND INTERESTS', 0.05234418], ['TECHNOLOGY AND COMPUTING', 0.05113276], ['ARTS AND ENTERTAINMENT', 0.05034673], ['SCIENCE', 0.0496868]]","[['PETS', 1.0], ['SPORTS', 1.6844e-08], ['TECHNOLOGY AND COMPUTING', 1.38525e-11], ['HOBBIES AND INTERESTS', 1.70448e-12], ['FAMILY AND PARENTING', 1.21635e-12]]",False,183,60,15:31:15.514931
a gibbon damaged Gemma inside Gemma,"[['AUTOMOTIVE', 0.05155111], ['SOCIETY', 0.05045953], ['ARTS AND ENTERTAINMENT', 0.04999086], ['TECHNOLOGY AND COMPUTING', 0.0492524], ['TRAVEL', 0.04900709]]","[['HEALTH AND FITNESS', 0.262175], ['HOBBIES AND INTERESTS', 0.1295], ['HOME AND GARDEN', 0.0951188], ['SOCIETY', 0.0902903], ['PERSONAL FINANCE', 0.0658277]]",True,184,61,15:31:18.242751
Gemma disabled I near my owl outside the woman,"[['HEALTH AND FITNESS', 0.06888515], ['RELIGION AND SPIRITUALITY', 0.05820952], ['TRAVEL', 0.05625581], ['TECHNOLOGY AND COMPUTING', 0.04954086], ['HOBBIES AND INTERESTS', 0.04922138]]","[['TECHNOLOGY AND COMPUTING', 0.999999], ['FAMILY AND PARENTING', 9.75304e-07], ['HEALTH AND FITNESS', 1.02169e-07], ['SOCIETY', 7.18801e-08], ['NON STANDARD CONTENT', 2.63514e-08]]",False,185,61,15:31:20.625977
a river saw I,"[['HOBBIES AND INTERESTS', 0.05623798], ['SPORTS', 0.05534631], ['TRAVEL', 0.05281975], ['AUTOMOTIVE', 0.04995925], ['ARTS AND ENTERTAINMENT', 0.04858489]]","[['SPORTS', 0.999998], ['TRAVEL', 7.0669e-07], ['REAL ESTATE', 3.54895e-07], ['RELIGION AND SPIRITUALITY', 1.05568e-07], ['SCIENCE', 2.4422e-08]]",False,186,61,15:31:23.283438
Nick apprehended Gemma,"[['ARTS AND ENTERTAINMENT', 0.05073643], ['SCIENCE', 0.05065531], ['FAMILY AND PARENTING', 0.04856621], ['CAREERS', 0.04808368], ['FOOD AND DRINK', 0.04797436]]","[['RELIGION AND SPIRITUALITY', 0.328837], ['LAW AND GOVERNMENT AND POLITICS', 0.312601], ['SPORTS', 0.0931758], ['REAL ESTATE', 0.0503119], ['HEALTH AND FITNESS', 0.0323807]]",True,187,62,15:31:25.905380
I disabled an baboon in an gibbon outside Nick near Nick,"[['HEALTH AND FITNESS', 0.06083952], ['TRAVEL', 0.05324499], ['SCIENCE', 0.05127824], ['SPORTS', 0.05029949], ['FOOD AND DRINK', 0.04984535]]","[['FAMILY AND PARENTING', 0.846929], ['HOME AND GARDEN', 0.152991], ['SPORTS', 2.32627e-06], ['TECHNOLOGY AND COMPUTING', 7.79787e-07], ['NON STANDARD CONTENT', 7.54599e-07]]",True,188,63,15:31:28.810737
I disabled Gemma by Gary,"[['HEALTH AND FITNESS', 0.06170117], ['SPORTS', 0.05276988], ['TECHNOLOGY AND COMPUTING', 0.05096075], ['HOBBIES AND INTERESTS', 0.05030292], ['FOOD AND DRINK', 0.04876121]]","[['FAMILY AND PARENTING', 0.969311], ['SPORTS', 0.0171019], ['ILLEGAL CONTENT', 0.00148014], ['HEALTH AND FITNESS', 0.000811604], ['TECHNOLOGY AND COMPUTING', 0.000568954]]",False,189,63,15:31:33.413807
Nick damaged an gibbon with my gibbon near I on the river,"[['TRAVEL', 0.05888313], ['HOBBIES AND INTERESTS', 0.05280379], ['AUTOMOTIVE', 0.05122713], ['SCIENCE', 0.05047982], ['TECHNOLOGY AND COMPUTING', 0.04945624]]","[['RELIGION AND SPIRITUALITY', 0.99998], ['SPORTS', 2.02352e-05], ['HOBBIES AND INTERESTS', 2.36831e-08], ['TRAVEL', 9.49276e-09], ['TECHNOLOGY AND COMPUTING', 4.71777e-09]]",False,190,63,15:31:35.939465
I damaged Nick in Gary,"[['SPORTS', 0.05212438], ['ARTS AND ENTERTAINMENT', 0.05099814], ['HOBBIES AND INTERESTS', 0.05079539], ['SCIENCE', 0.05037615], ['TECHNOLOGY AND COMPUTING', 0.05031393]]","[['HOME AND GARDEN', 0.188313], ['SPORTS', 0.173685], ['SOCIETY', 0.065029], ['HOBBIES AND INTERESTS', 0.0639472], ['FAMILY AND PARENTING', 0.0489395]]",False,191,63,15:31:38.900211
Nick spent Nick near the lemur near Gemma,"[['SCIENCE', 0.05399572], ['TRAVEL', 0.05282917], ['HOME AND GARDEN', 0.04911614], ['BUSINESS', 0.04894353], ['AUTOMOTIVE', 0.04879335]]","[['PETS', 1.0], ['HOME AND GARDEN', 2.89052e-07], ['HOBBIES AND INTERESTS', 9.81873e-14], ['TRAVEL', 1.25285e-14], ['TECHNOLOGY AND COMPUTING', 1.02957e-14]]",False,192,63,15:31:41.672501
the elephant near a lemur near I saw an baboon inside my woman,"[['AUTOMOTIVE', 0.05780547], ['TRAVEL', 0.05542742], ['HEALTH AND FITNESS', 0.05522953], ['HOBBIES AND INTERESTS', 0.05462384], ['SCIENCE', 0.05206434]]","[['PETS', 0.758958], ['FAMILY AND PARENTING', 0.216356], ['HEALTH AND FITNESS', 0.0235587], ['SPORTS', 0.000414979], ['FOOD AND DRINK', 0.000192337]]",True,193,64,15:31:44.430858
a elephant on Nick grabbed Gemma by Gary on Nick in a salmon near Nick,"[['SCIENCE', 0.05211488], ['TRAVEL', 0.05125299], ['HEALTH AND FITNESS', 0.05007433], ['HOME AND GARDEN', 0.04946704], ['SPORTS', 0.0488592]]","[['SOCIETY', 0.993761], ['SPORTS', 0.00593687], ['FOOD AND DRINK', 7.77455e-06], ['HOBBIES AND INTERESTS', 5.8456e-06], ['LAW AND GOVERNMENT AND POLITICS', 5.82588e-06]]",True,194,65,15:31:46.940337
an park grabbed Gemma,"[['TRAVEL', 0.05593466], ['HEALTH AND FITNESS', 0.04932199], ['SPORTS', 0.04908041], ['EDUCATION', 0.04821863], ['BUSINESS', 0.04801558]]","[['SPORTS', 0.929342], ['TRAVEL', 0.0693655], ['EDUCATION', 1.15784e-05], ['SCIENCE', 5.21341e-06], ['HOME AND GARDEN', 4.07092e-06]]",False,195,65,15:31:49.959108
Gary damaged Gary near a elephant,"[['TRAVEL', 0.05178603], ['HEALTH AND FITNESS', 0.05144858], ['SOCIETY', 0.05084086], ['HOBBIES AND INTERESTS', 0.04962346], ['HOME AND GARDEN', 0.04826067]]","[['SPORTS', 0.579728], ['TRAVEL', 0.38597], ['HEALTH AND FITNESS', 0.00937215], ['HOBBIES AND INTERESTS', 0.00553472], ['RELIGION AND SPIRITUALITY', 0.00293771]]",False,196,65,15:31:52.769130
my baboon in I disabled an gibbon,"[['HEALTH AND FITNESS', 0.06137737], ['HOBBIES AND INTERESTS', 0.05166467], ['TECHNOLOGY AND COMPUTING', 0.05141361], ['AUTOMOTIVE', 0.05046452], ['TRAVEL', 0.04939929]]","[['FAMILY AND PARENTING', 1.0], ['SPORTS', 1.35562e-09], ['PETS', 3.05399e-10], ['HEALTH AND FITNESS', 1.92144e-10], ['HOBBIES AND INTERESTS', 1.21841e-10]]",False,197,65,15:31:55.487797
I disabled a elephant by a gibbon,"[['HEALTH AND FITNESS', 0.0589513], ['TECHNOLOGY AND COMPUTING', 0.05155878], ['HOBBIES AND INTERESTS', 0.05136768], ['TRAVEL', 0.04970227], ['SPORTS', 0.04962039]]","[['HEALTH AND FITNESS', 0.487527], ['FAMILY AND PARENTING', 0.382054], ['SPORTS', 0.0993564], ['HOBBIES AND INTERESTS', 0.00317146], ['SHOPPING', 0.0011762]]",False,198,65,15:31:58.303318
Nick saw Gemma outside Gemma near a gibbon,"[['SCIENCE', 0.05221567], ['HEALTH AND FITNESS', 0.05131832], ['TRAVEL', 0.051272], ['EDUCATION', 0.05033296], ['ARTS AND ENTERTAINMENT', 0.05032347]]","[['HOBBIES AND INTERESTS', 0.73601], ['SOCIETY', 0.0987821], ['HOME AND GARDEN', 0.0333179], ['HEALTH AND FITNESS', 0.00941918], ['SPORTS', 0.00488277]]",True,199,66,15:32:00.722198
my baboon by Gary disabled Nick,"[['HEALTH AND FITNESS', 0.06724325], ['PETS', 0.04965635], ['TRAVEL', 0.04865498], ['AUTOMOTIVE', 0.04863639], ['FAMILY AND PARENTING', 0.04833807]]","[['FAMILY AND PARENTING', 0.951193], ['TECHNOLOGY AND COMPUTING', 0.023444], ['SPORTS', 0.0175773], ['HEALTH AND FITNESS', 0.000257803], ['ARTS AND ENTERTAINMENT', 0.00015744]]",False,200,66,15:32:03.521114
