Mark caught Elise by Steve,"[['SPORTS', 0.06096012], ['AUTOMOTIVE', 0.04942308], ['FOOD AND DRINK', 0.04899866], ['FAMILY AND PARENTING', 0.0485577], ['HOBBIES AND INTERESTS', 0.04840819]]","[['SOCIETY', 1.0], ['HOBBIES AND INTERESTS', 2.25283e-12], ['SPORTS', 3.18387e-14], ['TECHNOLOGY AND COMPUTING', 7.99261e-15], ['TRAVEL', 4.4853e-15]]",False,1,0,15:49:28.546863
Elise wounded Mark in I outside I,"[['SPORTS', 0.05579708], ['RELIGION AND SPIRITUALITY', 0.0541058], ['TECHNOLOGY AND COMPUTING', 0.04987929], ['FOOD AND DRINK', 0.04930623], ['HOBBIES AND INTERESTS', 0.04928254]]","[['AUTOMOTIVE', 1.0], ['HOBBIES AND INTERESTS', 7.60034e-08], ['SPORTS', 4.6019e-08], ['TRAVEL', 3.20673e-08], ['CAREERS', 1.7513e-08]]",False,2,0,15:49:31.544630
Mark captured Steve in an man with a squirrel outside I on a lawn,"[['SPORTS', 0.05788888], ['HEALTH AND FITNESS', 0.05509406], ['HOME AND GARDEN', 0.05470447], ['RELIGION AND SPIRITUALITY', 0.05178125], ['HOBBIES AND INTERESTS', 0.05121908]]","[['HOBBIES AND INTERESTS', 0.696883], ['SPORTS', 0.0207587], ['PETS', 0.00224909], ['TECHNOLOGY AND COMPUTING', 0.00195249], ['HOME AND GARDEN', 0.00181841]]",False,3,0,15:49:34.537722
I went an lawn by I,"[['HOME AND GARDEN', 0.05898423], ['ARTS AND ENTERTAINMENT', 0.05153217], ['HEALTH AND FITNESS', 0.04937002], ['TRAVEL', 0.04906564], ['AUTOMOTIVE', 0.04903051]]","[['TECHNOLOGY AND COMPUTING', 1.0], ['HOBBIES AND INTERESTS', 8.29355e-08], ['TRAVEL', 5.3028e-08], ['SPORTS', 8.86073e-09], ['HEALTH AND FITNESS', 6.07429e-09]]",False,4,0,15:49:37.279266
Mark wounded I with the man in I,"[['SPORTS', 0.05631243], ['HOBBIES AND INTERESTS', 0.05283212], ['ARTS AND ENTERTAINMENT', 0.05091905], ['SCIENCE', 0.04953698], ['RELIGION AND SPIRITUALITY', 0.04945791]]","[['SPORTS', 0.999451], ['RELIGION AND SPIRITUALITY', 0.000255876], ['PETS', 6.55538e-05], ['TRAVEL', 5.6773e-05], ['NON STANDARD CONTENT', 3.93788e-05]]",False,5,0,15:49:40.019973
I went an monkey with Mark,"[['AUTOMOTIVE', 0.05312071], ['SPORTS', 0.05217928], ['ARTS AND ENTERTAINMENT', 0.05081466], ['HOBBIES AND INTERESTS', 0.04952031], ['FOOD AND DRINK', 0.04884671]]","[['TECHNOLOGY AND COMPUTING', 0.999999], ['STYLE AND FASHION', 4.57574e-07], ['HOBBIES AND INTERESTS', 3.41755e-07], ['HEALTH AND FITNESS', 1.31058e-07], ['EDUCATION', 2.53374e-08]]",True,6,1,15:49:42.942240
Mark injured I by Mark with Steve with Steve,"[['SPORTS', 0.05935769], ['HOBBIES AND INTERESTS', 0.05264006], ['TECHNOLOGY AND COMPUTING', 0.05014227], ['AUTOMOTIVE', 0.04948177], ['HEALTH AND FITNESS', 0.0486943]]","[['HOBBIES AND INTERESTS', 0.969691], ['SPORTS', 0.00507199], ['STYLE AND FASHION', 0.00369991], ['HOME AND GARDEN', 0.00170451], ['NON STANDARD CONTENT', 0.00152208]]",False,7,1,15:49:45.839395
my binoculars injured my hedgehog in the man in an monkey,"[['HEALTH AND FITNESS', 0.05272134], ['TRAVEL', 0.05083047], ['SCIENCE', 0.05021495], ['SOCIETY', 0.04930832], ['SPORTS', 0.04926723]]","[['HOBBIES AND INTERESTS', 0.31901], ['SPORTS', 0.0780182], ['NON STANDARD CONTENT', 0.0396212], ['SCIENCE', 0.0172192], ['PETS', 0.0141108]]",False,8,1,15:49:48.952004
a man wounded my fish by Steve,"[['SPORTS', 0.05971872], ['PETS', 0.05485775], ['HEALTH AND FITNESS', 0.0516526], ['RELIGION AND SPIRITUALITY', 0.05146906], ['AUTOMOTIVE', 0.04899337]]","[['SPORTS', 0.973099], ['TRAVEL', 0.000266952], ['NON STANDARD CONTENT', 0.00010807], ['TECHNOLOGY AND COMPUTING', 3.72792e-05], ['ARTS AND ENTERTAINMENT', 2.78949e-05]]",True,9,2,15:49:51.716594
Elise injured the lawn on the monkey,"[['HOME AND GARDEN', 0.0588241], ['HEALTH AND FITNESS', 0.0495607], ['PERSONAL FINANCE', 0.04914462], ['LAW GOVERNMENT AND POLITICS', 0.04911691], ['SOCIETY', 0.04895099]]","[['HOBBIES AND INTERESTS', 0.999936], ['TRAVEL', 4.35574e-05], ['SPORTS', 1.17466e-05], ['HEALTH AND FITNESS', 6.28847e-07], ['HOME AND GARDEN', 5.76008e-07]]",False,10,2,15:49:54.406982
Steve viewed Mark by Elise with Steve,"[['SPORTS', 0.05569475], ['AUTOMOTIVE', 0.05102405], ['HOBBIES AND INTERESTS', 0.04973887], ['SOCIETY', 0.04913824], ['ARTS AND ENTERTAINMENT', 0.04811877]]","[['SOCIETY', 0.99837], ['SPORTS', 0.00163046], ['HOBBIES AND INTERESTS', 2.12198e-09], ['TECHNOLOGY AND COMPUTING', 1.1133e-10], ['AUTOMOTIVE', 1.07852e-10]]",False,11,2,15:49:57.349044
Mark ran my lawn,"[['HOME AND GARDEN', 0.05810964], ['HOBBIES AND INTERESTS', 0.05149795], ['TRAVEL', 0.05138009], ['SOCIETY', 0.04983283], ['AUTOMOTIVE', 0.04976052]]","[['EDUCATION', 1.0], ['SPORTS', 4.08895e-12], ['CAREERS', 7.53772e-13], ['HOME AND GARDEN', 4.85713e-13], ['TRAVEL', 3.50407e-13]]",False,12,2,15:50:00.116220
Steve caught Mark in Elise,"[['SPORTS', 0.06096012], ['AUTOMOTIVE', 0.04942308], ['FOOD AND DRINK', 0.04899866], ['FAMILY AND PARENTING', 0.0485577], ['HOBBIES AND INTERESTS', 0.04840819]]","[['SPORTS', 0.966267], ['HOBBIES AND INTERESTS', 0.00421469], ['TECHNOLOGY AND COMPUTING', 0.00031734], ['SOCIETY', 0.00014894], ['TRAVEL', 7.91016e-05]]",False,13,2,15:50:02.982025
Elise went Mark with my hedgehog,"[['AUTOMOTIVE', 0.05637056], ['PETS', 0.0504725], ['HEALTH AND FITNESS', 0.04983256], ['RELIGION AND SPIRITUALITY', 0.04977371], ['SOCIETY', 0.04946742]]","[['SOCIETY', 0.67787], ['HEALTH AND FITNESS', 0.243564], ['HOBBIES AND INTERESTS', 0.0421236], ['SPORTS', 0.00790397], ['TECHNOLOGY AND COMPUTING', 0.00359127]]",False,14,2,15:50:05.899300
Mark viewed the lawn outside Elise near Elise outside an fish,"[['RELIGION AND SPIRITUALITY', 0.05559632], ['PETS', 0.05481934], ['HOME AND GARDEN', 0.05412493], ['TRAVEL', 0.05176169], ['SPORTS', 0.05068751]]","[['AUTOMOTIVE', 0.877888], ['HOBBIES AND INTERESTS', 0.110118], ['TRAVEL', 0.0054962], ['HOME AND GARDEN', 0.00141615], ['SPORTS', 0.000893991]]",False,15,2,15:50:08.827136
an man near Mark caught Steve on a fish,"[['SPORTS', 0.06777164], ['PETS', 0.05215101], ['FOOD AND DRINK', 0.05103752], ['SOCIETY', 0.04998362], ['ARTS AND ENTERTAINMENT', 0.04861057]]","[['SPORTS', 0.984786], ['SCIENCE', 0.000264213], ['FOOD AND DRINK', 9.7068e-05], ['RELIGION AND SPIRITUALITY', 3.34366e-05], ['TRAVEL', 3.22051e-05]]",False,16,2,15:50:11.581130
Steve injured Mark on I,"[['SPORTS', 0.05943351], ['HOBBIES AND INTERESTS', 0.05264086], ['TECHNOLOGY AND COMPUTING', 0.05008208], ['AUTOMOTIVE', 0.04902843], ['HEALTH AND FITNESS', 0.04891172]]","[['SPORTS', 0.179092], ['STYLE AND FASHION', 0.122295], ['HOBBIES AND INTERESTS', 0.067554], ['TRAVEL', 0.0234468], ['NON STANDARD CONTENT', 0.0171737]]",False,17,2,15:50:14.549647
my giraffe went Steve,"[['AUTOMOTIVE', 0.05443303], ['HEALTH AND FITNESS', 0.05366456], ['SPORTS', 0.05049971], ['TRAVEL', 0.04940647], ['SOCIETY', 0.04803242]]","[['PETS', 0.986675], ['AUTOMOTIVE', 0.012468], ['STYLE AND FASHION', 0.000538053], ['SPORTS', 0.000151446], ['HOBBIES AND INTERESTS', 1.73113e-05]]",False,18,2,15:50:17.279363
I wounded my lawn on the lawn with Steve,"[['HOME AND GARDEN', 0.06293059], ['HEALTH AND FITNESS', 0.05257342], ['HOBBIES AND INTERESTS', 0.05089357], ['SPORTS', 0.05054387], ['TECHNOLOGY AND COMPUTING', 0.04924212]]","[['HOBBIES AND INTERESTS', 0.999546], ['SPORTS', 0.00043168600000000003], ['HOME AND GARDEN', 8.51356e-06], ['TRAVEL', 3.77818e-06], ['PETS', 2.42518e-06]]",False,19,2,15:50:20.228263
I went a fish near a squirrel near Mark,"[['SPORTS', 0.05609474], ['FOOD AND DRINK', 0.05350097], ['ARTS AND ENTERTAINMENT', 0.05207447], ['PETS', 0.05196499], ['AUTOMOTIVE', 0.05116798]]","[['SPORTS', 0.707499], ['HOBBIES AND INTERESTS', 0.00219412], ['SCIENCE', 0.000340674], ['FOOD AND DRINK', 0.000272742], ['TRAVEL', 0.000120089]]",False,20,2,15:50:23.060161
Elise ran Elise,"[['TRAVEL', 0.04944931], ['HOBBIES AND INTERESTS', 0.04932141], ['REAL ESTATE', 0.04876718], ['EDUCATION', 0.04867671], ['SOCIETY', 0.04848628]]","[['HOBBIES AND INTERESTS', 0.651989], ['AUTOMOTIVE', 0.30815], ['SOCIETY', 0.0353626], ['STYLE AND FASHION', 0.00153451], ['REAL ESTATE', 0.000976185]]",False,21,2,15:50:25.920911
Steve ran I outside the monkey,"[['SPORTS', 0.05816312], ['TRAVEL', 0.0530445], ['TECHNOLOGY AND COMPUTING', 0.05102064], ['HOBBIES AND INTERESTS', 0.05090615], ['RELIGION AND SPIRITUALITY', 0.04941242]]","[['TRAVEL', 0.203971], ['EDUCATION', 0.183469], ['STYLE AND FASHION', 0.180682], ['HOBBIES AND INTERESTS', 0.175267], ['NON STANDARD CONTENT', 0.0749923]]",False,22,2,15:50:28.991611
Mark captured my monkey with an monkey outside Elise by my squirrel near I near a fish,"[['SPORTS', 0.05727373], ['RELIGION AND SPIRITUALITY', 0.05701425], ['PETS', 0.05553125], ['TRAVEL', 0.05191326], ['FOOD AND DRINK', 0.05150143]]","[['FAMILY AND PARENTING', 0.89513], ['SOCIETY', 0.104656], ['SPORTS', 7.61485e-05], ['HOBBIES AND INTERESTS', 2.29696e-05], ['FOOD AND DRINK', 1.27426e-05]]",False,23,2,15:50:31.960399
Mark wounded the fish outside Steve by my monkey by I,"[['SPORTS', 0.06920117], ['PETS', 0.05620315], ['RELIGION AND SPIRITUALITY', 0.05583453], ['FOOD AND DRINK', 0.05223214], ['HOBBIES AND INTERESTS', 0.04994717]]","[['SPORTS', 0.999861], ['TRAVEL', 8.48166e-09], ['PETS', 7.65221e-09], ['NON STANDARD CONTENT', 4.30927e-09], ['FOOD AND DRINK', 4.27081e-09]]",False,24,2,15:50:34.765995
Steve wounded a binoculars outside I,"[['SPORTS', 0.06109168], ['RELIGION AND SPIRITUALITY', 0.05093897], ['HEALTH AND FITNESS', 0.05015507], ['TECHNOLOGY AND COMPUTING', 0.04928026], ['TRAVEL', 0.0487306]]","[['HOBBIES AND INTERESTS', 0.99981], ['TECHNOLOGY AND COMPUTING', 8.01507e-05], ['PETS', 4.79535e-05], ['TRAVEL', 1.13466e-05], ['ARTS AND ENTERTAINMENT', 3.2226e-06]]",False,25,2,15:50:37.494618
I injured Mark in Steve outside Mark,"[['SPORTS', 0.06236098], ['RELIGION AND SPIRITUALITY', 0.05194181], ['HEALTH AND FITNESS', 0.05055061], ['HOBBIES AND INTERESTS', 0.05008377], ['TECHNOLOGY AND COMPUTING', 0.04915279]]","[['SPORTS', 0.251858], ['STYLE AND FASHION', 0.0379261], ['HOBBIES AND INTERESTS', 0.0152423], ['NON STANDARD CONTENT', 0.00634084], ['TRAVEL', 0.00528786]]",False,26,2,15:50:40.409517
I captured I on Mark by a lawn,"[['HOME AND GARDEN', 0.05858784], ['HOBBIES AND INTERESTS', 0.0522759], ['TECHNOLOGY AND COMPUTING', 0.05124944], ['LAW GOVERNMENT AND POLITICS', 0.04905212], ['RELIGION AND SPIRITUALITY', 0.04858583]]","[['SPORTS', 0.239157], ['AUTOMOTIVE', 0.0459236], ['CAREERS', 0.040802], ['HOBBIES AND INTERESTS', 0.0305462], ['HOME AND GARDEN', 0.0262285]]",False,27,2,15:50:43.328889
Mark viewed my fish near my binoculars near I on my giraffe near the binoculars outside Mark,"[['RELIGION AND SPIRITUALITY', 0.0588335], ['SPORTS', 0.05785713], ['PETS', 0.05619654], ['TRAVEL', 0.05441146], ['FOOD AND DRINK', 0.05299203]]","[['HOBBIES AND INTERESTS', 0.849533], ['TECHNOLOGY AND COMPUTING', 0.144199], ['SPORTS', 0.00113875], ['PETS', 0.000763044], ['TRAVEL', 0.000590563]]",False,28,2,15:50:46.101024
Mark caught Steve near an monkey on Elise,"[['SPORTS', 0.06020494], ['SOCIETY', 0.04935176], ['FAMILY AND PARENTING', 0.04909117], ['HOBBIES AND INTERESTS', 0.04874745], ['AUTOMOTIVE', 0.04825347]]","[['FAMILY AND PARENTING', 0.999993], ['SPORTS', 5.73624e-06], ['HOBBIES AND INTERESTS', 3.65713e-07], ['TECHNOLOGY AND COMPUTING', 2.9941e-07], ['RELIGION AND SPIRITUALITY', 2.78263e-08]]",False,29,2,15:50:49.115957
an squirrel by the man near Mark captured Steve near Mark by my monkey outside a binoculars by Elise,"[['SPORTS', 0.05779428], ['HEALTH AND FITNESS', 0.05736886], ['TRAVEL', 0.05293935], ['RELIGION AND SPIRITUALITY', 0.05257523], ['AUTOMOTIVE', 0.05037248]]","[['SOCIETY', 0.493554], ['HOBBIES AND INTERESTS', 0.324361], ['FAMILY AND PARENTING', 0.180818], ['NON STANDARD CONTENT', 0.000498812], ['TRAVEL', 9.29535e-05]]",True,30,3,15:50:52.004170
my man by a fish wounded I by Steve,"[['SPORTS', 0.06436368], ['PETS', 0.0526007], ['RELIGION AND SPIRITUALITY', 0.05182244], ['HOBBIES AND INTERESTS', 0.05122187], ['FOOD AND DRINK', 0.05055446]]","[['SPORTS', 0.998682], ['TRAVEL', 6.64742e-08], ['NON STANDARD CONTENT', 5.25441e-08], ['ARTS AND ENTERTAINMENT', 4.18118e-08], ['HOBBIES AND INTERESTS', 3.61622e-08]]",False,31,3,15:50:54.796997
an binoculars ran a monkey near the binoculars near Elise in Steve,"[['TRAVEL', 0.05257566], ['SPORTS', 0.05143576], ['SCIENCE', 0.05047921], ['HOBBIES AND INTERESTS', 0.04937881], ['SOCIETY', 0.04921038]]","[['HOBBIES AND INTERESTS', 0.999598], ['AUTOMOTIVE', 0.000400458], ['TECHNOLOGY AND COMPUTING', 1.23578e-06], ['PERSONAL FINANCE', 2.63928e-07], ['TRAVEL', 3.38127e-08]]",False,32,3,15:50:57.560711
I viewed I on a fish outside Mark,"[['SPORTS', 0.06123408], ['RELIGION AND SPIRITUALITY', 0.05699404], ['PETS', 0.05519931], ['FOOD AND DRINK', 0.05449325], ['TRAVEL', 0.04866607]]","[['HOBBIES AND INTERESTS', 0.999999], ['SPORTS', 5.16628e-07], ['TRAVEL', 4.27034e-10], ['SCIENCE', 1.21165e-10], ['STYLE AND FASHION', 1.11519e-10]]",False,33,3,15:51:00.223269
a man by Steve wounded Elise near my man in a monkey near my hedgehog in Elise outside Mark,"[['SPORTS', 0.05844046], ['HEALTH AND FITNESS', 0.05564168], ['RELIGION AND SPIRITUALITY', 0.05287322], ['TRAVEL', 0.05200973], ['AUTOMOTIVE', 0.05037882]]","[['TECHNOLOGY AND COMPUTING', 0.999988], ['SPORTS', 1.167e-05], ['HOBBIES AND INTERESTS', 3.14405e-09], ['NON STANDARD CONTENT', 2.39768e-09], ['TRAVEL', 1.33521e-09]]",False,34,3,15:51:02.889832
a man in Steve injured Mark,"[['SPORTS', 0.05816806], ['HEALTH AND FITNESS', 0.05253242], ['HOBBIES AND INTERESTS', 0.05041888], ['SOCIETY', 0.04970458], ['ARTS AND ENTERTAINMENT', 0.04941883]]","[['SPORTS', 0.225988], ['NON STANDARD CONTENT', 0.105824], ['HOBBIES AND INTERESTS', 0.0430179], ['RELIGION AND SPIRITUALITY', 0.0207266], ['STYLE AND FASHION', 0.0197022]]",False,35,3,15:51:05.692535
the hedgehog on Elise wounded Mark,"[['SPORTS', 0.05047268], ['AUTOMOTIVE', 0.04971818], ['PETS', 0.04958018], ['SOCIETY', 0.04884224], ['ARTS AND ENTERTAINMENT', 0.04868137]]","[['AUTOMOTIVE', 1.0], ['HOBBIES AND INTERESTS', 3.89294e-08], ['PETS', 1.00842e-08], ['TECHNOLOGY AND COMPUTING', 4.38619e-09], ['SPORTS', 4.34174e-09]]",False,36,3,15:51:08.670762
an squirrel ran Mark on I by Mark on Steve,"[['SPORTS', 0.05820092], ['HOBBIES AND INTERESTS', 0.0550976], ['TECHNOLOGY AND COMPUTING', 0.05154435], ['AUTOMOTIVE', 0.04990845], ['ARTS AND ENTERTAINMENT', 0.04786439]]","[['SPORTS', 0.461541], ['HOBBIES AND INTERESTS', 0.333337], ['STYLE AND FASHION', 0.024935], ['TECHNOLOGY AND COMPUTING', 0.0118072], ['ARTS AND ENTERTAINMENT', 0.00549166]]",False,37,3,15:51:11.486542
Elise injured Steve,"[['SPORTS', 0.05349129], ['HEALTH AND FITNESS', 0.05097558], ['CAREERS', 0.04849924], ['FAMILY AND PARENTING', 0.04799316], ['SOCIETY', 0.04773409]]","[['SPORTS', 0.288582], ['AUTOMOTIVE', 0.0876563], ['HOBBIES AND INTERESTS', 0.0582253], ['TRAVEL', 0.0180347], ['NON STANDARD CONTENT', 0.0164884]]",True,38,4,15:51:14.262371
Mark captured my giraffe with I outside an man in my hedgehog outside I by Steve,"[['SPORTS', 0.05972218], ['HEALTH AND FITNESS', 0.0557338], ['RELIGION AND SPIRITUALITY', 0.05469565], ['HOBBIES AND INTERESTS', 0.05359275], ['TECHNOLOGY AND COMPUTING', 0.05179925]]","[['HOBBIES AND INTERESTS', 0.996627], ['PETS', 0.00117239], ['SPORTS', 0.000191285], ['STYLE AND FASHION', 9.90437e-05], ['NON STANDARD CONTENT', 6.06498e-05]]",False,39,4,15:51:16.959504
Steve caught Elise near Mark by Steve,"[['SPORTS', 0.05927735], ['SOCIETY', 0.04964601], ['AUTOMOTIVE', 0.04877262], ['FOOD AND DRINK', 0.04850488], ['HOBBIES AND INTERESTS', 0.04842781]]","[['SPORTS', 0.889404], ['HOBBIES AND INTERESTS', 0.0758626], ['TECHNOLOGY AND COMPUTING', 0.00194792], ['TRAVEL', 0.00130989], ['LAW AND GOVERNMENT AND POLITICS', 0.000514236]]",False,40,4,15:51:19.779365
I wounded Elise,"[['SPORTS', 0.05153221], ['TECHNOLOGY AND COMPUTING', 0.0505433], ['HOBBIES AND INTERESTS', 0.05001585], ['ARTS AND ENTERTAINMENT', 0.04969274], ['FOOD AND DRINK', 0.04922842]]","[['HOBBIES AND INTERESTS', 0.93654], ['PETS', 0.0117516], ['CAREERS', 0.0109346], ['SPORTS', 0.00747122], ['TRAVEL', 0.00502352]]",False,41,4,15:51:22.482068
Elise wounded Mark near Elise,"[['SOCIETY', 0.05035315], ['SPORTS', 0.04926277], ['AUTOMOTIVE', 0.04906033], ['HOBBIES AND INTERESTS', 0.04879902], ['EDUCATION', 0.04862683]]","[['AUTOMOTIVE', 0.999928], ['HOBBIES AND INTERESTS', 4.77109e-08], ['SOCIETY', 2.1303e-11], ['PETS', 7.14617e-12], ['SPORTS', 5.6792e-12]]",False,42,4,15:51:25.316227
Steve wounded an lawn by an fish in Mark,"[['SPORTS', 0.05706199], ['PETS', 0.05460991], ['HOME AND GARDEN', 0.05456263], ['RELIGION AND SPIRITUALITY', 0.04968055], ['FOOD AND DRINK', 0.04961528]]","[['SPORTS', 0.928051], ['TRAVEL', 0.0464864], ['HOBBIES AND INTERESTS', 0.00509012], ['CAREERS', 0.00180827], ['FOOD AND DRINK', 0.00162638]]",False,43,4,15:51:28.134274
I captured I with I near Elise,"[['TECHNOLOGY AND COMPUTING', 0.05242984], ['HOBBIES AND INTERESTS', 0.05224331], ['SCIENCE', 0.04986253], ['TRAVEL', 0.04951039], ['SPORTS', 0.04915509]]","[['HOBBIES AND INTERESTS', 0.990443], ['AUTOMOTIVE', 0.00955474], ['RELIGION AND SPIRITUALITY', 1.57474e-06], ['PETS', 1.23037e-07], ['SPORTS', 2.41916e-08]]",False,44,4,15:51:31.146804
I wounded an hedgehog,"[['SPORTS', 0.05161494], ['TECHNOLOGY AND COMPUTING', 0.0507365], ['FOOD AND DRINK', 0.04998103], ['HOBBIES AND INTERESTS', 0.04986881], ['HOME AND GARDEN', 0.04897195]]","[['HOBBIES AND INTERESTS', 0.671994], ['PETS', 0.146037], ['SCIENCE', 0.00529385], ['CAREERS', 0.00506716], ['TECHNOLOGY AND COMPUTING', 0.00414155]]",False,45,4,15:51:33.920237
Elise captured Steve,"[['SPORTS', 0.05168779], ['HEALTH AND FITNESS', 0.05103534], ['TECHNOLOGY AND COMPUTING', 0.04944233], ['HOBBIES AND INTERESTS', 0.04877798], ['AUTOMOTIVE', 0.04862487]]","[['HOBBIES AND INTERESTS', 0.398707], ['STYLE AND FASHION', 0.134592], ['TECHNOLOGY AND COMPUTING', 0.0239473], ['SPORTS', 0.0210843], ['REAL ESTATE', 0.0199661]]",False,46,4,15:51:36.722195
Mark captured Mark by a giraffe in Steve,"[['SPORTS', 0.05441002], ['HOBBIES AND INTERESTS', 0.05154966], ['HEALTH AND FITNESS', 0.05046274], ['AUTOMOTIVE', 0.05002391], ['TECHNOLOGY AND COMPUTING', 0.04892626]]","[['AUTOMOTIVE', 0.917949], ['SPORTS', 0.0177028], ['HOBBIES AND INTERESTS', 0.00757167], ['TECHNOLOGY AND COMPUTING', 0.00253839], ['EDUCATION', 0.00226644]]",False,47,4,15:51:39.509406
Mark captured the lawn on Mark,"[['HOME AND GARDEN', 0.05670651], ['LAW GOVERNMENT AND POLITICS', 0.05025836], ['SOCIETY', 0.04968136], ['REAL ESTATE', 0.04938986], ['HOBBIES AND INTERESTS', 0.04928438]]","[['HOBBIES AND INTERESTS', 1.0], ['SPORTS', 3.95981e-07], ['HOME AND GARDEN', 1.94727e-08], ['TRAVEL', 3.51841e-09], ['AUTOMOTIVE', 4.73456e-10]]",False,48,4,15:51:42.573737
Mark injured Steve near the monkey with Steve,"[['SPORTS', 0.05558088], ['HEALTH AND FITNESS', 0.05020582], ['HOBBIES AND INTERESTS', 0.04994341], ['SOCIETY', 0.04930534], ['FAMILY AND PARENTING', 0.04856628]]","[['SPORTS', 0.90237], ['AUTOMOTIVE', 0.0154672], ['NON STANDARD CONTENT', 0.00585097], ['TRAVEL', 0.00382889], ['HOBBIES AND INTERESTS', 0.00347313]]",False,49,4,15:51:46.159138
Steve wounded an man near a lawn outside an lawn by the hedgehog,"[['HOME AND GARDEN', 0.05589917], ['HEALTH AND FITNESS', 0.05568354], ['TRAVEL', 0.05292782], ['SPORTS', 0.05157083], ['SCIENCE', 0.05115557]]","[['SPORTS', 0.43543], ['HOBBIES AND INTERESTS', 0.184517], ['TRAVEL', 0.0435612], ['HOME AND GARDEN', 0.0373155], ['CAREERS', 0.00710399]]",False,50,4,15:51:49.271859
Elise wounded Steve near Elise on Elise outside I,"[['SPORTS', 0.05831916], ['HEALTH AND FITNESS', 0.05102894], ['RELIGION AND SPIRITUALITY', 0.05041294], ['TRAVEL', 0.04995978], ['TECHNOLOGY AND COMPUTING', 0.04930646]]","[['AUTOMOTIVE', 0.99991], ['HOBBIES AND INTERESTS', 5.8049e-06], ['SOCIETY', 2.46593e-08], ['REAL ESTATE', 2.40474e-09], ['TECHNOLOGY AND COMPUTING', 1.1451e-09]]",True,51,5,15:51:52.032124
my hedgehog ran Mark,"[['AUTOMOTIVE', 0.05247507], ['HOBBIES AND INTERESTS', 0.05204384], ['PETS', 0.05130877], ['TRAVEL', 0.04962532], ['EDUCATION', 0.04893192]]","[['HOBBIES AND INTERESTS', 0.36201], ['HEALTH AND FITNESS', 0.161364], ['TECHNOLOGY AND COMPUTING', 0.107225], ['SPORTS', 0.096323], ['ILLEGAL CONTENT', 0.0112578]]",True,52,6,15:51:54.804362
Mark captured I in Steve outside Elise,"[['SPORTS', 0.05992805], ['TECHNOLOGY AND COMPUTING', 0.05201588], ['RELIGION AND SPIRITUALITY', 0.05169803], ['HOBBIES AND INTERESTS', 0.05097831], ['HEALTH AND FITNESS', 0.05066499]]","[['STYLE AND FASHION', 0.127839], ['HOBBIES AND INTERESTS', 0.110783], ['ARTS AND ENTERTAINMENT', 0.0713782], ['NON STANDARD CONTENT', 0.0372375], ['SPORTS', 0.0357871]]",False,53,6,15:51:57.921836
I caught I on the fish,"[['SPORTS', 0.0643681], ['FOOD AND DRINK', 0.05672431], ['PETS', 0.05313667], ['TECHNOLOGY AND COMPUTING', 0.04943275], ['RELIGION AND SPIRITUALITY', 0.04890418]]","[['SPORTS', 0.991233], ['FOOD AND DRINK', 1.04587e-05], ['PETS', 5.08331e-06], ['SCIENCE', 5.00922e-06], ['HOBBIES AND INTERESTS', 2.57131e-06]]",False,54,6,15:52:00.945538
Mark ran the binoculars outside an monkey outside Steve,"[['SPORTS', 0.05801293], ['TRAVEL', 0.05164647], ['BUSINESS', 0.04966458], ['RELIGION AND SPIRITUALITY', 0.04965092], ['FAMILY AND PARENTING', 0.04896637]]","[['FAMILY AND PARENTING', 0.954894], ['HOBBIES AND INTERESTS', 0.0445486], ['PERSONAL FINANCE', 0.000274605], ['TECHNOLOGY AND COMPUTING', 0.000108353], ['SPORTS', 4.10202e-05]]",False,55,6,15:52:04.066480
Elise wounded I,"[['SPORTS', 0.05153221], ['TECHNOLOGY AND COMPUTING', 0.0505433], ['HOBBIES AND INTERESTS', 0.05001585], ['ARTS AND ENTERTAINMENT', 0.04969274], ['FOOD AND DRINK', 0.04922842]]","[['AUTOMOTIVE', 1.0], ['HOBBIES AND INTERESTS', 3.76906e-12], ['PETS', 7.40735e-14], ['CAREERS', 6.95215e-14], ['SPORTS', 4.9545e-14]]",False,56,6,15:52:07.082645
Steve viewed Mark,"[['SPORTS', 0.05600691], ['AUTOMOTIVE', 0.05063202], ['HOBBIES AND INTERESTS', 0.04996711], ['SOCIETY', 0.04894146], ['HEALTH AND FITNESS', 0.0479524]]","[['SPORTS', 1.0], ['HEALTH AND FITNESS', 9.78961e-14], ['ARTS AND ENTERTAINMENT', 3.98007e-14], ['FAMILY AND PARENTING', 3.70959e-14], ['TECHNOLOGY AND COMPUTING', 9.76859e-15]]",False,57,6,15:52:09.909862
Steve viewed a hedgehog,"[['SPORTS', 0.05332033], ['AUTOMOTIVE', 0.04875087], ['HOME AND GARDEN', 0.04866684], ['HEALTH AND FITNESS', 0.04851137], ['SOCIETY', 0.04814136]]","[['SCIENCE', 0.940899], ['SPORTS', 0.0591006], ['HOBBIES AND INTERESTS', 3.29539e-10], ['TECHNOLOGY AND COMPUTING', 8.6594e-11], ['BUSINESS', 2.30148e-11]]",True,58,7,15:52:12.904168
my man on Elise viewed an binoculars outside I,"[['RELIGION AND SPIRITUALITY', 0.05522928], ['SPORTS', 0.05427247], ['TRAVEL', 0.05414014], ['HEALTH AND FITNESS', 0.05120024], ['ARTS AND ENTERTAINMENT', 0.05069784]]","[['SPORTS', 0.99973], ['HOBBIES AND INTERESTS', 0.000269686], ['ARTS AND ENTERTAINMENT', 6.69546e-08], ['RELIGION AND SPIRITUALITY', 5.62641e-08], ['TECHNOLOGY AND COMPUTING', 3.81828e-08]]",False,59,7,15:52:15.695936
a squirrel near I went I in Elise on Mark on Elise,"[['AUTOMOTIVE', 0.0530707], ['ARTS AND ENTERTAINMENT', 0.05302877], ['SPORTS', 0.05046451], ['HEALTH AND FITNESS', 0.04883829], ['SOCIETY', 0.04882705]]","[['HOBBIES AND INTERESTS', 0.975525], ['SPORTS', 0.00261718], ['TRAVEL', 0.00117021], ['AUTOMOTIVE', 0.000797735], ['SOCIETY', 0.00066771]]",False,60,7,15:52:18.454617
an lawn by Steve went a squirrel,"[['HOME AND GARDEN', 0.05684313], ['HEALTH AND FITNESS', 0.05267785], ['SOCIETY', 0.04919427], ['REAL ESTATE', 0.04882796], ['ARTS AND ENTERTAINMENT', 0.04874247]]","[['HOBBIES AND INTERESTS', 0.877909], ['SPORTS', 0.000664576], ['AUTOMOTIVE', 0.000527811], ['ARTS AND ENTERTAINMENT', 0.000250869], ['LAW AND GOVERNMENT AND POLITICS', 6.75844e-05]]",True,61,8,15:52:21.222056
my lawn outside an hedgehog with Steve ran Elise with a hedgehog on I near Elise,"[['HOME AND GARDEN', 0.06112704], ['TRAVEL', 0.05662401], ['HEALTH AND FITNESS', 0.05278371], ['HOBBIES AND INTERESTS', 0.05010968], ['RELIGION AND SPIRITUALITY', 0.04990995]]","[['SCIENCE', 0.854195], ['AUTOMOTIVE', 0.140268], ['HOBBIES AND INTERESTS', 0.0044306], ['HEALTH AND FITNESS', 0.000203593], ['SPORTS', 0.000184714]]",False,62,8,15:52:24.026314
a binoculars in Elise caught the fish in I,"[['SPORTS', 0.06296161], ['FOOD AND DRINK', 0.05730731], ['PETS', 0.05352074], ['RELIGION AND SPIRITUALITY', 0.04887415], ['ARTS AND ENTERTAINMENT', 0.04883048]]","[['HOBBIES AND INTERESTS', 0.669701], ['SPORTS', 0.292252], ['FOOD AND DRINK', 1.33083e-05], ['PETS', 1.0812e-05], ['TECHNOLOGY AND COMPUTING', 6.88865e-06]]",False,63,8,15:52:27.100851
Elise ran Elise,"[['TRAVEL', 0.04944931], ['HOBBIES AND INTERESTS', 0.04932141], ['REAL ESTATE', 0.04876718], ['EDUCATION', 0.04867671], ['SOCIETY', 0.04848628]]","[['HOBBIES AND INTERESTS', 0.651989], ['AUTOMOTIVE', 0.30815], ['SOCIETY', 0.0353626], ['STYLE AND FASHION', 0.00153451], ['REAL ESTATE', 0.000976185]]",False,63,8,15:52:29.871284
Steve viewed my squirrel in the lawn by I in my lawn outside Steve in a lawn in Elise near Steve,"[['HOME AND GARDEN', 0.06223645], ['HEALTH AND FITNESS', 0.05565628], ['TRAVEL', 0.05343131], ['RELIGION AND SPIRITUALITY', 0.05140801], ['SPORTS', 0.05090514]]","[['SPORTS', 0.96275], ['HOBBIES AND INTERESTS', 0.00890971], ['TRAVEL', 0.000629865], ['HEALTH AND FITNESS', 0.00050268], ['HOME AND GARDEN', 0.000137098]]",False,64,8,15:52:32.893725
a giraffe with Steve captured I,"[['SPORTS', 0.05530771], ['TECHNOLOGY AND COMPUTING', 0.05296937], ['HOBBIES AND INTERESTS', 0.05282045], ['HEALTH AND FITNESS', 0.05020631], ['HOME AND GARDEN', 0.0488588]]","[['AUTOMOTIVE', 0.731569], ['SPORTS', 0.204058], ['PETS', 0.0370061], ['TECHNOLOGY AND COMPUTING', 0.0025376], ['HEALTH AND FITNESS', 0.00162242]]",False,65,8,15:52:35.660040
my squirrel ran Mark by Mark,"[['HOBBIES AND INTERESTS', 0.05271876], ['AUTOMOTIVE', 0.05226204], ['TRAVEL', 0.04951251], ['PETS', 0.04948663], ['RELIGION AND SPIRITUALITY', 0.04897095]]","[['HOBBIES AND INTERESTS', 0.837296], ['SPORTS', 0.0492867], ['ARTS AND ENTERTAINMENT', 0.0262318], ['PETS', 0.00622284], ['ILLEGAL CONTENT', 0.00422594]]",False,66,8,15:52:38.433314
the binoculars viewed Elise,"[['SCIENCE', 0.04986408], ['SOCIETY', 0.04921458], ['ARTS AND ENTERTAINMENT', 0.04882917], ['AUTOMOTIVE', 0.04838384], ['SPORTS', 0.0483136]]","[['HOBBIES AND INTERESTS', 0.997017], ['PERSONAL FINANCE', 0.00298034], ['TECHNOLOGY AND COMPUTING', 2.52135e-06], ['HEALTH AND FITNESS', 2.50757e-07], ['TRAVEL', 3.416e-09]]",True,67,9,15:52:41.495524
an fish with the man on Mark wounded I near an fish by Elise,"[['SPORTS', 0.05956349], ['RELIGION AND SPIRITUALITY', 0.0524826], ['PETS', 0.05190713], ['ARTS AND ENTERTAINMENT', 0.05140487], ['HOBBIES AND INTERESTS', 0.05116419]]","[['SOCIETY', 0.753826], ['SPORTS', 0.157433], ['HOBBIES AND INTERESTS', 3.86968e-05], ['TRAVEL', 1.78807e-05], ['FOOD AND DRINK', 1.88838e-06]]",False,68,9,15:52:44.306362
Elise viewed a fish near a binoculars outside I,"[['SPORTS', 0.05747211], ['RELIGION AND SPIRITUALITY', 0.05551617], ['FOOD AND DRINK', 0.05437079], ['PETS', 0.05330818], ['TRAVEL', 0.0530104]]","[['HOBBIES AND INTERESTS', 0.637532], ['SPORTS', 0.359042], ['TECHNOLOGY AND COMPUTING', 0.000318226], ['PETS', 9.93852e-05], ['SCIENCE', 2.6772e-05]]",False,69,9,15:52:47.641979
an lawn wounded a monkey,"[['HOME AND GARDEN', 0.05912997], ['LAW GOVERNMENT AND POLITICS', 0.04899539], ['TRAVEL', 0.04897374], ['PERSONAL FINANCE', 0.04882591], ['HEALTH AND FITNESS', 0.04876737]]","[['NON STANDARD CONTENT', 0.58173], ['PETS', 0.247289], ['SPORTS', 0.0483858], ['TRAVEL', 0.0218552], ['STYLE AND FASHION', 0.00968669]]",True,70,10,15:52:50.403758
Mark viewed the fish on my fish by Mark,"[['PETS', 0.05900853], ['SPORTS', 0.05379553], ['RELIGION AND SPIRITUALITY', 0.0534356], ['AUTOMOTIVE', 0.05179207], ['FOOD AND DRINK', 0.05142364]]","[['SPORTS', 0.999791], ['PETS', 2.21783e-05], ['HOBBIES AND INTERESTS', 2.30638e-07], ['SCIENCE', 1.24287e-07], ['SOCIETY', 8.62643e-08]]",False,71,10,15:52:53.125585
I went I in the fish by I on Steve near Mark,"[['SPORTS', 0.06255725], ['FOOD AND DRINK', 0.05320285], ['PETS', 0.05255232], ['AUTOMOTIVE', 0.05167156], ['ARTS AND ENTERTAINMENT', 0.05019954]]","[['SPORTS', 0.562398], ['PETS', 0.00296403], ['TECHNOLOGY AND COMPUTING', 0.00282744], ['TRAVEL', 0.00128546], ['HEALTH AND FITNESS', 0.000902184]]",False,72,10,15:52:56.285533
Elise ran Mark in I in I by Elise,"[['HOBBIES AND INTERESTS', 0.05531456], ['SPORTS', 0.05236376], ['TECHNOLOGY AND COMPUTING', 0.05133144], ['AUTOMOTIVE', 0.04926882], ['ARTS AND ENTERTAINMENT', 0.04883393]]","[['SOCIETY', 1.0], ['HOBBIES AND INTERESTS', 5.0507e-10], ['AUTOMOTIVE', 1.83491e-10], ['STYLE AND FASHION', 3.54349e-11], ['REAL ESTATE', 2.22987e-11]]",False,73,10,15:52:59.046485
Mark wounded Steve,"[['SPORTS', 0.05684967], ['AUTOMOTIVE', 0.0499105], ['HOBBIES AND INTERESTS', 0.04952276], ['HEALTH AND FITNESS', 0.04933159], ['SOCIETY', 0.04819516]]","[['SPORTS', 1.0], ['HOBBIES AND INTERESTS', 3.0386e-12], ['NON STANDARD CONTENT', 2.01867e-12], ['ARTS AND ENTERTAINMENT', 1.05219e-12], ['TRAVEL', 1.04282e-12]]",False,74,10,15:53:01.778443
Mark viewed a squirrel in Steve,"[['SPORTS', 0.05702823], ['AUTOMOTIVE', 0.05055977], ['HOBBIES AND INTERESTS', 0.0500434], ['SOCIETY', 0.04878592], ['HEALTH AND FITNESS', 0.04863807]]","[['HOBBIES AND INTERESTS', 0.783869], ['SPORTS', 0.00544294], ['ILLEGAL CONTENT', 0.00139485], ['PETS', 0.000424658], ['SCIENCE', 0.000407185]]",False,75,10,15:53:04.565403
Mark injured Elise,"[['SPORTS', 0.05016322], ['SOCIETY', 0.04898177], ['PETS', 0.04892298], ['HOBBIES AND INTERESTS', 0.04886229], ['ARTS AND ENTERTAINMENT', 0.04867408]]","[['SPORTS', 0.158894], ['AUTOMOTIVE', 0.0934849], ['HEALTH AND FITNESS', 0.0502591], ['HOBBIES AND INTERESTS', 0.0357001], ['TRAVEL', 0.0288736]]",False,76,10,15:53:07.342076
the fish near Mark injured Elise near I on Mark,"[['SPORTS', 0.05717729], ['PETS', 0.05479661], ['FOOD AND DRINK', 0.05368236], ['RELIGION AND SPIRITUALITY', 0.0516757], ['HOBBIES AND INTERESTS', 0.05040986]]","[['SPORTS', 0.996662], ['SCIENCE', 5.07182e-05], ['FOOD AND DRINK', 1.47819e-05], ['HOBBIES AND INTERESTS', 1.15019e-05], ['PETS', 8.18411e-06]]",False,77,10,15:53:11.350180
Steve viewed I with a binoculars,"[['SPORTS', 0.05767007], ['HOBBIES AND INTERESTS', 0.05038378], ['SCIENCE', 0.04987484], ['HOME AND GARDEN', 0.04973153], ['TECHNOLOGY AND COMPUTING', 0.04922038]]","[['SPORTS', 0.996356], ['HOBBIES AND INTERESTS', 0.00363785], ['TECHNOLOGY AND COMPUTING', 4.59691e-06], ['ARTS AND ENTERTAINMENT', 3.17544e-07], ['HEALTH AND FITNESS', 3.7812e-08]]",False,78,10,15:53:14.366220
the giraffe injured I with an binoculars in Steve,"[['SPORTS', 0.05798993], ['HOBBIES AND INTERESTS', 0.05084696], ['HEALTH AND FITNESS', 0.0497621], ['TECHNOLOGY AND COMPUTING', 0.04969498], ['SCIENCE', 0.0490632]]","[['PETS', 0.824548], ['HOBBIES AND INTERESTS', 0.15866], ['SPORTS', 0.00197064], ['HEALTH AND FITNESS', 0.00131302], ['STYLE AND FASHION', 0.0010405]]",False,79,10,15:53:17.444278
Elise wounded Steve,"[['SPORTS', 0.05403739], ['HEALTH AND FITNESS', 0.0502064], ['AUTOMOTIVE', 0.0484385], ['BUSINESS', 0.04791378], ['CAREERS', 0.0479129]]","[['AUTOMOTIVE', 1.0], ['HOBBIES AND INTERESTS', 1.30097e-11], ['SPORTS', 2.64506e-14], ['NON STANDARD CONTENT', 1.38207e-14], ['ARTS AND ENTERTAINMENT', 7.66272e-15]]",False,80,10,15:53:20.247455
a giraffe by I captured Mark in Steve,"[['SPORTS', 0.05776809], ['HOBBIES AND INTERESTS', 0.05464457], ['TECHNOLOGY AND COMPUTING', 0.05244457], ['AUTOMOTIVE', 0.05043764], ['HEALTH AND FITNESS', 0.04936906]]","[['AUTOMOTIVE', 0.755844], ['HOBBIES AND INTERESTS', 0.105926], ['SPORTS', 0.0237073], ['PETS', 0.0220267], ['EDUCATION', 0.0072822]]",False,81,10,15:53:22.969611
I wounded an giraffe outside Steve outside an giraffe on Steve,"[['SPORTS', 0.06024476], ['RELIGION AND SPIRITUALITY', 0.05103792], ['HEALTH AND FITNESS', 0.05093332], ['TECHNOLOGY AND COMPUTING', 0.04956619], ['TRAVEL', 0.04921681]]","[['AUTOMOTIVE', 0.701186], ['PETS', 0.256251], ['SPORTS', 0.0305162], ['HEALTH AND FITNESS', 0.00297074], ['STYLE AND FASHION', 0.00238857]]",False,82,10,15:53:25.814327
I caught my squirrel on my man with Elise,"[['SPORTS', 0.05960081], ['TECHNOLOGY AND COMPUTING', 0.05106504], ['TRAVEL', 0.05092069], ['HOBBIES AND INTERESTS', 0.05085379], ['ARTS AND ENTERTAINMENT', 0.05068143]]","[['SPORTS', 0.999948], ['SOCIETY', 5.81678e-06], ['HOBBIES AND INTERESTS', 2.15902e-06], ['PETS', 7.78863e-07], ['ARTS AND ENTERTAINMENT', 2.31431e-07]]",False,83,10,15:53:28.807886
my giraffe injured an lawn with Elise,"[['HOME AND GARDEN', 0.05927391], ['HEALTH AND FITNESS', 0.05274932], ['TRAVEL', 0.04972905], ['SOCIETY', 0.04890987], ['RELIGION AND SPIRITUALITY', 0.04876941]]","[['STYLE AND FASHION', 0.895757], ['HEALTH AND FITNESS', 0.0444996], ['PETS', 0.0177772], ['SPORTS', 0.0117723], ['TRAVEL', 0.000998483]]",False,84,10,15:53:31.933543
my monkey wounded I,"[['HOBBIES AND INTERESTS', 0.05170878], ['TECHNOLOGY AND COMPUTING', 0.05119509], ['AUTOMOTIVE', 0.05081877], ['SPORTS', 0.05074843], ['STYLE AND FASHION', 0.04977637]]","[['TRAVEL', 0.81134], ['PETS', 0.049034], ['NON STANDARD CONTENT', 0.0385618], ['SPORTS', 0.0330121], ['STYLE AND FASHION', 0.0166341]]",False,85,10,15:53:34.639422
an giraffe injured Steve in Elise,"[['SPORTS', 0.05352227], ['HEALTH AND FITNESS', 0.05129676], ['HOBBIES AND INTERESTS', 0.0485006], ['CAREERS', 0.04841048], ['FAMILY AND PARENTING', 0.04773541]]","[['HEALTH AND FITNESS', 0.403477], ['STYLE AND FASHION', 0.173931], ['AUTOMOTIVE', 0.13539], ['PETS', 0.103449], ['SPORTS', 0.0687557]]",False,86,10,15:53:37.405253
Steve injured I on Mark,"[['SPORTS', 0.05986155], ['HOBBIES AND INTERESTS', 0.05259745], ['TECHNOLOGY AND COMPUTING', 0.0497975], ['AUTOMOTIVE', 0.04904481], ['HEALTH AND FITNESS', 0.04902675]]","[['SPORTS', 0.156847], ['HOBBIES AND INTERESTS', 0.112166], ['NON STANDARD CONTENT', 0.0258396], ['TRAVEL', 0.00948639], ['STYLE AND FASHION', 0.00885319]]",False,87,10,15:53:40.057969
I wounded a man with I,"[['SPORTS', 0.05383221], ['SCIENCE', 0.05118275], ['HOBBIES AND INTERESTS', 0.0510928], ['ARTS AND ENTERTAINMENT', 0.05080698], ['HEALTH AND FITNESS', 0.04976088]]","[['HOBBIES AND INTERESTS', 0.999991], ['ARTS AND ENTERTAINMENT', 3.36368e-06], ['TRAVEL', 1.81557e-06], ['CAREERS', 1.00233e-06], ['SPORTS', 9.95605e-07]]",False,88,10,15:53:42.949422
I went a hedgehog,"[['ARTS AND ENTERTAINMENT', 0.05209372], ['AUTOMOTIVE', 0.05167048], ['FOOD AND DRINK', 0.05077283], ['SPORTS', 0.0488855], ['SCIENCE', 0.04825834]]","[['SCIENCE', 1.0], ['SPORTS', 1.66029e-09], ['HOBBIES AND INTERESTS', 1.78317e-10], ['AUTOMOTIVE', 1.18254e-10], ['HEALTH AND FITNESS', 6.56569e-11]]",False,89,10,15:53:46.008583
Mark viewed Elise,"[['AUTOMOTIVE', 0.05043633], ['SPORTS', 0.04991321], ['SOCIETY', 0.04971012], ['HOBBIES AND INTERESTS', 0.04921988], ['ARTS AND ENTERTAINMENT', 0.04911172]]","[['TECHNOLOGY AND COMPUTING', 0.554634], ['HEALTH AND FITNESS', 0.422271], ['HOBBIES AND INTERESTS', 0.0204446], ['AUTOMOTIVE', 0.0012096], ['SOCIETY', 0.000850931]]",False,90,10,15:53:48.775188
my lawn in my man went Mark,"[['HOME AND GARDEN', 0.05452823], ['HEALTH AND FITNESS', 0.0534021], ['AUTOMOTIVE', 0.05220879], ['SOCIETY', 0.05200449], ['ARTS AND ENTERTAINMENT', 0.05066123]]","[['SPORTS', 1.0], ['HEALTH AND FITNESS', 2.69797e-11], ['CAREERS', 5.28444e-12], ['HOBBIES AND INTERESTS', 4.67936e-12], ['ARTS AND ENTERTAINMENT', 2.42486e-12]]",False,91,10,15:53:51.537780
Steve captured Mark outside my man near Mark,"[['HEALTH AND FITNESS', 0.05767563], ['SPORTS', 0.05558803], ['RELIGION AND SPIRITUALITY', 0.05307041], ['TRAVEL', 0.05272109], ['AUTOMOTIVE', 0.05079122]]","[['SPORTS', 1.0], ['HOBBIES AND INTERESTS', 1.59503e-07], ['NON STANDARD CONTENT', 5.18455e-08], ['TRAVEL', 4.648e-09], ['AUTOMOTIVE', 3.54772e-09]]",False,92,10,15:53:54.302699
I ran Mark near an lawn on I,"[['HOME AND GARDEN', 0.05865624], ['TRAVEL', 0.05409963], ['HOBBIES AND INTERESTS', 0.05309147], ['TECHNOLOGY AND COMPUTING', 0.04996703], ['SOCIETY', 0.04965711]]","[['HOBBIES AND INTERESTS', 1.0], ['SPORTS', 9.77698e-09], ['HOME AND GARDEN', 5.92848e-09], ['CAREERS', 2.45233e-09], ['HEALTH AND FITNESS', 8.12387e-10]]",False,93,10,15:53:57.146108
Mark wounded an man in I,"[['SPORTS', 0.05632172], ['HOBBIES AND INTERESTS', 0.05287308], ['ARTS AND ENTERTAINMENT', 0.05094109], ['SCIENCE', 0.04954516], ['RELIGION AND SPIRITUALITY', 0.04938599]]","[['SPORTS', 1.0], ['NON STANDARD CONTENT', 6.91857e-08], ['TRAVEL', 6.36725e-08], ['ARTS AND ENTERTAINMENT', 2.6585e-08], ['CAREERS', 1.98044e-08]]",False,94,10,15:54:00.187236
Steve caught Mark in my lawn by Elise by I,"[['HOME AND GARDEN', 0.06166721], ['SPORTS', 0.05745474], ['HOBBIES AND INTERESTS', 0.05147984], ['AUTOMOTIVE', 0.05066625], ['TECHNOLOGY AND COMPUTING', 0.04942299]]","[['SOCIETY', 1.0], ['SPORTS', 3.88927e-18], ['HOBBIES AND INTERESTS', 1.3527e-19], ['TECHNOLOGY AND COMPUTING', 5.83666e-20], ['STYLE AND FASHION', 3.12517e-20]]",False,95,10,15:54:03.261452
I wounded Steve by my fish on a lawn with Elise,"[['HOME AND GARDEN', 0.05875636], ['SPORTS', 0.05566122], ['PETS', 0.05429557], ['FOOD AND DRINK', 0.05140439], ['RELIGION AND SPIRITUALITY', 0.05059047]]","[['SPORTS', 0.865135], ['HOBBIES AND INTERESTS', 0.0984275], ['ARTS AND ENTERTAINMENT', 0.000534315], ['CAREERS', 0.000272688], ['PETS', 0.000265895]]",False,96,10,15:54:06.283071
a hedgehog injured an lawn on the lawn near I with the hedgehog outside my lawn on a man with Steve,"[['HOME AND GARDEN', 0.0593031], ['HEALTH AND FITNESS', 0.05843573], ['TRAVEL', 0.05484359], ['SPORTS', 0.05203915], ['RELIGION AND SPIRITUALITY', 0.05190146]]","[['HOBBIES AND INTERESTS', 1.0], ['SCIENCE', 2.77735e-08], ['SPORTS', 2.66071e-08], ['TRAVEL', 4.0941e-09], ['HOME AND GARDEN', 3.5424e-10]]",False,97,10,15:54:09.104864
Elise went I outside Steve outside Steve,"[['SPORTS', 0.05755248], ['HEALTH AND FITNESS', 0.05149547], ['RELIGION AND SPIRITUALITY', 0.05139858], ['AUTOMOTIVE', 0.05039541], ['TECHNOLOGY AND COMPUTING', 0.04987776]]","[['STYLE AND FASHION', 0.0675682], ['HOBBIES AND INTERESTS', 0.066119], ['SPORTS', 0.0655219], ['SOCIETY', 0.0521965], ['AUTOMOTIVE', 0.045832]]",False,98,10,15:54:12.119527
Elise wounded a monkey on my man with a monkey with a monkey by Mark near I,"[['HOBBIES AND INTERESTS', 0.05412204], ['SPORTS', 0.05383624], ['AUTOMOTIVE', 0.05142992], ['TRAVEL', 0.0508738], ['HEALTH AND FITNESS', 0.05085195]]","[['STYLE AND FASHION', 0.686907], ['FAMILY AND PARENTING', 0.186195], ['SPORTS', 0.0521019], ['AUTOMOTIVE', 0.0499657], ['NON STANDARD CONTENT', 0.012871]]",False,99,10,15:54:14.885844
Steve ran Mark outside a giraffe,"[['SPORTS', 0.05641718], ['TRAVEL', 0.05095703], ['RELIGION AND SPIRITUALITY', 0.05040287], ['HOBBIES AND INTERESTS', 0.05017534], ['HEALTH AND FITNESS', 0.04960993]]","[['AUTOMOTIVE', 0.593019], ['SPORTS', 0.149562], ['HOBBIES AND INTERESTS', 0.0629067], ['TRAVEL', 0.0214143], ['PETS', 0.0180438]]",False,100,10,15:54:17.693875
Mark captured Mark,"[['HOBBIES AND INTERESTS', 0.05018162], ['AUTOMOTIVE', 0.04953004], ['TECHNOLOGY AND COMPUTING', 0.04914953], ['SPORTS', 0.04873749], ['LAW GOVERNMENT AND POLITICS', 0.04871542]]","[['HOBBIES AND INTERESTS', 0.236103], ['TECHNOLOGY AND COMPUTING', 0.0353083], ['SPORTS', 0.029963], ['NON STANDARD CONTENT', 0.0170317], ['BUSINESS', 0.0155719]]",False,101,10,15:54:20.414494
Steve went the hedgehog in Elise,"[['SPORTS', 0.05184378], ['AUTOMOTIVE', 0.05127411], ['HEALTH AND FITNESS', 0.05051969], ['ARTS AND ENTERTAINMENT', 0.04928077], ['BUSINESS', 0.04861147]]","[['SPORTS', 0.326059], ['HOBBIES AND INTERESTS', 0.194542], ['TECHNOLOGY AND COMPUTING', 0.124244], ['SOCIETY', 0.0246537], ['PERSONAL FINANCE', 0.0166362]]",True,102,11,15:54:23.155941
Elise viewed Elise,"[['SOCIETY', 0.04900261], ['ARTS AND ENTERTAINMENT', 0.04896976], ['AUTOMOTIVE', 0.0485571], ['SCIENCE', 0.04837496], ['PERSONAL FINANCE', 0.04811707]]","[['HOBBIES AND INTERESTS', 0.792274], ['AUTOMOTIVE', 0.119398], ['HEALTH AND FITNESS', 0.0400213], ['TECHNOLOGY AND COMPUTING', 0.0263201], ['SOCIETY', 0.0190635]]",False,103,11,15:54:25.943901
Elise injured Mark on I on the squirrel,"[['SPORTS', 0.05396535], ['HOBBIES AND INTERESTS', 0.0519641], ['TECHNOLOGY AND COMPUTING', 0.05062334], ['ARTS AND ENTERTAINMENT', 0.04999246], ['RELIGION AND SPIRITUALITY', 0.04890865]]","[['HOBBIES AND INTERESTS', 0.667953], ['SPORTS', 0.0911346], ['PETS', 0.03282], ['FAMILY AND PARENTING', 0.0325389], ['FOOD AND DRINK', 0.00673155]]",False,104,11,15:54:28.723830
my binoculars wounded Mark on Elise,"[['AUTOMOTIVE', 0.05309982], ['RELIGION AND SPIRITUALITY', 0.05039387], ['PETS', 0.05031029], ['SPORTS', 0.04951057], ['HEALTH AND FITNESS', 0.04927557]]","[['HOBBIES AND INTERESTS', 0.999999], ['SPORTS', 7.77162e-07], ['TRAVEL', 3.78607e-08], ['TECHNOLOGY AND COMPUTING', 2.98379e-08], ['PETS', 2.4319e-08]]",False,105,11,15:54:31.780645
Steve went Elise,"[['SPORTS', 0.05204748], ['AUTOMOTIVE', 0.0512803], ['HEALTH AND FITNESS', 0.05076786], ['ARTS AND ENTERTAINMENT', 0.04949087], ['BUSINESS', 0.04858095]]","[['SOCIETY', 0.874617], ['HOBBIES AND INTERESTS', 0.0808544], ['AUTOMOTIVE', 0.0146808], ['SPORTS', 0.0117104], ['REAL ESTATE', 0.00268769]]",False,106,11,15:54:36.732884
an monkey ran I,"[['HOBBIES AND INTERESTS', 0.05290848], ['TECHNOLOGY AND COMPUTING', 0.0518769], ['TRAVEL', 0.05159685], ['SPORTS', 0.05008363], ['STYLE AND FASHION', 0.04936983]]","[['HOBBIES AND INTERESTS', 1.0], ['EDUCATION', 3.6835e-13], ['TECHNOLOGY AND COMPUTING', 1.41094e-13], ['STYLE AND FASHION', 1.20687e-13], ['LAW AND GOVERNMENT AND POLITICS', 8.76251e-14]]",False,107,11,15:54:39.491021
Steve wounded Mark on Steve,"[['SPORTS', 0.05684967], ['AUTOMOTIVE', 0.0499105], ['HOBBIES AND INTERESTS', 0.04952276], ['HEALTH AND FITNESS', 0.04933159], ['SOCIETY', 0.04819516]]","[['TECHNOLOGY AND COMPUTING', 0.278782], ['SPORTS', 0.276236], ['HOME AND GARDEN', 0.0229891], ['HOBBIES AND INTERESTS', 0.0201597], ['TRAVEL', 0.00915744]]",False,108,11,15:54:42.674991
Steve caught Elise with Elise,"[['SPORTS', 0.05827707], ['FOOD AND DRINK', 0.04938343], ['FAMILY AND PARENTING', 0.04874885], ['HOME AND GARDEN', 0.0480086], ['ARTS AND ENTERTAINMENT', 0.04770731]]","[['SPORTS', 0.535787], ['HOBBIES AND INTERESTS', 0.434944], ['AUTOMOTIVE', 0.0131193], ['SOCIETY', 0.0104973], ['STYLE AND FASHION', 0.000436623]]",True,109,12,15:54:45.611843
Steve wounded the giraffe with I,"[['SPORTS', 0.05782771], ['HOBBIES AND INTERESTS', 0.05159306], ['TECHNOLOGY AND COMPUTING', 0.0502142], ['HEALTH AND FITNESS', 0.04939583], ['HOME AND GARDEN', 0.04896818]]","[['HOBBIES AND INTERESTS', 0.997482], ['PETS', 0.00249192], ['AUTOMOTIVE', 2.24862e-05], ['SPORTS', 2.79808e-06], ['HEALTH AND FITNESS', 4.00985e-08]]",False,110,12,15:54:48.329338
Elise caught I by an man by the binoculars,"[['SPORTS', 0.05830777], ['ARTS AND ENTERTAINMENT', 0.05184426], ['SCIENCE', 0.0514018], ['TECHNOLOGY AND COMPUTING', 0.04965728], ['FOOD AND DRINK', 0.04951634]]","[['HOBBIES AND INTERESTS', 0.999685], ['PERSONAL FINANCE', 0.000280224], ['SPORTS', 4.74449e-06], ['TECHNOLOGY AND COMPUTING', 3.50447e-06], ['TRAVEL', 2.97071e-06]]",False,111,12,15:54:51.140003
an giraffe outside Elise went Elise outside Elise,"[['RELIGION AND SPIRITUALITY', 0.05191975], ['TRAVEL', 0.05120316], ['BUSINESS', 0.05070993], ['HEALTH AND FITNESS', 0.05034373], ['ARTS AND ENTERTAINMENT', 0.0494979]]","[['AUTOMOTIVE', 0.545429], ['HOBBIES AND INTERESTS', 0.302182], ['SOCIETY', 0.0948732], ['PETS', 0.0126651], ['STYLE AND FASHION', 0.012312]]",True,112,13,15:54:53.945807
Mark injured Steve,"[['SPORTS', 0.0562793], ['HEALTH AND FITNESS', 0.05009107], ['HOBBIES AND INTERESTS', 0.04959691], ['AUTOMOTIVE', 0.04862137], ['PETS', 0.04828164]]","[['SPORTS', 0.263963], ['HOBBIES AND INTERESTS', 0.0685181], ['NON STANDARD CONTENT', 0.0143086], ['TRAVEL', 0.00890848], ['HOME AND GARDEN', 0.00442711]]",False,113,13,15:54:56.706667
Mark viewed Mark,"[['SPORTS', 0.05019407], ['AUTOMOTIVE', 0.05004992], ['SOCIETY', 0.04951214], ['HOBBIES AND INTERESTS', 0.04944683], ['RELIGION AND SPIRITUALITY', 0.04878204]]","[['RELIGION AND SPIRITUALITY', 0.180047], ['ILLEGAL CONTENT', 0.140985], ['FOOD AND DRINK', 0.0661317], ['FAMILY AND PARENTING', 0.065657], ['PETS', 0.0520823]]",True,114,14,15:54:59.223288
an giraffe went Mark near Steve,"[['SPORTS', 0.05326621], ['AUTOMOTIVE', 0.05205162], ['HEALTH AND FITNESS', 0.05061038], ['SOCIETY', 0.05020291], ['TRAVEL', 0.04860986]]","[['TRAVEL', 0.470857], ['AUTOMOTIVE', 0.470663], ['PETS', 0.0436658], ['STYLE AND FASHION', 0.00505605], ['BUSINESS', 0.00333222]]",False,115,14,15:55:02.314556
Steve wounded I on Elise,"[['SPORTS', 0.05748103], ['HOBBIES AND INTERESTS', 0.05052543], ['TECHNOLOGY AND COMPUTING', 0.05034826], ['HEALTH AND FITNESS', 0.04914312], ['AUTOMOTIVE', 0.04886382]]","[['HOBBIES AND INTERESTS', 0.936367], ['TECHNOLOGY AND COMPUTING', 0.00737699], ['NON STANDARD CONTENT', 0.00621844], ['SPORTS', 0.0055076], ['HOME AND GARDEN', 0.00535594]]",False,116,14,15:55:05.303992
Elise ran Elise by I,"[['HOBBIES AND INTERESTS', 0.05232839], ['TECHNOLOGY AND COMPUTING', 0.051664], ['TRAVEL', 0.04965605], ['SPORTS', 0.04904363], ['FOOD AND DRINK', 0.04895191]]","[['SOCIETY', 1.0], ['HOBBIES AND INTERESTS', 3.62206e-14], ['AUTOMOTIVE', 1.87025e-14], ['STYLE AND FASHION', 6.56287e-16], ['REAL ESTATE', 2.59875e-16]]",True,117,15,15:55:08.645523
an lawn ran Steve by Steve on I,"[['HOME AND GARDEN', 0.06053048], ['HOBBIES AND INTERESTS', 0.05216168], ['TRAVEL', 0.05037466], ['TECHNOLOGY AND COMPUTING', 0.05026655], ['SPORTS', 0.04983065]]","[['TECHNOLOGY AND COMPUTING', 0.114578], ['HOME AND GARDEN', 0.106104], ['SPORTS', 0.0950948], ['HOBBIES AND INTERESTS', 0.0712855], ['LAW AND GOVERNMENT AND POLITICS', 0.0510234]]",False,118,15,15:55:11.411532
Mark went Mark with Elise in Elise,"[['AUTOMOTIVE', 0.05263122], ['ARTS AND ENTERTAINMENT', 0.05063916], ['SOCIETY', 0.04979969], ['REAL ESTATE', 0.04896024], ['SPORTS', 0.04879559]]","[['SOCIETY', 0.491182], ['HOBBIES AND INTERESTS', 0.361448], ['AUTOMOTIVE', 0.118263], ['REAL ESTATE', 0.00808389], ['SPORTS', 0.00419539]]",False,119,15,15:55:14.832853
Steve went I on a hedgehog by Elise,"[['SPORTS', 0.05509624], ['AUTOMOTIVE', 0.05168062], ['TECHNOLOGY AND COMPUTING', 0.05082548], ['ARTS AND ENTERTAINMENT', 0.05022982], ['FOOD AND DRINK', 0.04983527]]","[['SOCIETY', 0.999965], ['SCIENCE', 3.46272e-05], ['SPORTS', 1.86954e-12], ['TECHNOLOGY AND COMPUTING', 1.40064e-12], ['HOBBIES AND INTERESTS', 1.23978e-12]]",False,120,15,15:55:17.603844
I injured I near Elise,"[['HOBBIES AND INTERESTS', 0.05009354], ['TECHNOLOGY AND COMPUTING', 0.04995115], ['SCIENCE', 0.04984009], ['SPORTS', 0.04958963], ['FOOD AND DRINK', 0.04898552]]","[['AUTOMOTIVE', 1.0], ['SPORTS', 1.85566e-09], ['CAREERS', 3.9636e-10], ['RELIGION AND SPIRITUALITY', 3.33697e-10], ['HEALTH AND FITNESS', 3.2792e-10]]",True,121,16,15:55:20.679541
an squirrel in Steve caught Mark by I on I,"[['SPORTS', 0.06767657], ['HOBBIES AND INTERESTS', 0.05269994], ['TECHNOLOGY AND COMPUTING', 0.05062042], ['FOOD AND DRINK', 0.0498928], ['AUTOMOTIVE', 0.04880895]]","[['SPORTS', 0.601621], ['HOBBIES AND INTERESTS', 0.0837375], ['TECHNOLOGY AND COMPUTING', 0.00376343], ['ILLEGAL CONTENT', 0.00342496], ['LAW AND GOVERNMENT AND POLITICS', 0.00183091]]",False,122,16,15:55:23.696863
I ran I near the hedgehog outside my fish by Mark,"[['PETS', 0.05825642], ['TRAVEL', 0.0563441], ['RELIGION AND SPIRITUALITY', 0.05617481], ['SPORTS', 0.05505709], ['FOOD AND DRINK', 0.05371176]]","[['HOBBIES AND INTERESTS', 0.752425], ['SPORTS', 0.0954744], ['HEALTH AND FITNESS', 0.0507245], ['STYLE AND FASHION', 0.00693559], ['TRAVEL', 0.00527046]]",False,123,16,15:55:26.474386
Steve ran Elise in a binoculars,"[['SPORTS', 0.05211924], ['HOBBIES AND INTERESTS', 0.04907121], ['TRAVEL', 0.04872324], ['SCIENCE', 0.04847676], ['HEALTH AND FITNESS', 0.04828314]]","[['HOBBIES AND INTERESTS', 0.999999], ['TECHNOLOGY AND COMPUTING', 3.57677e-07], ['TRAVEL', 2.53684e-07], ['ARTS AND ENTERTAINMENT', 3.68811e-08], ['AUTOMOTIVE', 2.16911e-08]]",False,124,16,15:55:29.252187
I viewed Steve with Steve outside Mark,"[['SPORTS', 0.06139391], ['RELIGION AND SPIRITUALITY', 0.05180655], ['AUTOMOTIVE', 0.05075962], ['HOBBIES AND INTERESTS', 0.05047331], ['TECHNOLOGY AND COMPUTING', 0.04884503]]","[['HOBBIES AND INTERESTS', 0.999966], ['SPORTS', 7.08912e-11], ['RELIGION AND SPIRITUALITY', 6.25297e-11], ['TECHNOLOGY AND COMPUTING', 4.08699e-11], ['NON STANDARD CONTENT', 2.86904e-11]]",False,125,16,15:55:32.246227
my man with Mark wounded Mark by Elise,"[['AUTOMOTIVE', 0.05238555], ['HEALTH AND FITNESS', 0.05180651], ['SPORTS', 0.05122411], ['RELIGION AND SPIRITUALITY', 0.05098014], ['HOBBIES AND INTERESTS', 0.05067538]]","[['SOCIETY', 0.998977], ['SPORTS', 0.000828837], ['ARTS AND ENTERTAINMENT', 5.19856e-10], ['TRAVEL', 4.84182e-10], ['HOBBIES AND INTERESTS', 4.31256e-10]]",False,126,16,15:55:35.064216
Steve injured a hedgehog near I near I,"[['SPORTS', 0.05537956], ['HOBBIES AND INTERESTS', 0.05047529], ['HEALTH AND FITNESS', 0.05002227], ['TECHNOLOGY AND COMPUTING', 0.04996855], ['SCIENCE', 0.04945597]]","[['SCIENCE', 0.999999], ['SPORTS', 1.67556e-07], ['FOOD AND DRINK', 1.09868e-07], ['TRAVEL', 8.39764e-08], ['HOBBIES AND INTERESTS', 2.99716e-08]]",False,127,16,15:55:37.890629
Mark captured Mark,"[['HOBBIES AND INTERESTS', 0.05018162], ['AUTOMOTIVE', 0.04953004], ['TECHNOLOGY AND COMPUTING', 0.04914953], ['SPORTS', 0.04873749], ['LAW GOVERNMENT AND POLITICS', 0.04871542]]","[['HOBBIES AND INTERESTS', 0.236103], ['TECHNOLOGY AND COMPUTING', 0.0353083], ['SPORTS', 0.029963], ['NON STANDARD CONTENT', 0.0170317], ['BUSINESS', 0.0155719]]",False,127,16,15:55:41.262154
an monkey outside Elise ran Steve,"[['SPORTS', 0.054444], ['TRAVEL', 0.05204277], ['HEALTH AND FITNESS', 0.04987991], ['BUSINESS', 0.04983007], ['REAL ESTATE', 0.04872259]]","[['FAMILY AND PARENTING', 1.0], ['STYLE AND FASHION', 2.8513e-08], ['HOBBIES AND INTERESTS', 3.32922e-09], ['AUTOMOTIVE', 2.16583e-09], ['SOCIETY', 1.6717e-09]]",True,128,17,15:55:43.975309
Elise viewed I outside Steve,"[['SPORTS', 0.05892838], ['RELIGION AND SPIRITUALITY', 0.05169755], ['HEALTH AND FITNESS', 0.04924155], ['FOOD AND DRINK', 0.04921315], ['TECHNOLOGY AND COMPUTING', 0.04909924]]","[['HOBBIES AND INTERESTS', 0.85184], ['NON STANDARD CONTENT', 0.0217884], ['SOCIETY', 0.0194359], ['AUTOMOTIVE', 0.0108771], ['STYLE AND FASHION', 0.0105952]]",True,129,18,15:55:47.044765
an squirrel in a giraffe caught the fish on Elise with Elise,"[['SPORTS', 0.058534], ['FOOD AND DRINK', 0.05484372], ['PETS', 0.05377426], ['RELIGION AND SPIRITUALITY', 0.04860038], ['ARTS AND ENTERTAINMENT', 0.04853901]]","[['SPORTS', 0.9122], ['HOBBIES AND INTERESTS', 0.0823249], ['PETS', 0.000418184], ['FOOD AND DRINK', 0.000102266], ['SCIENCE', 1.24302e-05]]",False,130,18,15:55:49.850849
a fish viewed the monkey with Mark,"[['SPORTS', 0.05613222], ['PETS', 0.05553191], ['FOOD AND DRINK', 0.05145403], ['RELIGION AND SPIRITUALITY', 0.05115737], ['HOBBIES AND INTERESTS', 0.04840103]]","[['SPORTS', 0.572333], ['STYLE AND FASHION', 0.261039], ['SCIENCE', 0.0943646], ['HOBBIES AND INTERESTS', 0.00965899], ['EDUCATION', 0.00564356]]",False,131,18,15:55:52.719288
a man by I injured Mark in Steve with a monkey,"[['SPORTS', 0.0631344], ['HOBBIES AND INTERESTS', 0.05381758], ['HEALTH AND FITNESS', 0.05162272], ['TECHNOLOGY AND COMPUTING', 0.04914314], ['SCIENCE', 0.04913636]]","[['HOBBIES AND INTERESTS', 0.999949], ['NON STANDARD CONTENT', 1.71463e-05], ['SPORTS', 5.76472e-06], ['STYLE AND FASHION', 1.86639e-06], ['RELIGION AND SPIRITUALITY', 9.48273e-07]]",False,132,18,15:55:55.647194
Elise wounded Elise near Steve with I,"[['SPORTS', 0.05607228], ['HOBBIES AND INTERESTS', 0.05050371], ['SCIENCE', 0.04983391], ['TECHNOLOGY AND COMPUTING', 0.04980299], ['HEALTH AND FITNESS', 0.0497255]]","[['AUTOMOTIVE', 0.991247], ['HOBBIES AND INTERESTS', 0.00786709], ['TRAVEL', 1.31285e-07], ['SOCIETY', 1.09691e-09], ['SPORTS', 2.8035e-10]]",False,133,18,15:55:58.368696
I wounded I near Steve,"[['SPORTS', 0.05619854], ['HOBBIES AND INTERESTS', 0.05076968], ['SCIENCE', 0.04991645], ['TECHNOLOGY AND COMPUTING', 0.04975932], ['HEALTH AND FITNESS', 0.04949858]]","[['TRAVEL', 0.997384], ['SPORTS', 0.000451454], ['NON STANDARD CONTENT', 0.000269179], ['HOBBIES AND INTERESTS', 0.000194941], ['BUSINESS', 0.000189182]]",False,134,18,15:56:01.176972
Steve injured my fish in I,"[['SPORTS', 0.06186083], ['PETS', 0.05649662], ['FOOD AND DRINK', 0.0530686], ['RELIGION AND SPIRITUALITY', 0.05092027], ['HOBBIES AND INTERESTS', 0.05062765]]","[['SPORTS', 0.579818], ['PETS', 0.0136371], ['HOBBIES AND INTERESTS', 0.000437807], ['RELIGION AND SPIRITUALITY', 0.000213826], ['FOOD AND DRINK', 0.000151864]]",False,135,18,15:56:03.949191
Steve viewed Steve near a lawn on Elise,"[['HOME AND GARDEN', 0.06085399], ['SOCIETY', 0.05078166], ['HEALTH AND FITNESS', 0.05030108], ['SCIENCE', 0.049883], ['TRAVEL', 0.04986298]]","[['HOBBIES AND INTERESTS', 0.927289], ['SPORTS', 0.0727061], ['TECHNOLOGY AND COMPUTING', 3.06156e-07], ['HEALTH AND FITNESS', 7.33725e-09], ['TRAVEL', 1.99817e-09]]",False,136,18,15:56:06.964031
I injured the man on Steve,"[['SPORTS', 0.05913867], ['HEALTH AND FITNESS', 0.05227512], ['HOBBIES AND INTERESTS', 0.05167133], ['SCIENCE', 0.05026821], ['ARTS AND ENTERTAINMENT', 0.05021605]]","[['SPORTS', 0.413223], ['NON STANDARD CONTENT', 0.00817839], ['HOBBIES AND INTERESTS', 0.00726827], ['TECHNOLOGY AND COMPUTING', 0.0061414], ['RELIGION AND SPIRITUALITY', 0.00491495]]",False,137,18,15:56:09.723573
Mark wounded Steve with Steve,"[['SPORTS', 0.0563703], ['AUTOMOTIVE', 0.0503544], ['HOBBIES AND INTERESTS', 0.04956213], ['HEALTH AND FITNESS', 0.04899633], ['SOCIETY', 0.04823347]]","[['HOBBIES AND INTERESTS', 0.79403], ['SPORTS', 0.205969], ['NON STANDARD CONTENT', 1.71937e-08], ['AUTOMOTIVE', 1.08828e-08], ['TRAVEL', 3.08174e-09]]",False,138,18,15:56:12.542383
a binoculars outside an hedgehog ran my giraffe,"[['TRAVEL', 0.05646505], ['RELIGION AND SPIRITUALITY', 0.05225866], ['PETS', 0.05025012], ['HEALTH AND FITNESS', 0.0499579], ['AUTOMOTIVE', 0.04902627]]","[['EDUCATION', 0.999975], ['HOBBIES AND INTERESTS', 1.73994e-05], ['PETS', 3.9856e-06], ['ARTS AND ENTERTAINMENT', 7.27922e-07], ['TECHNOLOGY AND COMPUTING', 1.93711e-07]]",True,139,19,15:56:15.363637
my squirrel viewed Elise outside I near Steve,"[['SPORTS', 0.05639209], ['HEALTH AND FITNESS', 0.05288178], ['TRAVEL', 0.05269665], ['RELIGION AND SPIRITUALITY', 0.05215553], ['AUTOMOTIVE', 0.05098914]]","[['HOBBIES AND INTERESTS', 0.83777], ['TRAVEL', 0.119364], ['SPORTS', 0.0160933], ['TECHNOLOGY AND COMPUTING', 0.00220194], ['HEALTH AND FITNESS', 0.00161544]]",False,140,19,15:56:18.636725
Steve ran Elise,"[['SPORTS', 0.0514502], ['HOBBIES AND INTERESTS', 0.04986406], ['HEALTH AND FITNESS', 0.04866392], ['REAL ESTATE', 0.04831277], ['AUTOMOTIVE', 0.0481054]]","[['HOBBIES AND INTERESTS', 0.590123], ['SPORTS', 0.0994193], ['AUTOMOTIVE', 0.0911524], ['TRAVEL', 0.0834893], ['SOCIETY', 0.0427407]]",False,141,19,15:56:21.504984
Steve injured I outside a binoculars outside Steve,"[['SPORTS', 0.0603134], ['RELIGION AND SPIRITUALITY', 0.05157609], ['HEALTH AND FITNESS', 0.0509778], ['TECHNOLOGY AND COMPUTING', 0.0490893], ['FOOD AND DRINK', 0.04899567]]","[['HOBBIES AND INTERESTS', 0.878967], ['TECHNOLOGY AND COMPUTING', 0.0200244], ['SPORTS', 0.00859811], ['PETS', 0.00525003], ['NON STANDARD CONTENT', 0.00194695]]",False,142,19,15:56:24.520523
Steve caught the giraffe in I outside Mark,"[['SPORTS', 0.06782641], ['FOOD AND DRINK', 0.05098616], ['RELIGION AND SPIRITUALITY', 0.05052208], ['HOBBIES AND INTERESTS', 0.0498642], ['TECHNOLOGY AND COMPUTING', 0.04958819]]","[['PETS', 0.871118], ['SPORTS', 0.125881], ['AUTOMOTIVE', 0.000333221], ['STYLE AND FASHION', 4.81209e-05], ['RELIGION AND SPIRITUALITY', 1.22146e-05]]",False,143,19,15:56:27.323105
Elise ran Steve on I,"[['SPORTS', 0.05490723], ['HOBBIES AND INTERESTS', 0.05284423], ['TECHNOLOGY AND COMPUTING', 0.05144779], ['AUTOMOTIVE', 0.04888753], ['HOME AND GARDEN', 0.04835544]]","[['HOBBIES AND INTERESTS', 0.582769], ['SOCIETY', 0.133879], ['AUTOMOTIVE', 0.115064], ['STYLE AND FASHION', 0.0616949], ['REAL ESTATE', 0.0196896]]",False,144,19,15:56:30.365865
Mark captured a squirrel outside Mark on Elise,"[['RELIGION AND SPIRITUALITY', 0.05272069], ['SPORTS', 0.05142158], ['HEALTH AND FITNESS', 0.05020799], ['BUSINESS', 0.04981972], ['REAL ESTATE', 0.0490422]]","[['HOBBIES AND INTERESTS', 0.642476], ['SPORTS', 0.0188151], ['PETS', 0.00157411], ['TECHNOLOGY AND COMPUTING', 0.00108299], ['SCIENCE', 0.000984339]]",True,145,20,15:56:33.125407
an man viewed Elise,"[['ARTS AND ENTERTAINMENT', 0.05135614], ['SCIENCE', 0.05094845], ['SOCIETY', 0.05052856], ['SPORTS', 0.0493095], ['HEALTH AND FITNESS', 0.04893318]]","[['HEALTH AND FITNESS', 0.952453], ['TECHNOLOGY AND COMPUTING', 0.0244706], ['HOBBIES AND INTERESTS', 0.0172855], ['SOCIETY', 0.00226827], ['AUTOMOTIVE', 0.000984186]]",False,146,20,15:56:35.889317
I injured Mark outside I on Steve near Elise outside the man near Steve outside a monkey near my man,"[['SPORTS', 0.06185613], ['HEALTH AND FITNESS', 0.05547936], ['RELIGION AND SPIRITUALITY', 0.05344788], ['TRAVEL', 0.05251682], ['HOBBIES AND INTERESTS', 0.0519456]]","[['SPORTS', 0.567267], ['TECHNOLOGY AND COMPUTING', 0.377511], ['AUTOMOTIVE', 0.0487778], ['TRAVEL', 0.00269064], ['NON STANDARD CONTENT', 0.000429988]]",False,147,20,15:56:38.963037
Steve wounded Elise,"[['SPORTS', 0.05403739], ['HEALTH AND FITNESS', 0.0502064], ['AUTOMOTIVE', 0.0484385], ['BUSINESS', 0.04791378], ['CAREERS', 0.0479129]]","[['HOBBIES AND INTERESTS', 0.986195], ['HOME AND GARDEN', 0.00225048], ['SPORTS', 0.00200375], ['TECHNOLOGY AND COMPUTING', 0.00197756], ['NON STANDARD CONTENT', 0.00104589]]",True,148,21,15:56:41.767455
Mark injured Mark,"[['SPORTS', 0.05044517], ['HOBBIES AND INTERESTS', 0.04908727], ['LAW GOVERNMENT AND POLITICS', 0.0489131], ['PETS', 0.04882701], ['SOCIETY', 0.04878639]]","[['SPORTS', 0.131064], ['HEALTH AND FITNESS', 0.0302742], ['PETS', 0.0238981], ['HOBBIES AND INTERESTS', 0.0228394], ['TRAVEL', 0.0181569]]",False,149,21,15:56:44.255375
I viewed Steve in Mark,"[['SPORTS', 0.05942421], ['HOBBIES AND INTERESTS', 0.05295534], ['AUTOMOTIVE', 0.05157398], ['TECHNOLOGY AND COMPUTING', 0.04913776], ['ARTS AND ENTERTAINMENT', 0.04835406]]","[['HOBBIES AND INTERESTS', 1.0], ['RELIGION AND SPIRITUALITY', 2.36551e-12], ['ARTS AND ENTERTAINMENT', 5.89087e-14], ['TRAVEL', 2.75319e-14], ['SPORTS', 1.67069e-14]]",False,150,21,15:56:46.676813
an squirrel near Steve injured Elise outside Elise,"[['SPORTS', 0.05515809], ['HEALTH AND FITNESS', 0.05374328], ['RELIGION AND SPIRITUALITY', 0.04993803], ['TRAVEL', 0.049087], ['BUSINESS', 0.04859372]]","[['HOBBIES AND INTERESTS', 0.996822], ['SPORTS', 0.000653046], ['TRAVEL', 0.000278389], ['BUSINESS', 0.000232774], ['AUTOMOTIVE', 0.000172639]]",False,151,21,15:56:49.152464
Elise viewed the giraffe on Elise,"[['SOCIETY', 0.04878034], ['ARTS AND ENTERTAINMENT', 0.04864236], ['AUTOMOTIVE', 0.04847886], ['TRAVEL', 0.04846584], ['HOBBIES AND INTERESTS', 0.0483394]]","[['PETS', 0.894403], ['HOBBIES AND INTERESTS', 0.0995228], ['AUTOMOTIVE', 0.00351236], ['SOCIETY', 0.000808614], ['HEALTH AND FITNESS', 0.000223279]]",False,152,21,15:56:51.534623
Mark injured my man on I outside Mark,"[['SPORTS', 0.05677966], ['RELIGION AND SPIRITUALITY', 0.05627807], ['HEALTH AND FITNESS', 0.05358392], ['HOBBIES AND INTERESTS', 0.05146832], ['TRAVEL', 0.05030965]]","[['SPORTS', 0.999999], ['RELIGION AND SPIRITUALITY', 1.57848e-08], ['STYLE AND FASHION', 9.45496e-09], ['HOBBIES AND INTERESTS', 7.45815e-09], ['TRAVEL', 5.69715e-09]]",False,153,21,15:56:53.961530
Steve injured the binoculars by I,"[['SPORTS', 0.0579631], ['HOBBIES AND INTERESTS', 0.05002133], ['TECHNOLOGY AND COMPUTING', 0.04974848], ['HEALTH AND FITNESS', 0.04945627], ['SCIENCE', 0.04921432]]","[['HOBBIES AND INTERESTS', 0.774702], ['PERSONAL FINANCE', 0.224548], ['TECHNOLOGY AND COMPUTING', 0.000129809], ['SPORTS', 0.000106134], ['PETS', 1.97353e-05]]",False,154,21,15:56:56.478632
a hedgehog outside an lawn in an lawn with I ran Steve by Elise,"[['HOME AND GARDEN', 0.05877705], ['TRAVEL', 0.05340555], ['SPORTS', 0.05161923], ['TECHNOLOGY AND COMPUTING', 0.05046887], ['HEALTH AND FITNESS', 0.04922493]]","[['SOCIETY', 0.991311], ['SCIENCE', 0.00723055], ['HOBBIES AND INTERESTS', 0.00134086], ['SPORTS', 0.00011561], ['HEALTH AND FITNESS', 2.92017e-07]]",False,155,21,15:56:59.168737
a man captured the squirrel outside I on I in a squirrel near my lawn outside a hedgehog with an hedgehog,"[['HOME AND GARDEN', 0.05899329], ['TRAVEL', 0.05717658], ['HEALTH AND FITNESS', 0.05544913], ['RELIGION AND SPIRITUALITY', 0.05235847], ['HOBBIES AND INTERESTS', 0.05048971]]","[['SCIENCE', 0.341599], ['TECHNOLOGY AND COMPUTING', 0.314539], ['HOBBIES AND INTERESTS', 0.186661], ['SPORTS', 0.0283542], ['PETS', 0.0104588]]",True,156,22,15:57:02.004179
an monkey caught an giraffe by a giraffe near I by I,"[['SPORTS', 0.05666872], ['TRAVEL', 0.05335193], ['HOBBIES AND INTERESTS', 0.05151584], ['TECHNOLOGY AND COMPUTING', 0.05043562], ['FOOD AND DRINK', 0.05033416]]","[['PETS', 0.910507], ['SPORTS', 0.0701256], ['AUTOMOTIVE', 0.0100874], ['STYLE AND FASHION', 0.00676356], ['HEALTH AND FITNESS', 0.00150382]]",True,157,23,15:57:04.771278
I went I,"[['ARTS AND ENTERTAINMENT', 0.05232411], ['AUTOMOTIVE', 0.05161986], ['FOOD AND DRINK', 0.04986874], ['SPORTS', 0.04901932], ['HEALTH AND FITNESS', 0.04848687]]","[['TRAVEL', 0.473584], ['HOBBIES AND INTERESTS', 0.442106], ['HEALTH AND FITNESS', 0.0144697], ['SPORTS', 0.00314764], ['RELIGION AND SPIRITUALITY', 0.00116183]]",False,158,23,15:57:07.537433
Elise ran Steve,"[['SPORTS', 0.0514502], ['HOBBIES AND INTERESTS', 0.04986406], ['HEALTH AND FITNESS', 0.04866392], ['REAL ESTATE', 0.04831277], ['AUTOMOTIVE', 0.0481054]]","[['HOBBIES AND INTERESTS', 0.82699], ['AUTOMOTIVE', 0.0985824], ['SOCIETY', 0.0404965], ['STYLE AND FASHION', 0.0126161], ['REAL ESTATE', 0.00498191]]",False,159,23,15:57:10.301600
a hedgehog by my man near Mark caught Steve,"[['SPORTS', 0.06010582], ['AUTOMOTIVE', 0.05098806], ['SOCIETY', 0.05071541], ['HEALTH AND FITNESS', 0.05060469], ['HOBBIES AND INTERESTS', 0.05016176]]","[['SCIENCE', 0.892879], ['SPORTS', 0.10712], ['HOBBIES AND INTERESTS', 4.92406e-07], ['ARTS AND ENTERTAINMENT', 4.25798e-08], ['NON STANDARD CONTENT', 4.06666e-08]]",False,160,23,15:57:13.107960
Steve caught a giraffe,"[['SPORTS', 0.05863203], ['FOOD AND DRINK', 0.04916385], ['FAMILY AND PARENTING', 0.04871022], ['HOME AND GARDEN', 0.04819978], ['HOBBIES AND INTERESTS', 0.04777895]]","[['PETS', 0.768682], ['SPORTS', 0.209329], ['AUTOMOTIVE', 0.0101316], ['STYLE AND FASHION', 8.18347e-05], ['HOBBIES AND INTERESTS', 1.07436e-05]]",False,161,23,15:57:15.524524
Mark wounded my monkey near Steve,"[['SPORTS', 0.05414633], ['AUTOMOTIVE', 0.05221373], ['HEALTH AND FITNESS', 0.05199679], ['HOBBIES AND INTERESTS', 0.05099536], ['SOCIETY', 0.04918632]]","[['SPORTS', 0.999948], ['TRAVEL', 5.15297e-05], ['NON STANDARD CONTENT', 1.26481e-08], ['PETS', 5.07468e-09], ['TECHNOLOGY AND COMPUTING', 3.76563e-09]]",True,162,24,15:57:18.290376
an lawn outside a fish viewed an squirrel on the binoculars near an monkey in Mark,"[['RELIGION AND SPIRITUALITY', 0.05486149], ['HOME AND GARDEN', 0.0540429], ['TRAVEL', 0.05390892], ['SPORTS', 0.05342754], ['PETS', 0.0528206]]","[['HOBBIES AND INTERESTS', 0.996567], ['PERSONAL FINANCE', 0.00156191], ['PETS', 0.000466321], ['SPORTS', 0.000258162], ['SCIENCE', 8.32228e-05]]",False,163,24,15:57:21.162481
an binoculars outside a binoculars on I injured the lawn,"[['HOME AND GARDEN', 0.05830742], ['RELIGION AND SPIRITUALITY', 0.05193755], ['TRAVEL', 0.05148026], ['HEALTH AND FITNESS', 0.0499393], ['SPORTS', 0.04929973]]","[['HOBBIES AND INTERESTS', 0.999852], ['TECHNOLOGY AND COMPUTING', 0.000121241], ['TRAVEL', 6.27167e-06], ['SPORTS', 4.02721e-06], ['PETS', 2.27452e-06]]",False,164,24,15:57:24.065424
I caught Elise,"[['SPORTS', 0.05789438], ['FOOD AND DRINK', 0.05159807], ['TECHNOLOGY AND COMPUTING', 0.05121235], ['ARTS AND ENTERTAINMENT', 0.04937903], ['HOME AND GARDEN', 0.04926656]]","[['HEALTH AND FITNESS', 0.425988], ['HOBBIES AND INTERESTS', 0.380455], ['SOCIETY', 0.0480701], ['CAREERS', 0.0284193], ['SPORTS', 0.0151227]]",True,165,25,15:57:26.768657
my man outside I ran the hedgehog,"[['TRAVEL', 0.05761739], ['RELIGION AND SPIRITUALITY', 0.05308819], ['SPORTS', 0.05177935], ['TECHNOLOGY AND COMPUTING', 0.0516918], ['HOBBIES AND INTERESTS', 0.05124112]]","[['SPORTS', 0.999992], ['HOBBIES AND INTERESTS', 6.18033e-06], ['PERSONAL FINANCE', 5.51166e-08], ['HEALTH AND FITNESS', 3.58981e-08], ['ILLEGAL CONTENT', 1.36212e-08]]",False,166,25,15:57:29.212373
Mark went Elise on a squirrel near Elise with I,"[['AUTOMOTIVE', 0.05234669], ['ARTS AND ENTERTAINMENT', 0.05159334], ['SPORTS', 0.05141915], ['TECHNOLOGY AND COMPUTING', 0.04994307], ['HOBBIES AND INTERESTS', 0.04950242]]","[['HOBBIES AND INTERESTS', 0.717659], ['AUTOMOTIVE', 0.261163], ['SOCIETY', 2.82779e-06], ['SPORTS', 1.25522e-06], ['REAL ESTATE', 8.92184e-07]]",False,167,25,15:57:31.740086
Mark captured I,"[['HOBBIES AND INTERESTS', 0.05323507], ['TECHNOLOGY AND COMPUTING', 0.05281525], ['SPORTS', 0.05185678], ['AUTOMOTIVE', 0.04997786], ['RELIGION AND SPIRITUALITY', 0.04870081]]","[['HOBBIES AND INTERESTS', 0.234762], ['TECHNOLOGY AND COMPUTING', 0.0445906], ['SPORTS', 0.0304514], ['NON STANDARD CONTENT', 0.0286762], ['RELIGION AND SPIRITUALITY', 0.0195652]]",False,168,25,15:57:34.253042
Steve wounded an hedgehog near Steve near Steve in Mark,"[['SPORTS', 0.05506239], ['HEALTH AND FITNESS', 0.04950132], ['SOCIETY', 0.04945825], ['AUTOMOTIVE', 0.04924622], ['HOBBIES AND INTERESTS', 0.04917322]]","[['TRAVEL', 0.999774], ['BUSINESS', 2.96817e-05], ['TECHNOLOGY AND COMPUTING', 2.9094e-05], ['HOBBIES AND INTERESTS', 2.82128e-05], ['SPORTS', 2.01268e-05]]",False,169,25,15:57:36.983723
a man with Elise went Steve in a man by an man in Mark in Mark,"[['SPORTS', 0.05456099], ['ARTS AND ENTERTAINMENT', 0.05258408], ['HEALTH AND FITNESS', 0.05228067], ['AUTOMOTIVE', 0.05223745], ['SOCIETY', 0.05054688]]","[['TRAVEL', 0.832735], ['ARTS AND ENTERTAINMENT', 0.0700434], ['SOCIETY', 0.0168893], ['RELIGION AND SPIRITUALITY', 0.0108048], ['SPORTS', 0.00626739]]",False,170,25,15:57:39.765226
Mark went my giraffe in Steve by Steve,"[['AUTOMOTIVE', 0.05701563], ['SPORTS', 0.05246591], ['HEALTH AND FITNESS', 0.05214913], ['HOBBIES AND INTERESTS', 0.04924185], ['SOCIETY', 0.04848641]]","[['PETS', 0.29049], ['AUTOMOTIVE', 0.208459], ['EDUCATION', 0.11568], ['HOBBIES AND INTERESTS', 0.0554674], ['SPORTS', 0.0293824]]",False,171,25,15:57:42.543986
Steve viewed an fish in Elise near Elise,"[['SPORTS', 0.05698744], ['PETS', 0.05405545], ['FOOD AND DRINK', 0.05141211], ['SOCIETY', 0.04891485], ['RELIGION AND SPIRITUALITY', 0.04891443]]","[['SPORTS', 0.959158], ['AUTOMOTIVE', 0.0407605], ['HOBBIES AND INTERESTS', 4.94108e-05], ['SOCIETY', 5.86507e-07], ['STYLE AND FASHION', 4.73627e-08]]",False,172,25,15:57:44.950565
Steve captured I,"[['SPORTS', 0.05528495], ['TECHNOLOGY AND COMPUTING', 0.05302911], ['HOBBIES AND INTERESTS', 0.05196543], ['HEALTH AND FITNESS', 0.04990031], ['HOME AND GARDEN', 0.04873792]]","[['SPORTS', 0.924145], ['HOBBIES AND INTERESTS', 0.0179178], ['TECHNOLOGY AND COMPUTING', 0.00239881], ['NON STANDARD CONTENT', 0.00177866], ['ARTS AND ENTERTAINMENT', 0.000658388]]",False,173,25,15:57:47.837305
I wounded an binoculars in my binoculars with Mark in my lawn,"[['HOME AND GARDEN', 0.06024376], ['HOBBIES AND INTERESTS', 0.05129379], ['AUTOMOTIVE', 0.05040412], ['RELIGION AND SPIRITUALITY', 0.05014397], ['HEALTH AND FITNESS', 0.04901491]]","[['HOBBIES AND INTERESTS', 0.999478], ['TRAVEL', 0.000374837], ['CAREERS', 3.47542e-05], ['ARTS AND ENTERTAINMENT', 2.90613e-05], ['SPORTS', 1.88337e-05]]",True,174,26,15:57:50.733333
an monkey on Elise injured I,"[['SPORTS', 0.05181711], ['TECHNOLOGY AND COMPUTING', 0.05077048], ['HOBBIES AND INTERESTS', 0.05042489], ['STYLE AND FASHION', 0.04908401], ['FOOD AND DRINK', 0.04882602]]","[['FAMILY AND PARENTING', 1.0], ['NON STANDARD CONTENT', 1.9278e-11], ['HEALTH AND FITNESS', 9.68767e-12], ['PETS', 9.09761e-12], ['SPORTS', 7.40096e-12]]",True,175,27,15:57:53.235153
Mark wounded Steve,"[['SPORTS', 0.05684967], ['AUTOMOTIVE', 0.0499105], ['HOBBIES AND INTERESTS', 0.04952276], ['HEALTH AND FITNESS', 0.04933159], ['SOCIETY', 0.04819516]]","[['SPORTS', 1.0], ['HOBBIES AND INTERESTS', 3.0386e-12], ['NON STANDARD CONTENT', 2.01867e-12], ['ARTS AND ENTERTAINMENT', 1.05219e-12], ['TRAVEL', 1.04282e-12]]",False,175,27,15:57:55.944703
Elise caught the lawn in Mark outside Elise on Elise,"[['HOME AND GARDEN', 0.05582163], ['SPORTS', 0.05188401], ['RELIGION AND SPIRITUALITY', 0.0504005], ['REAL ESTATE', 0.0500197], ['TRAVEL', 0.04964041]]","[['SPORTS', 0.866519], ['HOBBIES AND INTERESTS', 0.116487], ['SOCIETY', 0.0111322], ['AUTOMOTIVE', 0.00352094], ['TRAVEL', 0.000679851]]",False,176,27,15:57:58.318210
Mark injured the squirrel,"[['SPORTS', 0.05137056], ['HOBBIES AND INTERESTS', 0.04916748], ['LAW GOVERNMENT AND POLITICS', 0.04891475], ['ARTS AND ENTERTAINMENT', 0.04864635], ['SOCIETY', 0.04863654]]","[['PETS', 0.221038], ['SPORTS', 0.183101], ['FAMILY AND PARENTING', 0.129439], ['FOOD AND DRINK', 0.0582784], ['HOBBIES AND INTERESTS', 0.0447298]]",False,177,27,15:58:01.026237
a lawn near Steve went I,"[['HOME AND GARDEN', 0.05951985], ['HEALTH AND FITNESS', 0.05149871], ['TRAVEL', 0.05093938], ['SCIENCE', 0.04958823], ['SPORTS', 0.04922266]]","[['SPORTS', 0.968317], ['TRAVEL', 0.0259383], ['HOBBIES AND INTERESTS', 0.00143832], ['BUSINESS', 0.000336047], ['HOME AND GARDEN', 8.77074e-05]]",False,178,27,15:58:03.678686
Steve caught Steve,"[['SPORTS', 0.05859949], ['FOOD AND DRINK', 0.04925402], ['FAMILY AND PARENTING', 0.0489744], ['HOME AND GARDEN', 0.04807363], ['REAL ESTATE', 0.04762603]]","[['SPORTS', 0.703175], ['TECHNOLOGY AND COMPUTING', 2.51105e-05], ['HOBBIES AND INTERESTS', 1.91369e-05], ['RELIGION AND SPIRITUALITY', 5.03189e-06], ['HEALTH AND FITNESS', 4.86041e-06]]",True,179,28,15:58:06.301472
my fish with the hedgehog with the hedgehog with my lawn ran Steve,"[['HOME AND GARDEN', 0.05797964], ['PETS', 0.05692966], ['TRAVEL', 0.05060485], ['FOOD AND DRINK', 0.05005213], ['SPORTS', 0.04975509]]","[['HOBBIES AND INTERESTS', 0.57002], ['SPORTS', 0.0905908], ['TECHNOLOGY AND COMPUTING', 0.0125156], ['ILLEGAL CONTENT', 0.0103285], ['PERSONAL FINANCE', 0.00443624]]",True,180,29,15:58:09.284247
Elise caught an lawn with Mark,"[['HOME AND GARDEN', 0.05773207], ['LAW GOVERNMENT AND POLITICS', 0.0502918], ['SOCIETY', 0.04985642], ['SPORTS', 0.04977993], ['REAL ESTATE', 0.04940855]]","[['HOBBIES AND INTERESTS', 0.329879], ['SPORTS', 0.276949], ['PETS', 0.0171896], ['FOOD AND DRINK', 0.0154846], ['ARTS AND ENTERTAINMENT', 0.00742425]]",True,181,30,15:58:11.919948
Elise wounded a giraffe on I with Elise in Mark,"[['SPORTS', 0.0539474], ['HOBBIES AND INTERESTS', 0.05261983], ['TECHNOLOGY AND COMPUTING', 0.05009664], ['AUTOMOTIVE', 0.05009634], ['ARTS AND ENTERTAINMENT', 0.04949296]]","[['AUTOMOTIVE', 0.999997], ['HOBBIES AND INTERESTS', 1.33105e-06], ['PETS', 1.18986e-06], ['SPORTS', 1.35184e-07], ['STYLE AND FASHION', 3.63567e-08]]",False,182,30,15:58:14.294918
a monkey went I near Steve by an monkey in I,"[['SPORTS', 0.05608438], ['TRAVEL', 0.05073103], ['SCIENCE', 0.049844], ['TECHNOLOGY AND COMPUTING', 0.04979239], ['AUTOMOTIVE', 0.04978507]]","[['TRAVEL', 0.934953], ['STYLE AND FASHION', 0.0445266], ['EDUCATION', 0.00407387], ['PETS', 0.00310547], ['HOBBIES AND INTERESTS', 0.00274385]]",True,183,31,15:58:16.724582
an hedgehog near the binoculars near Elise wounded I on Steve,"[['SPORTS', 0.0563891], ['SCIENCE', 0.05133888], ['TECHNOLOGY AND COMPUTING', 0.04965893], ['HOBBIES AND INTERESTS', 0.04936345], ['HOME AND GARDEN', 0.04931816]]","[['HOBBIES AND INTERESTS', 0.463458], ['AUTOMOTIVE', 0.39211], ['PERSONAL FINANCE', 0.000306983], ['SPORTS', 2.63824e-05], ['TRAVEL', 5.79656e-06]]",False,184,31,15:58:19.292774
I ran a squirrel with my giraffe near an hedgehog by I in Elise on Elise,"[['TRAVEL', 0.0556758], ['HOBBIES AND INTERESTS', 0.05370967], ['TECHNOLOGY AND COMPUTING', 0.0528193], ['AUTOMOTIVE', 0.05010737], ['HOME AND GARDEN', 0.0492655]]","[['HOBBIES AND INTERESTS', 0.60206], ['PETS', 0.0863066], ['SOCIETY', 0.0467451], ['SPORTS', 0.00709576], ['AUTOMOTIVE', 0.00340209]]",False,185,31,15:58:21.880880
a squirrel near the binoculars near Elise injured a squirrel outside I in Mark,"[['SPORTS', 0.05586609], ['RELIGION AND SPIRITUALITY', 0.05312729], ['TRAVEL', 0.04956464], ['HEALTH AND FITNESS', 0.04906383], ['ARTS AND ENTERTAINMENT', 0.04904933]]","[['HOBBIES AND INTERESTS', 0.996426], ['AUTOMOTIVE', 0.0018509], ['PETS', 3.1313e-05], ['PERSONAL FINANCE', 9.05984e-06], ['SPORTS', 6.4485e-06]]",True,186,32,15:58:24.560639
I caught my monkey near the fish,"[['SPORTS', 0.06090892], ['FOOD AND DRINK', 0.0548581], ['TRAVEL', 0.05426182], ['PETS', 0.0535924], ['TECHNOLOGY AND COMPUTING', 0.04964619]]","[['SPORTS', 0.999681], ['FOOD AND DRINK', 1.57721e-05], ['SCIENCE', 3.18761e-06], ['PETS', 2.62959e-06], ['TRAVEL', 3.05072e-07]]",False,187,32,15:58:27.357272
Mark went a squirrel near a man,"[['ARTS AND ENTERTAINMENT', 0.05243079], ['SOCIETY', 0.05240434], ['HEALTH AND FITNESS', 0.051132], ['AUTOMOTIVE', 0.05061912], ['SCIENCE', 0.05026167]]","[['HOBBIES AND INTERESTS', 0.921133], ['SHOPPING', 0.0144965], ['SPORTS', 0.00374474], ['AUTOMOTIVE', 0.00226817], ['RELIGION AND SPIRITUALITY', 0.00122101]]",True,188,33,15:58:30.071027
Elise went Mark near an hedgehog with I in Mark near my giraffe by Elise,"[['AUTOMOTIVE', 0.05598406], ['TRAVEL', 0.05099037], ['HOBBIES AND INTERESTS', 0.05085258], ['TECHNOLOGY AND COMPUTING', 0.05024466], ['RELIGION AND SPIRITUALITY', 0.0501867]]","[['SOCIETY', 0.998819], ['TECHNOLOGY AND COMPUTING', 0.000976463], ['HOBBIES AND INTERESTS', 0.000204772], ['PETS', 1.87392e-08], ['AUTOMOTIVE', 1.52624e-08]]",False,189,33,15:58:32.494962
the lawn captured Mark outside I,"[['HOME AND GARDEN', 0.05676857], ['RELIGION AND SPIRITUALITY', 0.05261033], ['TECHNOLOGY AND COMPUTING', 0.05083973], ['TRAVEL', 0.04985281], ['HOBBIES AND INTERESTS', 0.04979566]]","[['SPORTS', 0.913258], ['HOME AND GARDEN', 0.0297455], ['HOBBIES AND INTERESTS', 0.0251229], ['TRAVEL', 0.00531817], ['CAREERS', 0.00119091]]",False,190,33,15:58:34.907906
I captured my binoculars,"[['TECHNOLOGY AND COMPUTING', 0.05308549], ['HOBBIES AND INTERESTS', 0.05172163], ['AUTOMOTIVE', 0.05134159], ['TRAVEL', 0.04979442], ['RELIGION AND SPIRITUALITY', 0.04975697]]","[['HOBBIES AND INTERESTS', 0.754191], ['TECHNOLOGY AND COMPUTING', 0.238547], ['TRAVEL', 0.000205447], ['SPORTS', 6.41785e-05], ['CAREERS', 2.40691e-05]]",False,191,33,15:58:37.575933
the monkey on Mark captured an monkey,"[['HOBBIES AND INTERESTS', 0.05051846], ['SPORTS', 0.04950565], ['TECHNOLOGY AND COMPUTING', 0.04944075], ['AUTOMOTIVE', 0.04900828], ['BUSINESS', 0.04877306]]","[['FAMILY AND PARENTING', 0.999999], ['STYLE AND FASHION', 2.0177e-07], ['SPORTS', 6.44622e-08], ['NON STANDARD CONTENT', 4.82888e-08], ['SCIENCE', 4.39492e-08]]",True,192,34,15:58:40.309263
Steve injured I in I,"[['SPORTS', 0.05880198], ['HOBBIES AND INTERESTS', 0.05186869], ['TECHNOLOGY AND COMPUTING', 0.04997633], ['HEALTH AND FITNESS', 0.04925724], ['FOOD AND DRINK', 0.04853315]]","[['HOBBIES AND INTERESTS', 0.135466], ['SPORTS', 0.131761], ['NON STANDARD CONTENT', 0.0471902], ['HEALTH AND FITNESS', 0.0188021], ['STYLE AND FASHION', 0.00884127]]",False,193,34,15:58:43.080351
Mark injured Mark with I,"[['SPORTS', 0.05329311], ['HOBBIES AND INTERESTS', 0.0521202], ['TECHNOLOGY AND COMPUTING', 0.05028597], ['FOOD AND DRINK', 0.0490104], ['RELIGION AND SPIRITUALITY', 0.04894399]]","[['HOBBIES AND INTERESTS', 0.999999], ['SPORTS', 7.31529e-07], ['HEALTH AND FITNESS', 1.70137e-08], ['PETS', 1.39762e-08], ['STYLE AND FASHION', 1.25674e-08]]",False,194,34,15:58:45.536421
the monkey injured Elise,"[['STYLE AND FASHION', 0.0486963], ['SPORTS', 0.04869108], ['FAMILY AND PARENTING', 0.04845394], ['HEALTH AND FITNESS', 0.04844637], ['BUSINESS', 0.04837413]]","[['AUTOMOTIVE', 0.360786], ['HEALTH AND FITNESS', 0.238349], ['SPORTS', 0.0444723], ['PETS', 0.039764], ['HOBBIES AND INTERESTS', 0.0376312]]",False,195,34,15:58:48.285798
my binoculars on Steve caught a giraffe in Mark,"[['SPORTS', 0.05993938], ['AUTOMOTIVE', 0.05229578], ['HOBBIES AND INTERESTS', 0.04976467], ['FAMILY AND PARENTING', 0.04965174], ['PETS', 0.04866404]]","[['HOBBIES AND INTERESTS', 0.886599], ['SPORTS', 0.0545462], ['PETS', 0.0305982], ['ARTS AND ENTERTAINMENT', 0.00199881], ['TRAVEL', 0.00182577]]",False,196,34,15:58:50.838947
the lawn outside Steve went Elise by I on Steve on my fish outside Elise,"[['SPORTS', 0.05588169], ['RELIGION AND SPIRITUALITY', 0.05501192], ['HOME AND GARDEN', 0.05487471], ['PETS', 0.05392923], ['FOOD AND DRINK', 0.05242984]]","[['SOCIETY', 0.999999], ['SPORTS', 4.07e-07], ['TRAVEL', 1.54625e-07], ['HOBBIES AND INTERESTS', 1.0405e-07], ['STYLE AND FASHION', 2.85076e-08]]",True,197,35,15:58:53.520844
