an fish ran my lawn near a hedgehog near an monkey with I,"[['SPORTS', 0.921173], ['HOBBIES AND INTERESTS', 0.0350117], ['SCIENCE', 0.0346061], ['EDUCATION', 0.00917914], ['HOME AND GARDEN', 2.41032e-06]]","[['AQUARIUMS', 0.58], ['PETS', 0.14]]",True,1,1,11:33:17.658292
an fish ran my lawn near a hedgehog near the monkey with I,"[['SPORTS', 0.921172], ['HOBBIES AND INTERESTS', 0.0416191], ['SCIENCE', 0.0301121], ['EDUCATION', 0.00707211], ['TRAVEL', 2.65506e-06]]","[['AQUARIUMS', 0.58], ['PETS', 0.14]]",True,2,2,11:33:21.076743
an fish caught my lawn near a hedgehog near the monkey with I,"[['SPORTS', 0.931696], ['HOBBIES AND INTERESTS', 0.0423161], ['SCIENCE', 0.0259319], ['PETS', 5.52304e-06], ['FOOD AND DRINK', 2.6991e-06]]","[['AQUARIUMS', 0.56], ['PETS', 0.16]]",False,3,2,11:33:24.539499
my fish caught my lawn near a hedgehog near the monkey with I,"[['SPORTS', 0.925965], ['HOBBIES AND INTERESTS', 0.0647761], ['SCIENCE', 0.00913657], ['PETS', 2.17639e-05], ['FOOD AND DRINK', 6.49262e-06]]","[['AQUARIUMS', 0.56], ['PETS', 0.16]]",False,4,2,11:33:28.098051
my fish caught my lawn near a hedgehog near a monkey with I,"[['SPORTS', 0.727537], ['HOBBIES AND INTERESTS', 0.25785], ['SCIENCE', 0.0142277], ['HOME AND GARDEN', 5.29454e-05], ['FOOD AND DRINK', 1.23553e-05]]","[['AQUARIUMS', 0.56], ['PETS', 0.16]]",True,5,3,11:33:31.559303
my fish caught my giraffe near a hedgehog near a monkey with I,"[['SPORTS', 0.719486], ['HOBBIES AND INTERESTS', 0.259906], ['SCIENCE', 0.0149499], ['PETS', 0.00200468], ['STYLE AND FASHION', 6.4739e-05]]","[['AQUARIUMS', 0.53], ['PETS', 0.17]]",False,6,3,11:33:36.891013
my fish caught my giraffe near a hedgehog near a hedgehog with I,"[['SCIENCE', 0.999988], ['SPORTS', 8.88469e-06], ['HOBBIES AND INTERESTS', 3.49807e-06], ['PETS', 4.00501e-08], ['HEALTH AND FITNESS', 6.68783e-10]]","[['AQUARIUMS', 0.46], ['PETS', 0.13]]",False,7,3,11:33:40.640742
my fish caught my giraffe near a fish near a hedgehog with I,"[['SPORTS', 0.999991], ['HOBBIES AND INTERESTS', 6.15572e-06], ['SCIENCE', 3.86633e-07], ['PETS', 3.07248e-08], ['FOOD AND DRINK', 5.49619e-09]]","[['AQUARIUMS', 0.75], ['PETS', 0.36]]",False,8,3,11:33:44.130682
my fish captured my giraffe near a fish near a hedgehog with I,"[['HOBBIES AND INTERESTS', 0.895165], ['SPORTS', 0.0720779], ['SCIENCE', 0.00636248], ['FOOD AND DRINK', 0.00416063], ['PETS', 0.000208354]]","[['AQUARIUMS', 0.75], ['PETS', 0.33]]",False,9,3,11:33:47.784129
my fish ran my giraffe near a fish near a hedgehog with I,"[['SPORTS', 0.995582], ['HOBBIES AND INTERESTS', 0.0019438], ['EDUCATION', 0.00155607], ['SCIENCE', 0.000140661], ['PETS', 3.02425e-06]]","[['AQUARIUMS', 0.77], ['PETS', 0.35]]",False,10,3,11:33:51.358283
my fish captured my giraffe near a fish near a hedgehog with I,"[['HOBBIES AND INTERESTS', 0.895165], ['SPORTS', 0.0720779], ['SCIENCE', 0.00636248], ['FOOD AND DRINK', 0.00416063], ['PETS', 0.000208354]]","[['AQUARIUMS', 0.75], ['PETS', 0.33]]",False,10,3,11:33:54.712494
my fish captured my giraffe near a fish near a hedgehog with Steve,"[['SPORTS', 0.635291], ['FOOD AND DRINK', 0.0465406], ['SCIENCE', 0.0110994], ['PETS', 0.001475], ['HOME AND GARDEN', 0.000257263]]","[['AQUARIUMS', 0.73], ['PETS', 0.31]]",False,11,3,11:33:58.073263
my fish captured my giraffe near a fish near a hedgehog with I,"[['HOBBIES AND INTERESTS', 0.895165], ['SPORTS', 0.0720779], ['SCIENCE', 0.00636248], ['FOOD AND DRINK', 0.00416063], ['PETS', 0.000208354]]","[['AQUARIUMS', 0.75], ['PETS', 0.33]]",False,11,3,11:34:01.459963
my fish captured my giraffe near a fish near a hedgehog on I,"[['SPORTS', 0.693305], ['SCIENCE', 0.0577718], ['FOOD AND DRINK', 0.0298842], ['PETS', 0.00160505], ['HOME AND GARDEN', 0.000204443]]","[['AQUARIUMS', 0.75], ['PETS', 0.33]]",False,12,3,11:34:04.770524
my fish captured my giraffe near a fish near a hedgehog on Steve,"[['SPORTS', 0.786562], ['FOOD AND DRINK', 0.0452874], ['SCIENCE', 0.0134352], ['PETS', 0.0016878], ['HOME AND GARDEN', 9.67181e-05]]","[['AQUARIUMS', 0.73], ['PETS', 0.31]]",False,13,3,11:34:08.323159
my fish captured my giraffe near an fish near a hedgehog on Steve,"[['SPORTS', 0.390391], ['FOOD AND DRINK', 0.305608], ['SCIENCE', 0.0954401], ['PETS', 0.00835818], ['HOBBIES AND INTERESTS', 0.000187862]]","[['AQUARIUMS', 0.73], ['PETS', 0.31]]",False,14,3,11:34:11.655449
my fish captured my giraffe with an fish near a hedgehog on Steve,"[['FOOD AND DRINK', 0.458872], ['SPORTS', 0.269417], ['SCIENCE', 0.114501], ['PETS', 0.0144894], ['HOBBIES AND INTERESTS', 0.000217806]]","[['AQUARIUMS', 0.73], ['PETS', 0.31]]",False,15,3,11:34:14.952726
my fish ran my giraffe with an fish near a hedgehog on Steve,"[['SPORTS', 0.998671], ['EDUCATION', 0.00109403], ['SCIENCE', 9.40448e-05], ['PETS', 7.17948e-06], ['FOOD AND DRINK', 1.69502e-07]]","[['AQUARIUMS', 0.75], ['PETS', 0.33]]",False,16,3,11:34:18.263232
my fish ran my binoculars with an fish near a hedgehog on Steve,"[['SPORTS', 0.995542], ['EDUCATION', 0.0042139], ['SCIENCE', 9.37386e-05], ['HOBBIES AND INTERESTS', 1.71108e-05], ['FOOD AND DRINK', 1.68964e-07]]","[['AQUARIUMS', 0.77], ['PETS', 0.32]]",True,17,4,11:34:21.638788
my fish ran my binoculars with an fish near an hedgehog on Steve,"[['SPORTS', 0.994288], ['EDUCATION', 0.00511732], ['HOBBIES AND INTERESTS', 2.22195e-05], ['FOOD AND DRINK', 2.27099e-07], ['TRAVEL', 1.04788e-07]]","[['AQUARIUMS', 0.77], ['PETS', 0.32]]",True,18,5,11:34:31.129879
my fish went my binoculars with an fish near an hedgehog on Steve,"[['SPORTS', 0.790767], ['HOBBIES AND INTERESTS', 0.0365624], ['FOOD AND DRINK', 0.000333016], ['PETS', 0.000230885], ['TRAVEL', 0.000125247]]","[['AQUARIUMS', 0.77], ['PETS', 0.32]]",False,19,5,11:34:39.066955
my fish went my binoculars with an fish near an squirrel on Steve,"[['SPORTS', 0.590767], ['HOBBIES AND INTERESTS', 0.401611], ['FOOD AND DRINK', 5.84517e-05], ['PETS', 4.2708e-05], ['ILLEGAL CONTENT', 6.48959e-06]]","[['AQUARIUMS', 0.77], ['PETS', 0.35]]",False,20,5,11:34:46.777280
my fish went my binoculars with an fish near an hedgehog on Steve,"[['SPORTS', 0.790767], ['HOBBIES AND INTERESTS', 0.0365624], ['FOOD AND DRINK', 0.000333016], ['PETS', 0.000230885], ['TRAVEL', 0.000125247]]","[['AQUARIUMS', 0.77], ['PETS', 0.32]]",False,20,5,11:34:50.288398
my fish went my binoculars with an fish near an hedgehog on Mark,"[['SPORTS', 0.758399], ['HOBBIES AND INTERESTS', 0.0402045], ['HEALTH AND FITNESS', 0.000336579], ['FOOD AND DRINK', 0.000260136], ['TECHNOLOGY AND COMPUTING', 0.000139155]]","[['AQUARIUMS', 0.77], ['PETS', 0.32]]",True,21,6,11:34:53.714467
my fish went my binoculars with an fish near an squirrel on Mark,"[['SPORTS', 0.543515], ['HOBBIES AND INTERESTS', 0.44778], ['FOOD AND DRINK', 4.25379e-05], ['PETS', 1.89691e-05], ['ILLEGAL CONTENT', 6.12825e-06]]","[['AQUARIUMS', 0.77], ['PETS', 0.35]]",False,22,6,11:34:57.192454
my fish went my binoculars with an fish near an squirrel on I,"[['SPORTS', 0.796432], ['HOBBIES AND INTERESTS', 0.198048], ['PETS', 5.81775e-05], ['FOOD AND DRINK', 3.86321e-05], ['TRAVEL', 2.15853e-05]]","[['AQUARIUMS', 0.79], ['PETS', 0.37]]",False,23,6,11:35:00.354588
my fish went my binoculars with an fish near a squirrel on I,"[['HOBBIES AND INTERESTS', 0.602697], ['SPORTS', 0.376905], ['PETS', 0.000695985], ['FOOD AND DRINK', 0.000111141], ['TRAVEL', 5.83116e-05]]","[['AQUARIUMS', 0.79], ['PETS', 0.37]]",False,24,6,11:35:03.773331
my fish ran my binoculars with an fish near a squirrel on I,"[['SPORTS', 0.982429], ['EDUCATION', 0.0138099], ['HOBBIES AND INTERESTS', 0.00211553], ['PETS', 1.26764e-06], ['SCIENCE', 2.16554e-07]]","[['AQUARIUMS', 0.79], ['PETS', 0.37]]",False,25,6,11:35:07.184332
my fish ran my binoculars with an fish near a squirrel on Mark,"[['SPORTS', 0.938577], ['EDUCATION', 0.045892], ['HOBBIES AND INTERESTS', 0.0124127], ['PETS', 1.1154e-06], ['SCIENCE', 8.03509e-07]]","[['AQUARIUMS', 0.77], ['PETS', 0.35]]",False,26,6,11:35:10.470165
my fish ran my binoculars with an fish near a squirrel in Mark,"[['SPORTS', 0.939447], ['EDUCATION', 0.045531], ['HOBBIES AND INTERESTS', 0.0121736], ['FOOD AND DRINK', 4.43664e-06], ['TRAVEL', 2.20197e-06]]","[['AQUARIUMS', 0.77], ['PETS', 0.35]]",True,27,7,11:35:13.972501
my fish ran my binoculars by an fish near a squirrel in Mark,"[['SPORTS', 0.945064], ['EDUCATION', 0.0431093], ['HOBBIES AND INTERESTS', 0.0111019], ['FOOD AND DRINK', 3.43927e-06], ['TRAVEL', 2.47522e-06]]","[['AQUARIUMS', 0.77], ['PETS', 0.35]]",True,28,8,11:35:17.657533
my fish ran my binoculars by an fish in a squirrel in Mark,"[['SPORTS', 0.99896], ['EDUCATION', 0.000895384], ['HOBBIES AND INTERESTS', 0.000141791], ['TRAVEL', 1.0234e-07], ['FOOD AND DRINK', 4.59687e-08]]","[['AQUARIUMS', 0.77], ['PETS', 0.35]]",True,29,9,11:35:21.011570
my fish wounded my binoculars by an fish in a squirrel in Mark,"[['HOBBIES AND INTERESTS', 0.91123], ['SPORTS', 0.0781242], ['TRAVEL', 0.000557964], ['PETS', 0.000203895], ['FOOD AND DRINK', 8.91367e-05]]","[['AQUARIUMS', 0.74], ['PETS', 0.32]]",False,30,9,11:35:24.701967
my fish wounded my binoculars by an fish with a squirrel in Mark,"[['HOBBIES AND INTERESTS', 0.748442], ['SPORTS', 0.229361], ['PETS', 0.000135324], ['TRAVEL', 0.000102653], ['FOOD AND DRINK', 9.61777e-05]]","[['AQUARIUMS', 0.74], ['PETS', 0.32]]",False,31,9,11:35:28.381485
my fish ran my binoculars by an fish with a squirrel in Mark,"[['SPORTS', 0.997392], ['EDUCATION', 0.00222956], ['HOBBIES AND INTERESTS', 0.000357541], ['FOOD AND DRINK', 1.5579e-07], ['TRAVEL', 5.79853e-08]]","[['AQUARIUMS', 0.77], ['PETS', 0.35]]",True,32,10,11:35:31.908856
my fish ran a binoculars by an fish with a squirrel in Mark,"[['SPORTS', 0.999564], ['HOBBIES AND INTERESTS', 0.000429925], ['PETS', 1.57403e-07], ['FOOD AND DRINK', 5.15277e-08], ['TRAVEL', 1.76027e-08]]","[['AQUARIUMS', 0.77], ['PETS', 0.35]]",False,33,10,11:35:37.024899
my fish injured a binoculars by an fish with a squirrel in Mark,"[['HOBBIES AND INTERESTS', 0.886895], ['SPORTS', 0.0620901], ['PETS', 0.00297191], ['FOOD AND DRINK', 0.00116068], ['SCIENCE', 4.07016e-05]]","[['AQUARIUMS', 0.75], ['PETS', 0.33]]",False,34,10,11:35:40.267317
my fish injured a binoculars by an fish with a squirrel in Elise,"[['HOBBIES AND INTERESTS', 0.992712], ['SPORTS', 0.00359981], ['PETS', 0.000654216], ['FOOD AND DRINK', 6.34917e-06], ['SCIENCE', 2.52758e-06]]","[['AQUARIUMS', 0.77], ['PETS', 0.29]]",False,35,10,11:35:43.666264
my fish captured a binoculars by an fish with a squirrel in Elise,"[['HOBBIES AND INTERESTS', 0.966561], ['FOOD AND DRINK', 0.0297937], ['SPORTS', 0.00171792], ['PETS', 0.000169558], ['TECHNOLOGY AND COMPUTING', 3.46822e-05]]","[['AQUARIUMS', 0.77], ['PETS', 0.29]]",False,36,10,11:35:47.245437
my fish captured a binoculars by an fish with a squirrel in Steve,"[['HOBBIES AND INTERESTS', 0.809791], ['FOOD AND DRINK', 0.129971], ['SPORTS', 0.0233347], ['PETS', 0.000813462], ['TECHNOLOGY AND COMPUTING', 0.000171258]]","[['AQUARIUMS', 0.75], ['PETS', 0.33]]",False,37,10,11:35:50.375423
my squirrel captured a binoculars by an fish with a squirrel in Steve,"[['HOBBIES AND INTERESTS', 0.991417], ['PETS', 0.000596642], ['SPORTS', 0.000368956], ['SCIENCE', 1.66397e-05], ['FOOD AND DRINK', 7.90631e-06]]","[['AQUARIUMS', 0.46], ['PETS', 0.13]]",False,38,10,11:35:53.561964
my squirrel ran a binoculars by an fish with a squirrel in Steve,"[['HOBBIES AND INTERESTS', 0.996752], ['SPORTS', 9.65482e-05], ['PETS', 7.10988e-05], ['ILLEGAL CONTENT', 4.22788e-06], ['ARTS AND ENTERTAINMENT', 2.19765e-06]]","[['AQUARIUMS', 0.48], ['PETS', 0.14]]",False,39,10,11:35:56.724023
my squirrel ran a binoculars by an giraffe with a squirrel in Steve,"[['HOBBIES AND INTERESTS', 0.997998], ['PETS', 0.000479454], ['SPORTS', 3.29119e-05], ['ARTS AND ENTERTAINMENT', 1.15334e-05], ['ILLEGAL CONTENT', 5.51175e-06]]","[['HOBBIES & INTERESTS', 0.08], ['BIRDWATCHING', 0.05]]",True,40,11,11:35:59.966083
my squirrel ran a binoculars by an giraffe with a squirrel in I,"[['HOBBIES AND INTERESTS', 0.99701], ['PETS', 0.000645577], ['SPORTS', 5.35407e-05], ['ARTS AND ENTERTAINMENT', 1.59532e-05], ['ILLEGAL CONTENT', 8.0527e-06]]","[['HOBBIES & INTERESTS', 0.08], ['BIRDWATCHING', 0.05]]",True,41,12,11:36:03.360396
my squirrel captured a binoculars by an giraffe with a squirrel in I,"[['HOBBIES AND INTERESTS', 0.988006], ['PETS', 0.00346504], ['SPORTS', 0.00057443], ['SCIENCE', 8.75585e-05], ['TECHNOLOGY AND COMPUTING', 2.4945e-05]]","[['HOBBIES & INTERESTS', 0.08], ['BIRDWATCHING', 0.05]]",True,42,13,11:36:07.240665
my squirrel captured a binoculars by an giraffe with a lawn in I,"[['HOBBIES AND INTERESTS', 0.996475], ['SPORTS', 0.00234967], ['PETS', 0.000316206], ['TECHNOLOGY AND COMPUTING', 6.51648e-05], ['HOME AND GARDEN', 8.92655e-06]]","[['LANDSCAPING', 0.24], ['HOME & GARDEN', 0.07], ['HOBBIES & INTERESTS', 0.07], ['BIRDWATCHING', 0.05]]",True,43,14,11:36:11.218476
my squirrel captured a binoculars by an giraffe outside a lawn in I,"[['HOBBIES AND INTERESTS', 0.992883], ['SPORTS', 0.00548448], ['PETS', 0.000533476], ['TECHNOLOGY AND COMPUTING', 7.67696e-05], ['HOME AND GARDEN', 1.69511e-05]]","[['LANDSCAPING', 0.24], ['HOME & GARDEN', 0.07], ['HOBBIES & INTERESTS', 0.07], ['BIRDWATCHING', 0.05]]",True,44,15,11:36:14.787716
my squirrel captured a binoculars near an giraffe outside a lawn in I,"[['HOBBIES AND INTERESTS', 0.992594], ['SPORTS', 0.00550613], ['PETS', 0.000563027], ['TECHNOLOGY AND COMPUTING', 0.000223184], ['HOME AND GARDEN', 1.26882e-05]]","[['LANDSCAPING', 0.24], ['HOME & GARDEN', 0.07], ['HOBBIES & INTERESTS', 0.07], ['BIRDWATCHING', 0.05]]",True,45,16,11:36:18.345273
my squirrel went a binoculars near an giraffe outside a lawn in I,"[['HOBBIES AND INTERESTS', 0.99736], ['SPORTS', 0.00170634], ['PETS', 0.000565789], ['AUTOMOTIVE', 8.16441e-05], ['TRAVEL', 1.15288e-05]]","[['LANDSCAPING', 0.25], ['HOME & GARDEN', 0.08], ['HOBBIES & INTERESTS', 0.07], ['BIRDWATCHING', 0.05]]",True,46,17,11:36:21.885195
my squirrel went a binoculars near an giraffe outside a lawn on I,"[['HOBBIES AND INTERESTS', 0.510074], ['PETS', 0.000263927], ['AUTOMOTIVE', 4.83784e-05], ['SPORTS', 2.13839e-05], ['TRAVEL', 7.79433e-06]]","[['LANDSCAPING', 0.25], ['HOME & GARDEN', 0.08], ['HOBBIES & INTERESTS', 0.07], ['BIRDWATCHING', 0.05]]",True,47,18,11:36:25.532869
my squirrel went a binoculars near an giraffe outside a lawn on Elise,"[['HOBBIES AND INTERESTS', 0.975352], ['PETS', 1.39346e-05], ['AUTOMOTIVE', 4.34694e-06], ['SPORTS', 1.6725e-06], ['TRAVEL', 2.76257e-07]]","[['LANDSCAPING', 0.25], ['HOBBIES & INTERESTS', 0.07], ['HOME & GARDEN', 0.07], ['BIRDWATCHING', 0.05]]",True,48,19,11:36:29.085984
my squirrel went a binoculars near an giraffe outside a lawn on Mark,"[['HOBBIES AND INTERESTS', 0.597792], ['AUTOMOTIVE', 7.44413e-05], ['PETS', 4.0107e-05], ['SPORTS', 1.40507e-05], ['STYLE AND FASHION', 1.2458e-06]]","[['LANDSCAPING', 0.24], ['HOME & GARDEN', 0.07], ['HOBBIES & INTERESTS', 0.07], ['BIRDWATCHING', 0.05]]",True,49,20,11:36:32.650577
my squirrel went a binoculars near an giraffe outside a lawn on Steve,"[['HOBBIES AND INTERESTS', 0.568266], ['PETS', 0.000216449], ['AUTOMOTIVE', 5.2045e-05], ['SPORTS', 3.1462e-05], ['TRAVEL', 1.14327e-06]]","[['LANDSCAPING', 0.24], ['HOBBIES & INTERESTS', 0.08], ['HOME & GARDEN', 0.07], ['BIRDWATCHING', 0.05]]",True,50,21,11:36:36.108226
my squirrel went a monkey near an giraffe outside a lawn on Steve,"[['HOBBIES AND INTERESTS', 0.99915], ['PETS', 0.000757751], ['AUTOMOTIVE', 2.14875e-05], ['SPORTS', 1.95575e-05], ['TECHNOLOGY AND COMPUTING', 6.25132e-07]]","[['LANDSCAPING', 0.23], ['HOBBIES & INTERESTS', 0.07], ['HOME & GARDEN', 0.07], ['BIRDWATCHING', 0.05]]",True,51,22,11:36:39.520142
my squirrel went a monkey near an giraffe outside a lawn in Steve,"[['PETS', 0.750158], ['SPORTS', 0.186162], ['AUTOMOTIVE', 0.0167401], ['HOBBIES AND INTERESTS', 0.0112234], ['STYLE AND FASHION', 0.000490237]]","[['LANDSCAPING', 0.23], ['HOBBIES & INTERESTS', 0.07], ['HOME & GARDEN', 0.07], ['BIRDWATCHING', 0.05]]",True,52,23,11:36:42.953272
my squirrel went a monkey near an giraffe outside a lawn by Steve,"[['PETS', 0.870252], ['HOBBIES AND INTERESTS', 0.0608487], ['AUTOMOTIVE', 0.0222067], ['SPORTS', 0.0129067], ['ARTS AND ENTERTAINMENT', 0.00106081]]","[['LANDSCAPING', 0.23], ['HOBBIES & INTERESTS', 0.07], ['HOME & GARDEN', 0.07], ['BIRDWATCHING', 0.05]]",True,53,24,11:36:46.684203
my squirrel went a monkey near an giraffe outside a lawn by Elise,"[['SOCIETY', 0.999932], ['PETS', 4.41159e-05], ['HOBBIES AND INTERESTS', 1.72382e-05], ['AUTOMOTIVE', 1.49813e-06], ['SPORTS', 5.55554e-07]]","[['LANDSCAPING', 0.24], ['HOBBIES & INTERESTS', 0.07], ['HOME & GARDEN', 0.07], ['BIRDWATCHING', 0.05]]",True,54,25,11:36:50.110266
my squirrel ran a monkey near an giraffe outside a lawn by Elise,"[['SOCIETY', 0.999996], ['HOBBIES AND INTERESTS', 2.50365e-06], ['PETS', 1.29217e-06], ['SPORTS', 1.13688e-07], ['STYLE AND FASHION', 9.02595e-08]]","[['LANDSCAPING', 0.24], ['HOBBIES & INTERESTS', 0.07], ['HOME & GARDEN', 0.07], ['BIRDWATCHING', 0.05]]",True,55,26,11:36:53.577909
my squirrel ran a monkey near the giraffe outside a lawn by Elise,"[['SOCIETY', 0.999486], ['PETS', 0.000509407], ['HOBBIES AND INTERESTS', 3.58959e-06], ['SPORTS', 1.34714e-07], ['STYLE AND FASHION', 3.23626e-08]]","[['LANDSCAPING', 0.24], ['HOBBIES & INTERESTS', 0.07], ['HOME & GARDEN', 0.07], ['BIRDWATCHING', 0.05]]",True,56,27,11:36:57.069908
my squirrel ran a monkey near the monkey outside a lawn by Elise,"[['SOCIETY', 0.958371], ['FAMILY AND PARENTING', 0.0416183], ['HOBBIES AND INTERESTS', 5.62775e-06], ['STYLE AND FASHION', 2.41867e-06], ['PETS', 4.87665e-07]]","[['LANDSCAPING', 0.23], ['HOBBIES & INTERESTS', 0.07], ['HOME & GARDEN', 0.07], ['BIRDWATCHING', 0.05]]",True,57,28,11:37:00.765979
my squirrel ran an monkey near the monkey outside a lawn by Elise,"[['SOCIETY', 0.845227], ['FAMILY AND PARENTING', 0.154759], ['HOBBIES AND INTERESTS', 1.12502e-05], ['PETS', 7.2743e-07], ['SPORTS', 3.60871e-07]]","[['LANDSCAPING', 0.23], ['HOBBIES & INTERESTS', 0.07], ['HOME & GARDEN', 0.07], ['BIRDWATCHING', 0.05]]",True,58,29,11:37:04.233524
my squirrel ran an monkey near the monkey in a lawn by Elise,"[['SOCIETY', 0.999954], ['HOBBIES AND INTERESTS', 2.10104e-05], ['AUTOMOTIVE', 1.53483e-05], ['PETS', 5.10429e-06], ['SPORTS', 3.7124e-07]]","[['LANDSCAPING', 0.23], ['HOBBIES & INTERESTS', 0.07], ['HOME & GARDEN', 0.07], ['BIRDWATCHING', 0.05]]",True,59,30,11:37:07.468618
my squirrel ran an monkey by the monkey in a lawn by Elise,"[['SOCIETY', 0.999447], ['AUTOMOTIVE', 0.000484888], ['HOBBIES AND INTERESTS', 3.23134e-05], ['PETS', 7.65323e-06], ['SCIENCE', 4.12456e-06]]","[['LANDSCAPING', 0.23], ['HOBBIES & INTERESTS', 0.07], ['HOME & GARDEN', 0.07], ['BIRDWATCHING', 0.05]]",True,60,31,11:37:10.844394
my squirrel ran an monkey by the monkey in a lawn by Steve,"[['AUTOMOTIVE', 0.590874], ['HOBBIES AND INTERESTS', 0.192711], ['TECHNOLOGY AND COMPUTING', 0.0715841], ['PETS', 0.0379833], ['EDUCATION', 0.0170705]]","[['LANDSCAPING', 0.23], ['HOBBIES & INTERESTS', 0.07], ['HOME & GARDEN', 0.07], ['BIRDWATCHING', 0.05]]",True,61,32,11:37:14.081563
my giraffe ran an monkey by the monkey in a lawn by Steve,"[['AUTOMOTIVE', 0.572315], ['PETS', 0.314812], ['TECHNOLOGY AND COMPUTING', 0.0693375], ['EDUCATION', 0.016537], ['HOBBIES AND INTERESTS', 0.00498184]]","[['LANDSCAPING', 0.22], ['HOBBIES & INTERESTS', 0.07], ['HOME & GARDEN', 0.07], ['BIRDWATCHING', 0.05]]",True,62,33,11:37:17.456960
my giraffe ran an monkey by the monkey in a lawn by I,"[['AUTOMOTIVE', 0.543413], ['PETS', 0.390621], ['SCIENCE', 0.0193582], ['TECHNOLOGY AND COMPUTING', 0.0162191], ['EDUCATION', 0.00903289]]","[['LANDSCAPING', 0.23], ['HOME & GARDEN', 0.07], ['HOBBIES & INTERESTS', 0.07], ['BIRDWATCHING', 0.05]]",True,63,34,11:37:20.728516
my giraffe ran an squirrel by the monkey in a lawn by I,"[['PETS', 0.978941], ['HOBBIES AND INTERESTS', 0.00500925], ['AUTOMOTIVE', 0.00238334], ['SPORTS', 0.0023629], ['TECHNOLOGY AND COMPUTING', 0.00101183]]","[['LANDSCAPING', 0.24], ['HOME & GARDEN', 0.08], ['HOBBIES & INTERESTS', 0.07], ['BIRDWATCHING', 0.05]]",True,64,35,11:37:24.199258
my giraffe ran an squirrel by the monkey in a lawn by Steve,"[['PETS', 0.932278], ['HOBBIES AND INTERESTS', 0.0267778], ['TECHNOLOGY AND COMPUTING', 0.00596917], ['AUTOMOTIVE', 0.00344826], ['SPORTS', 0.00288118]]","[['LANDSCAPING', 0.23], ['HOBBIES & INTERESTS', 0.07], ['HOME & GARDEN', 0.07], ['BIRDWATCHING', 0.05]]",True,65,36,11:37:27.372854
my giraffe ran an squirrel by the monkey in a fish by Steve,"[['PETS', 0.892703], ['SPORTS', 0.0505409], ['HOBBIES AND INTERESTS', 0.0268155], ['TECHNOLOGY AND COMPUTING', 0.00151305], ['EDUCATION', 0.0010575]]","[['AQUARIUMS', 0.54], ['PETS', 0.16]]",False,66,36,11:37:30.755133
my giraffe ran an squirrel by my monkey in a fish by Steve,"[['PETS', 0.70592], ['SPORTS', 0.236387], ['HOBBIES AND INTERESTS', 0.0146423], ['TECHNOLOGY AND COMPUTING', 0.00291192], ['AUTOMOTIVE', 0.00174024]]","[['AQUARIUMS', 0.54], ['PETS', 0.16]]",False,67,36,11:37:34.454859
my giraffe ran an binoculars by my monkey in a fish by Steve,"[['HOBBIES AND INTERESTS', 0.299971], ['SPORTS', 0.242784], ['PETS', 0.217784], ['TECHNOLOGY AND COMPUTING', 0.0275064], ['AUTOMOTIVE', 0.0164384]]","[['AQUARIUMS', 0.55], ['PETS', 0.15]]",False,68,36,11:37:37.924500
my giraffe injured an binoculars by my monkey in a fish by Steve,"[['SPORTS', 0.681547], ['PETS', 0.0908907], ['HOBBIES AND INTERESTS', 0.032603], ['SCIENCE', 0.00220073], ['STYLE AND FASHION', 0.00129794]]","[['AQUARIUMS', 0.52], ['PETS', 0.14]]",False,69,36,11:37:41.355220
my giraffe injured an binoculars by my monkey in a fish outside Steve,"[['SPORTS', 0.372381], ['PETS', 0.367763], ['HOBBIES AND INTERESTS', 0.0121292], ['SCIENCE', 0.00587293], ['RELIGION AND SPIRITUALITY', 0.00452013]]","[['AQUARIUMS', 0.52], ['PETS', 0.14]]",False,70,36,11:37:44.995368
my giraffe injured an binoculars by my monkey in a fish near Steve,"[['SPORTS', 0.888912], ['PETS', 0.0317374], ['TRAVEL', 0.00587395], ['HOBBIES AND INTERESTS', 0.00238495], ['SCIENCE', 0.000777197]]","[['AQUARIUMS', 0.52], ['PETS', 0.14]]",False,71,36,11:37:48.299406
my giraffe injured an binoculars by my monkey in a fish outside Steve,"[['SPORTS', 0.372381], ['PETS', 0.367763], ['HOBBIES AND INTERESTS', 0.0121292], ['SCIENCE', 0.00587293], ['RELIGION AND SPIRITUALITY', 0.00452013]]","[['AQUARIUMS', 0.52], ['PETS', 0.14]]",False,71,36,11:37:51.644312
my giraffe injured an binoculars by my monkey in a squirrel outside Steve,"[['PETS', 0.682545], ['HOBBIES AND INTERESTS', 0.175867], ['SPORTS', 0.00712454], ['STYLE AND FASHION', 0.00085375], ['HEALTH AND FITNESS', 0.000447923]]","[['HOBBIES & INTERESTS', 0.08], ['BIRDWATCHING', 0.05]]",True,72,37,11:37:55.240584
my giraffe injured an binoculars by an monkey in a squirrel outside Steve,"[['HOBBIES AND INTERESTS', 0.520207], ['PETS', 0.339416], ['SPORTS', 0.0100934], ['HEALTH AND FITNESS', 0.000678941], ['STYLE AND FASHION', 0.00062669]]","[['HOBBIES & INTERESTS', 0.08], ['BIRDWATCHING', 0.05]]",True,73,38,11:37:58.996591
my giraffe injured an binoculars by an monkey in a squirrel with Steve,"[['HOBBIES AND INTERESTS', 0.877537], ['PETS', 0.0736552], ['SPORTS', 0.00322094], ['HEALTH AND FITNESS', 0.00107782], ['STYLE AND FASHION', 0.000140604]]","[['HOBBIES & INTERESTS', 0.08], ['BIRDWATCHING', 0.05]]",True,74,39,11:38:02.346127
my giraffe injured an binoculars by an monkey outside a squirrel with Steve,"[['FAMILY AND PARENTING', 0.998295], ['HOBBIES AND INTERESTS', 0.00154486], ['PETS', 3.62656e-05], ['SPORTS', 8.40612e-06], ['HEALTH AND FITNESS', 2.71386e-06]]","[['HOBBIES & INTERESTS', 0.08], ['BIRDWATCHING', 0.05]]",True,75,40,11:38:05.987151
my giraffe injured an binoculars with an monkey outside a squirrel with Steve,"[['FAMILY AND PARENTING', 0.997708], ['HOBBIES AND INTERESTS', 0.0020095], ['PETS', 8.48549e-05], ['SPORTS', 9.86658e-06], ['HEALTH AND FITNESS', 7.12761e-06]]","[['HOBBIES & INTERESTS', 0.08], ['BIRDWATCHING', 0.05]]",True,76,41,11:38:09.505687
the giraffe injured an binoculars with an monkey outside a squirrel with Steve,"[['FAMILY AND PARENTING', 0.967352], ['PETS', 0.0187445], ['HOBBIES AND INTERESTS', 0.0135446], ['SPORTS', 2.32749e-05], ['HEALTH AND FITNESS', 1.94372e-05]]","[['HOBBIES & INTERESTS', 0.08], ['BIRDWATCHING', 0.05]]",True,77,42,11:38:12.914883
my giraffe injured an binoculars with an monkey outside a squirrel with Steve,"[['FAMILY AND PARENTING', 0.997708], ['HOBBIES AND INTERESTS', 0.0020095], ['PETS', 8.48549e-05], ['SPORTS', 9.86658e-06], ['HEALTH AND FITNESS', 7.12761e-06]]","[['HOBBIES & INTERESTS', 0.08], ['BIRDWATCHING', 0.05]]",True,77,42,11:38:16.991125
my giraffe injured an binoculars with an monkey outside a squirrel with Elise,"[['FAMILY AND PARENTING', 0.997152], ['HOBBIES AND INTERESTS', 0.00276595], ['PETS', 2.13948e-05], ['SPORTS', 9.86088e-06], ['STYLE AND FASHION', 9.27515e-06]]","[['HOBBIES & INTERESTS', 0.07], ['BIRDWATCHING', 0.05]]",True,78,43,11:38:20.503194
my giraffe ran an binoculars with an monkey outside a squirrel with Elise,"[['FAMILY AND PARENTING', 0.891751], ['HOBBIES AND INTERESTS', 0.107766], ['PETS', 0.000222833], ['SPORTS', 8.52393e-06], ['STYLE AND FASHION', 6.08875e-06]]","[['HOBBIES & INTERESTS', 0.07], ['BIRDWATCHING', 0.05]]",True,79,44,11:38:23.865057
my giraffe ran an binoculars with an monkey outside a squirrel with I,"[['FAMILY AND PARENTING', 0.970921], ['HOBBIES AND INTERESTS', 0.0253906], ['PETS', 0.00020918], ['SPORTS', 6.86555e-06], ['TRAVEL', 1.7393e-06]]","[['HOBBIES & INTERESTS', 0.07], ['BIRDWATCHING', 0.05]]",True,80,45,11:38:27.382873
my giraffe ran an binoculars with a monkey outside a squirrel with I,"[['FAMILY AND PARENTING', 0.963711], ['HOBBIES AND INTERESTS', 0.030682], ['PETS', 0.000330417], ['SPORTS', 1.3728e-05], ['STYLE AND FASHION', 3.60829e-06]]","[['HOBBIES & INTERESTS', 0.07], ['BIRDWATCHING', 0.05]]",True,81,46,11:38:31.072044
my binoculars ran an binoculars with a monkey outside a squirrel with I,"[['HOBBIES AND INTERESTS', 0.978827], ['FAMILY AND PARENTING', 0.0203088], ['TECHNOLOGY AND COMPUTING', 2.48024e-05], ['TRAVEL', 7.46319e-06], ['PETS', 2.14516e-07]]","[['HOBBIES & INTERESTS', 0.07], ['BIRDWATCHING', 0.05]]",True,82,47,11:38:34.432393
my binoculars ran an binoculars with a monkey outside the squirrel with I,"[['HOBBIES AND INTERESTS', 0.930307], ['FAMILY AND PARENTING', 0.069054], ['TECHNOLOGY AND COMPUTING', 1.6205e-05], ['TRAVEL', 4.00329e-06], ['PETS', 6.63792e-07]]","[['HOBBIES & INTERESTS', 0.07], ['BIRDWATCHING', 0.05]]",True,83,48,11:38:37.972613
my binoculars ran a binoculars with a monkey outside the squirrel with I,"[['HOBBIES AND INTERESTS', 0.924927], ['FAMILY AND PARENTING', 0.0740937], ['PETS', 3.83798e-05], ['TECHNOLOGY AND COMPUTING', 2.82598e-05], ['TRAVEL', 7.69179e-06]]","[['HOBBIES & INTERESTS', 0.07], ['BIRDWATCHING', 0.05]]",True,84,49,11:38:41.410279
my binoculars ran the binoculars with a monkey outside the squirrel with I,"[['HOBBIES AND INTERESTS', 0.982184], ['FAMILY AND PARENTING', 0.0175784], ['TECHNOLOGY AND COMPUTING', 2.20744e-05], ['TRAVEL', 1.53042e-06], ['PETS', 3.16746e-07]]","[['HOBBIES & INTERESTS', 0.07], ['BIRDWATCHING', 0.05]]",True,85,50,11:38:44.918876
my binoculars ran the binoculars with a monkey outside the squirrel with Elise,"[['HOBBIES AND INTERESTS', 0.9993], ['FAMILY AND PARENTING', 0.000699093], ['TECHNOLOGY AND COMPUTING', 1.08354e-06], ['TRAVEL', 4.92713e-08], ['SPORTS', 2.27106e-08]]","[['HOBBIES & INTERESTS', 0.07], ['BIRDWATCHING', 0.05]]",True,86,51,11:38:48.363489
my binoculars ran the binoculars with a monkey outside the squirrel with Mark,"[['HOBBIES AND INTERESTS', 0.993592], ['FAMILY AND PARENTING', 0.00639345], ['TECHNOLOGY AND COMPUTING', 1.22415e-05], ['PETS', 4.85946e-07], ['FOOD AND DRINK', 2.98766e-07]]","[['HOBBIES & INTERESTS', 0.07], ['BIRDWATCHING', 0.05]]",True,87,52,11:38:52.025193
my binoculars ran the binoculars with a monkey outside the squirrel in Mark,"[['HOBBIES AND INTERESTS', 0.994494], ['FAMILY AND PARENTING', 0.00549801], ['TECHNOLOGY AND COMPUTING', 7.03279e-06], ['PETS', 9.8522e-08], ['TRAVEL', 8.17452e-08]]","[['HOBBIES & INTERESTS', 0.07], ['BIRDWATCHING', 0.05]]",True,88,53,11:38:55.343608
my binoculars ran the binoculars with a monkey outside the squirrel in Steve,"[['HOBBIES AND INTERESTS', 0.997489], ['FAMILY AND PARENTING', 0.00250813], ['TECHNOLOGY AND COMPUTING', 2.57929e-06], ['TRAVEL', 9.25085e-08], ['FOOD AND DRINK', 5.35541e-08]]","[['HOBBIES & INTERESTS', 0.08], ['BIRDWATCHING', 0.05]]",True,89,54,11:39:01.382208
my binoculars ran the man with a monkey outside the squirrel in Steve,"[['FAMILY AND PARENTING', 0.948417], ['HOBBIES AND INTERESTS', 0.0515183], ['SPORTS', 1.40432e-05], ['TRAVEL', 6.31519e-06], ['STYLE AND FASHION', 4.7455e-06]]","[['PROFANE CONTENT', 0.21], ['HOBBIES & INTERESTS', 0.07], ['NON-STANDARD CONTENT', 0.06], ['BIRDWATCHING', 0.05]]",True,90,55,11:39:04.973497
my binoculars ran the man with a lawn outside the squirrel in Steve,"[['HOBBIES AND INTERESTS', 0.999988], ['SPORTS', 2.85653e-06], ['TRAVEL', 7.437e-07], ['PETS', 2.12146e-07], ['BUSINESS', 1.5938e-07]]","[['GARDENING', 0.22], ['PROFANE CONTENT', 0.21], ['HOME & GARDEN', 0.08], ['HOBBIES & INTERESTS', 0.07], ['NON-STANDARD CONTENT', 0.06]]",True,91,56,11:39:09.227037
my binoculars ran the man with a lawn outside the squirrel by Steve,"[['HOBBIES AND INTERESTS', 0.999996], ['SPORTS', 6.56401e-07], ['TRAVEL', 1.861e-07], ['ARTS AND ENTERTAINMENT', 1.26746e-07], ['RELIGION AND SPIRITUALITY', 4.46644e-08]]","[['GARDENING', 0.22], ['PROFANE CONTENT', 0.21], ['HOME & GARDEN', 0.08], ['HOBBIES & INTERESTS', 0.07], ['NON-STANDARD CONTENT', 0.06]]",True,92,57,11:39:12.655112
my binoculars caught the man with a lawn outside the squirrel by Steve,"[['HOBBIES AND INTERESTS', 0.999973], ['SPORTS', 6.03258e-06], ['PETS', 1.24609e-06], ['FOOD AND DRINK', 1.10458e-06], ['TRAVEL', 8.15979e-07]]","[['GARDENING', 0.22], ['PROFANE CONTENT', 0.21], ['HOBBIES & INTERESTS', 0.07], ['HOME & GARDEN', 0.07], ['NON-STANDARD CONTENT', 0.06]]",True,93,58,11:39:16.249011
a binoculars caught the man with a lawn outside the squirrel by Steve,"[['HOBBIES AND INTERESTS', 0.999978], ['SPORTS', 4.16136e-06], ['HEALTH AND FITNESS', 1.92825e-06], ['FOOD AND DRINK', 6.95065e-07], ['PETS', 6.48476e-07]]","[['GARDENING', 0.22], ['PROFANE CONTENT', 0.21], ['HOBBIES & INTERESTS', 0.07], ['HOME & GARDEN', 0.07], ['NON-STANDARD CONTENT', 0.06]]",True,94,59,11:39:20.229067
a binoculars caught the man with a lawn outside the squirrel by Mark,"[['HOBBIES AND INTERESTS', 0.999985], ['SPORTS', 3.90043e-06], ['HEALTH AND FITNESS', 1.10809e-06], ['TRAVEL', 8.16976e-07], ['PETS', 7.70218e-07]]","[['GARDENING', 0.23], ['PROFANE CONTENT', 0.21], ['HOME & GARDEN', 0.07], ['HOBBIES & INTERESTS', 0.07], ['NON-STANDARD CONTENT', 0.06]]",True,95,60,11:39:23.620891
a binoculars caught the man with a squirrel outside the squirrel by Mark,"[['HOBBIES AND INTERESTS', 0.999843], ['PETS', 1.10558e-05], ['SPORTS', 9.2158e-06], ['FOOD AND DRINK', 4.46686e-06], ['FAMILY AND PARENTING', 1.69039e-06]]","[['BIRDS', 0.24], ['PROFANE CONTENT', 0.22], ['HOBBIES & INTERESTS', 0.07], ['NON-STANDARD CONTENT', 0.06], ['PETS', 0.06]]",True,96,61,11:39:27.122776
the binoculars caught the man with a squirrel outside the squirrel by Mark,"[['HOBBIES AND INTERESTS', 0.999783], ['FOOD AND DRINK', 2.38614e-05], ['SPORTS', 1.27682e-05], ['FAMILY AND PARENTING', 2.51296e-06], ['PERSONAL FINANCE', 2.35048e-06]]","[['BIRDS', 0.24], ['PROFANE CONTENT', 0.22], ['HOBBIES & INTERESTS', 0.07], ['NON-STANDARD CONTENT', 0.06], ['PETS', 0.06]]",True,97,62,11:39:31.684695
my binoculars caught the man with a squirrel outside the squirrel by Mark,"[['HOBBIES AND INTERESTS', 0.999661], ['SPORTS', 1.62111e-05], ['FOOD AND DRINK', 7.94649e-06], ['FAMILY AND PARENTING', 5.04189e-06], ['PETS', 2.80833e-06]]","[['BIRDS', 0.24], ['PROFANE CONTENT', 0.22], ['HOBBIES & INTERESTS', 0.07], ['NON-STANDARD CONTENT', 0.06], ['PETS', 0.06]]",True,98,63,11:39:35.581783
my binoculars caught the man with a squirrel with the squirrel by Mark,"[['HOBBIES AND INTERESTS', 0.999616], ['SPORTS', 1.46785e-05], ['FOOD AND DRINK', 6.99545e-06], ['FAMILY AND PARENTING', 4.4735e-06], ['PETS', 2.46931e-06]]","[['BIRDS', 0.24], ['PROFANE CONTENT', 0.22], ['HOBBIES & INTERESTS', 0.07], ['NON-STANDARD CONTENT', 0.06], ['PETS', 0.06]]",True,99,64,11:39:39.075000
my binoculars caught the man with a squirrel with the squirrel by I,"[['HOBBIES AND INTERESTS', 0.996247], ['SPORTS', 9.74459e-05], ['PETS', 6.83687e-05], ['FOOD AND DRINK', 6.19e-05], ['FAMILY AND PARENTING', 5.92193e-05]]","[['BIRDS', 0.25], ['PROFANE CONTENT', 0.21], ['HOBBIES & INTERESTS', 0.08], ['NON-STANDARD CONTENT', 0.06], ['PETS', 0.06]]",True,100,65,11:39:42.300108
my binoculars caught the man with a squirrel outside the squirrel by I,"[['HOBBIES AND INTERESTS', 0.996469], ['PETS', 8.66208e-05], ['SPORTS', 7.75003e-05], ['FOOD AND DRINK', 7.54026e-05], ['FAMILY AND PARENTING', 7.25289e-05]]","[['BIRDS', 0.25], ['PROFANE CONTENT', 0.21], ['HOBBIES & INTERESTS', 0.08], ['NON-STANDARD CONTENT', 0.06], ['PETS', 0.06]]",True,101,66,11:39:45.852019
my binoculars injured the man with a squirrel outside the squirrel by I,"[['HOBBIES AND INTERESTS', 0.967524], ['PETS', 0.000598121], ['FAMILY AND PARENTING', 0.00029203], ['SPORTS', 0.000287618], ['FOOD AND DRINK', 1.93535e-05]]","[['PROFANE CONTENT', 0.21], ['HOBBIES & INTERESTS', 0.07], ['NON-STANDARD CONTENT', 0.06], ['BIRDWATCHING', 0.05]]",True,102,67,11:39:49.444691
my binoculars injured the man with a squirrel outside the squirrel outside I,"[['HOBBIES AND INTERESTS', 0.947099], ['PETS', 0.00139737], ['FAMILY AND PARENTING', 0.000981167], ['SPORTS', 0.000758913], ['FOOD AND DRINK', 9.81222e-05]]","[['PROFANE CONTENT', 0.21], ['HOBBIES & INTERESTS', 0.07], ['NON-STANDARD CONTENT', 0.06], ['BIRDWATCHING', 0.05]]",True,103,68,11:39:52.982058
my binoculars wounded the man with a squirrel outside the squirrel outside I,"[['HOBBIES AND INTERESTS', 0.999108], ['PETS', 4.61638e-05], ['SPORTS', 2.2941e-05], ['TRAVEL', 1.27229e-05], ['FAMILY AND PARENTING', 1.06526e-05]]","[['HOBBIES & INTERESTS', 0.08], ['BIRDWATCHING', 0.05]]",True,104,69,11:39:56.485598
my binoculars wounded my man with a squirrel outside the squirrel outside I,"[['HOBBIES AND INTERESTS', 0.633084], ['SPORTS', 0.364442], ['PETS', 0.000349932], ['FOOD AND DRINK', 5.49316e-05], ['FAMILY AND PARENTING', 3.75124e-05]]","[['HOBBIES & INTERESTS', 0.08], ['BIRDWATCHING', 0.05]]",True,105,70,11:40:00.160468
my binoculars caught my man with a squirrel outside the squirrel outside I,"[['HOBBIES AND INTERESTS', 0.636006], ['SPORTS', 0.346599], ['PETS', 0.00356602], ['FOOD AND DRINK', 0.000608283], ['FAMILY AND PARENTING', 0.00029887]]","[['BIRDS', 0.25], ['PROFANE CONTENT', 0.21], ['HOBBIES & INTERESTS', 0.08], ['NON-STANDARD CONTENT', 0.06], ['PETS', 0.06]]",True,106,71,11:40:03.580671
my binoculars caught my man with an squirrel outside the squirrel outside I,"[['HOBBIES AND INTERESTS', 0.668765], ['SPORTS', 0.323821], ['PETS', 0.00343679], ['FOOD AND DRINK', 0.00052562], ['FAMILY AND PARENTING', 0.000366201]]","[['BIRDS', 0.25], ['PROFANE CONTENT', 0.21], ['HOBBIES & INTERESTS', 0.08], ['NON-STANDARD CONTENT', 0.06], ['PETS', 0.06]]",True,107,72,11:40:06.926300
my binoculars caught my man with my squirrel outside the squirrel outside I,"[['SPORTS', 0.666155], ['HOBBIES AND INTERESTS', 0.310905], ['PETS', 0.00929239], ['FAMILY AND PARENTING', 0.00111039], ['FOOD AND DRINK', 0.00105202]]","[['BIRDS', 0.25], ['PROFANE CONTENT', 0.21], ['HOBBIES & INTERESTS', 0.08], ['NON-STANDARD CONTENT', 0.06], ['PETS', 0.06]]",True,108,73,11:40:10.604693
my binoculars caught my man with my squirrel outside an squirrel outside I,"[['SPORTS', 0.67295], ['HOBBIES AND INTERESTS', 0.316174], ['PETS', 0.0017402], ['FAMILY AND PARENTING', 0.000309632], ['ILLEGAL CONTENT', 0.000230663]]","[['BIRDS', 0.25], ['PROFANE CONTENT', 0.21], ['HOBBIES & INTERESTS', 0.08], ['NON-STANDARD CONTENT', 0.06], ['PETS', 0.06]]",True,109,74,11:40:14.368046
my binoculars caught my man with my squirrel by an squirrel outside I,"[['HOBBIES AND INTERESTS', 0.596908], ['SPORTS', 0.391711], ['PETS', 0.00113767], ['FAMILY AND PARENTING', 0.000229993], ['ILLEGAL CONTENT', 0.000198513]]","[['BIRDS', 0.25], ['PROFANE CONTENT', 0.21], ['HOBBIES & INTERESTS', 0.08], ['NON-STANDARD CONTENT', 0.06], ['PETS', 0.06]]",True,110,75,11:40:17.925633
my binoculars caught my man with my squirrel by an monkey outside I,"[['FAMILY AND PARENTING', 0.993592], ['SPORTS', 0.00633442], ['HOBBIES AND INTERESTS', 5.76647e-05], ['PETS', 3.44539e-06], ['TRAVEL', 1.23205e-06]]","[['PROFANE CONTENT', 0.2], ['HOBBIES & INTERESTS', 0.07], ['NON-STANDARD CONTENT', 0.07], ['BIRDWATCHING', 0.05]]",True,111,76,11:40:21.466692
my binoculars caught my man with an squirrel by an monkey outside I,"[['FAMILY AND PARENTING', 0.99446], ['SPORTS', 0.00530592], ['HOBBIES AND INTERESTS', 0.000227282], ['PETS', 2.12029e-06], ['TRAVEL', 7.35997e-07]]","[['PROFANE CONTENT', 0.2], ['HOBBIES & INTERESTS', 0.07], ['NON-STANDARD CONTENT', 0.07], ['BIRDWATCHING', 0.05]]",True,112,77,11:40:24.907991
an binoculars caught my man with an squirrel by an monkey outside I,"[['FAMILY AND PARENTING', 0.991168], ['SPORTS', 0.00704746], ['HOBBIES AND INTERESTS', 0.00176991], ['PETS', 2.85525e-06], ['TRAVEL', 1.55059e-06]]","[['PROFANE CONTENT', 0.2], ['HOBBIES & INTERESTS', 0.07], ['NON-STANDARD CONTENT', 0.07], ['BIRDWATCHING', 0.05]]",True,113,78,11:40:28.449822
an lawn caught my man with an squirrel by an monkey outside I,"[['FAMILY AND PARENTING', 0.993572], ['SPORTS', 0.00641573], ['PETS', 2.23812e-06], ['HOBBIES AND INTERESTS', 5.05986e-07], ['TRAVEL', 2.97771e-07]]","[['GARDENING', 0.21], ['PROFANE CONTENT', 0.2], ['HOME & GARDEN', 0.08], ['HOBBIES & INTERESTS', 0.07], ['NON-STANDARD CONTENT', 0.07]]",True,114,79,11:40:32.035240
an lawn viewed my man with an squirrel by an monkey outside I,"[['FAMILY AND PARENTING', 0.985038], ['SPORTS', 0.0149529], ['PETS', 1.08655e-06], ['NON STANDARD CONTENT', 5.2452e-07], ['HEALTH AND FITNESS', 4.73272e-07]]","[['LANDSCAPING', 0.2], ['PROFANE CONTENT', 0.2], ['HOME & GARDEN', 0.08], ['NON-STANDARD CONTENT', 0.07], ['HOBBIES & INTERESTS', 0.07]]",True,115,80,11:40:35.631333
an lawn viewed my man with an squirrel by an monkey outside Steve,"[['FAMILY AND PARENTING', 0.921766], ['SPORTS', 0.0782055], ['HOBBIES AND INTERESTS', 2.46325e-06], ['HEALTH AND FITNESS', 2.27783e-06], ['PETS', 1.32811e-06]]","[['PROFANE CONTENT', 0.21], ['LANDSCAPING', 0.2], ['HOME & GARDEN', 0.07], ['HOBBIES & INTERESTS', 0.07], ['NON-STANDARD CONTENT', 0.06]]",True,116,81,11:40:39.301330
an lawn viewed my man with an squirrel near an monkey outside Steve,"[['FAMILY AND PARENTING', 0.885037], ['SPORTS', 0.114922], ['HOBBIES AND INTERESTS', 1.24049e-05], ['HEALTH AND FITNESS', 2.22202e-06], ['PETS', 1.92821e-06]]","[['PROFANE CONTENT', 0.21], ['LANDSCAPING', 0.2], ['HOME & GARDEN', 0.07], ['HOBBIES & INTERESTS', 0.07], ['NON-STANDARD CONTENT', 0.06]]",True,117,82,11:40:43.184935
an lawn viewed my man with an squirrel near an monkey outside Mark,"[['FAMILY AND PARENTING', 0.959026], ['SPORTS', 0.0409519], ['HOBBIES AND INTERESTS', 6.45995e-06], ['PETS', 2.2098e-06], ['HEALTH AND FITNESS', 6.912e-07]]","[['PROFANE CONTENT', 0.21], ['LANDSCAPING', 0.2], ['HOME & GARDEN', 0.07], ['NON-STANDARD CONTENT', 0.06], ['HOBBIES & INTERESTS', 0.06]]",True,118,83,11:40:46.542979
an lawn viewed the man with an squirrel near an monkey outside Mark,"[['FAMILY AND PARENTING', 0.999976], ['HOBBIES AND INTERESTS', 1.27676e-05], ['HEALTH AND FITNESS', 1.51247e-06], ['SCIENCE', 1.18361e-06], ['SPORTS', 9.34372e-07]]","[['PROFANE CONTENT', 0.21], ['LANDSCAPING', 0.2], ['HOME & GARDEN', 0.07], ['NON-STANDARD CONTENT', 0.06], ['HOBBIES & INTERESTS', 0.06]]",True,119,84,11:40:50.224501
an lawn ran the man with an squirrel near an monkey outside Mark,"[['FAMILY AND PARENTING', 0.999723], ['HOBBIES AND INTERESTS', 0.00017966], ['PETS', 1.17414e-05], ['SPORTS', 8.19613e-06], ['TRAVEL', 5.92707e-06]]","[['LANDSCAPING', 0.21], ['HOME & GARDEN', 0.08], ['HOBBIES & INTERESTS', 0.06], ['CIGARS', 0.05]]",True,120,85,11:40:53.511287
an lawn ran the man with an fish near an monkey outside Mark,"[['FAMILY AND PARENTING', 0.982424], ['SPORTS', 0.0116693], ['TRAVEL', 0.000319331], ['SCIENCE', 0.000235916], ['FOOD AND DRINK', 7.94799e-05]]","[['AQUARIUMS', 0.58], ['PETS', 0.15]]",True,121,86,11:40:56.942691
an lawn ran the man outside an fish near an monkey outside Mark,"[['FAMILY AND PARENTING', 0.982838], ['SPORTS', 0.0106552], ['FOOD AND DRINK', 0.000189195], ['HOBBIES AND INTERESTS', 0.000131611], ['SCIENCE', 0.000117861]]","[['AQUARIUMS', 0.58], ['PETS', 0.15]]",True,122,87,11:41:00.269372
an lawn ran an man outside an fish near an monkey outside Mark,"[['FAMILY AND PARENTING', 0.979385], ['SPORTS', 0.0102272], ['FOOD AND DRINK', 0.000284561], ['CAREERS', 0.000257745], ['HOME AND GARDEN', 0.000215358]]","[['AQUARIUMS', 0.58], ['PETS', 0.15]]",True,123,88,11:41:03.684048
an lawn ran an man outside my fish near an monkey outside Mark,"[['FAMILY AND PARENTING', 0.988836], ['SPORTS', 0.00833658], ['FOOD AND DRINK', 8.64449e-05], ['HOME AND GARDEN', 7.65057e-05], ['STYLE AND FASHION', 6.87049e-05]]","[['AQUARIUMS', 0.58], ['PETS', 0.15]]",True,124,89,11:41:07.137234
an lawn ran an man outside my fish outside an monkey outside Mark,"[['FAMILY AND PARENTING', 0.99399], ['SPORTS', 0.00243342], ['STYLE AND FASHION', 0.000186082], ['CAREERS', 0.000179139], ['HOME AND GARDEN', 0.000170498]]","[['AQUARIUMS', 0.58], ['PETS', 0.15]]",True,125,90,11:41:10.504909
an lawn caught an man outside my fish outside an monkey outside Mark,"[['FAMILY AND PARENTING', 0.988303], ['SPORTS', 0.00829635], ['FOOD AND DRINK', 0.00013088], ['SCIENCE', 0.000111668], ['NON STANDARD CONTENT', 8.34602e-05]]","[['AQUARIUMS', 0.56], ['PETS', 0.17]]",True,126,91,11:41:13.932463
an squirrel caught an man outside my fish outside an monkey outside Mark,"[['FAMILY AND PARENTING', 0.991], ['SPORTS', 0.00845735], ['PETS', 0.000105611], ['FOOD AND DRINK', 1.51184e-05], ['SCIENCE', 1.28435e-05]]","[['AQUARIUMS', 0.53], ['PETS', 0.19]]",False,127,91,11:41:17.377237
an squirrel caught an man outside my fish outside an monkey outside Elise,"[['FAMILY AND PARENTING', 0.993306], ['SPORTS', 0.00607349], ['PETS', 0.000237266], ['HOBBIES AND INTERESTS', 4.77973e-05], ['FOOD AND DRINK', 9.15056e-06]]","[['AQUARIUMS', 0.56], ['PETS', 0.16]]",False,128,91,11:41:20.794318
an squirrel caught an man outside an fish outside an monkey outside Elise,"[['FAMILY AND PARENTING', 0.990634], ['SPORTS', 0.00717148], ['HOBBIES AND INTERESTS', 0.000389026], ['PETS', 0.000371317], ['FOOD AND DRINK', 3.33842e-05]]","[['AQUARIUMS', 0.56], ['PETS', 0.16]]",False,129,91,11:41:24.432705
an squirrel caught an man outside an fish outside an monkey outside Mark,"[['FAMILY AND PARENTING', 0.988279], ['SPORTS', 0.00975317], ['PETS', 0.000174972], ['HOBBIES AND INTERESTS', 5.84913e-05], ['FOOD AND DRINK', 5.3222e-05]]","[['AQUARIUMS', 0.53], ['PETS', 0.19]]",False,130,91,11:41:27.857204
an squirrel caught an man outside an fish on an monkey outside Mark,"[['FAMILY AND PARENTING', 0.983114], ['SPORTS', 0.0150691], ['PETS', 7.06766e-05], ['HOBBIES AND INTERESTS', 3.43652e-05], ['FOOD AND DRINK', 1.61073e-05]]","[['AQUARIUMS', 0.53], ['PETS', 0.19]]",False,131,91,11:41:31.311967
an squirrel captured an man outside an fish on an monkey outside Mark,"[['FAMILY AND PARENTING', 0.997679], ['SPORTS', 0.00119639], ['HOBBIES AND INTERESTS', 7.83157e-05], ['PETS', 3.52479e-05], ['TECHNOLOGY AND COMPUTING', 3.2225e-05]]","[['AQUARIUMS', 0.52], ['PETS', 0.15]]",False,132,91,11:41:34.630797
an squirrel captured an hedgehog outside an fish on an monkey outside Mark,"[['FAMILY AND PARENTING', 0.994989], ['HOBBIES AND INTERESTS', 0.00133922], ['SPORTS', 0.00109435], ['SCIENCE', 9.59463e-05], ['PETS', 5.91127e-05]]","[['AQUARIUMS', 0.5], ['PETS', 0.14]]",False,133,91,11:41:38.256913
an squirrel captured an hedgehog outside an fish on an monkey outside Elise,"[['FAMILY AND PARENTING', 0.993895], ['HOBBIES AND INTERESTS', 0.00303152], ['SPORTS', 0.000785703], ['PETS', 0.00013379], ['SCIENCE', 7.85201e-05]]","[['AQUARIUMS', 0.52], ['PETS', 0.13]]",False,134,91,11:41:41.745161
an squirrel captured an hedgehog outside an binoculars on an monkey outside Elise,"[['FAMILY AND PARENTING', 0.862431], ['HOBBIES AND INTERESTS', 0.135778], ['TECHNOLOGY AND COMPUTING', 0.000228579], ['SPORTS', 0.000105234], ['PETS', 3.66032e-05]]","[['HOBBIES & INTERESTS', 0.07], ['BIRDWATCHING', 0.05]]",True,135,92,11:41:47.116265
an fish captured an hedgehog outside an binoculars on an monkey outside Elise,"[['FAMILY AND PARENTING', 0.690607], ['FOOD AND DRINK', 0.245006], ['HOBBIES AND INTERESTS', 0.0541223], ['TECHNOLOGY AND COMPUTING', 0.00479988], ['SPORTS', 0.000212664]]","[['AQUARIUMS', 0.54], ['PETS', 0.12]]",True,136,93,11:41:51.325407
an fish viewed an hedgehog outside an binoculars on an monkey outside Elise,"[['FAMILY AND PARENTING', 0.966863], ['HOBBIES AND INTERESTS', 0.0313846], ['TECHNOLOGY AND COMPUTING', 0.000245829], ['BUSINESS', 6.69418e-05], ['HEALTH AND FITNESS', 5.53903e-05]]","[['AQUARIUMS', 0.54], ['PETS', 0.11]]",True,137,94,11:41:55.877199
an fish viewed an hedgehog outside an binoculars on an monkey outside Steve,"[['FAMILY AND PARENTING', 0.988006], ['HOBBIES AND INTERESTS', 0.00812557], ['TECHNOLOGY AND COMPUTING', 0.000251211], ['BUSINESS', 0.000168246], ['SPORTS', 9.96288e-05]]","[['AQUARIUMS', 0.53], ['PETS', 0.13]]",True,138,95,11:41:59.570357
an fish viewed an hedgehog outside an binoculars on an monkey outside Elise,"[['FAMILY AND PARENTING', 0.966863], ['HOBBIES AND INTERESTS', 0.0313846], ['TECHNOLOGY AND COMPUTING', 0.000245829], ['BUSINESS', 6.69418e-05], ['HEALTH AND FITNESS', 5.53903e-05]]","[['AQUARIUMS', 0.54], ['PETS', 0.11]]",True,138,95,11:42:03.079850
an fish viewed an hedgehog outside an binoculars on an monkey in Elise,"[['HOBBIES AND INTERESTS', 0.966637], ['SCIENCE', 0.00291809], ['TECHNOLOGY AND COMPUTING', 0.00291792], ['BUSINESS', 0.000961084], ['HEALTH AND FITNESS', 0.000550655]]","[['AQUARIUMS', 0.54], ['PETS', 0.11]]",True,139,96,11:42:06.837965
an fish viewed an hedgehog outside the binoculars on an monkey in Elise,"[['HOBBIES AND INTERESTS', 0.933157], ['PERSONAL FINANCE', 0.0482654], ['SCIENCE', 0.0018838], ['TECHNOLOGY AND COMPUTING', 0.00169027], ['BUSINESS', 0.000469019]]","[['AQUARIUMS', 0.54], ['PETS', 0.11]]",True,140,97,11:42:10.415821
an fish viewed an fish outside the binoculars on an monkey in Elise,"[['HOBBIES AND INTERESTS', 0.980485], ['PERSONAL FINANCE', 0.0104672], ['SCIENCE', 0.00133009], ['SPORTS', 0.00126562], ['TECHNOLOGY AND COMPUTING', 0.0012356]]","[['AQUARIUMS', 0.77], ['PETS', 0.26]]",True,141,98,11:42:13.889076
an fish went an fish outside the binoculars on an monkey in Elise,"[['HOBBIES AND INTERESTS', 0.73705], ['TECHNOLOGY AND COMPUTING', 0.254063], ['SPORTS', 0.00422449], ['PERSONAL FINANCE', 0.00108445], ['SCIENCE', 0.000184109]]","[['AQUARIUMS', 0.8], ['PETS', 0.28]]",True,142,99,11:42:17.302371
an fish went an fish outside the binoculars outside an monkey in Elise,"[['HOBBIES AND INTERESTS', 0.820142], ['TECHNOLOGY AND COMPUTING', 0.161449], ['SPORTS', 0.00739161], ['PERSONAL FINANCE', 0.000940381], ['STYLE AND FASHION', 0.000491308]]","[['AQUARIUMS', 0.8], ['PETS', 0.28]]",True,143,100,11:42:21.722302
an fish ran an fish outside the binoculars outside an monkey in Elise,"[['SPORTS', 0.999724], ['HOBBIES AND INTERESTS', 0.000268138], ['AUTOMOTIVE', 6.16238e-07], ['TECHNOLOGY AND COMPUTING', 4.62083e-07], ['PERSONAL FINANCE', 3.74742e-07]]","[['AQUARIUMS', 0.8], ['PETS', 0.28]]",True,144,101,11:42:25.057348
an fish ran an giraffe outside the binoculars outside an monkey in Elise,"[['SPORTS', 0.998445], ['HOBBIES AND INTERESTS', 0.00147216], ['PETS', 3.05e-05], ['AUTOMOTIVE', 1.38493e-05], ['PERSONAL FINANCE', 8.28845e-06]]","[['AQUARIUMS', 0.57], ['PETS', 0.13]]",False,145,101,11:42:28.758401
an fish ran an giraffe outside an binoculars outside an monkey in Elise,"[['SPORTS', 0.997291], ['HOBBIES AND INTERESTS', 0.00252725], ['PETS', 6.01372e-05], ['AUTOMOTIVE', 3.37742e-05], ['TECHNOLOGY AND COMPUTING', 9.44538e-06]]","[['AQUARIUMS', 0.57], ['PETS', 0.13]]",False,146,101,11:42:32.002664
an fish ran an giraffe outside an fish outside an monkey in Elise,"[['SPORTS', 0.99997], ['PETS', 9.72709e-06], ['HOBBIES AND INTERESTS', 3.31912e-06], ['AUTOMOTIVE', 1.77625e-06], ['STYLE AND FASHION', 6.10431e-07]]","[['AQUARIUMS', 0.78], ['PETS', 0.28]]",False,147,101,11:42:35.403245
an fish ran the giraffe outside an fish outside an monkey in Elise,"[['SPORTS', 0.999476], ['PETS', 0.000508771], ['HOBBIES AND INTERESTS', 3.041e-07], ['STYLE AND FASHION', 1.98428e-07], ['EDUCATION', 1.56571e-07]]","[['AQUARIUMS', 0.78], ['PETS', 0.28]]",False,148,101,11:42:39.128224
an fish ran the giraffe outside an fish outside an monkey in Steve,"[['SPORTS', 0.999344], ['PETS', 0.000635746], ['HOBBIES AND INTERESTS', 1.98448e-06], ['EDUCATION', 1.75483e-07], ['FOOD AND DRINK', 1.31442e-07]]","[['AQUARIUMS', 0.76], ['PETS', 0.33]]",False,149,101,11:42:42.675842
an fish ran the giraffe outside an fish outside an monkey in Elise,"[['SPORTS', 0.999476], ['PETS', 0.000508771], ['HOBBIES AND INTERESTS', 3.041e-07], ['STYLE AND FASHION', 1.98428e-07], ['EDUCATION', 1.56571e-07]]","[['AQUARIUMS', 0.78], ['PETS', 0.28]]",False,149,101,11:42:45.968772
an fish ran the monkey outside an fish outside an monkey in Elise,"[['SPORTS', 0.998537], ['FAMILY AND PARENTING', 0.00142126], ['STYLE AND FASHION', 7.39346e-06], ['EDUCATION', 5.13641e-06], ['HOBBIES AND INTERESTS', 1.72146e-06]]","[['AQUARIUMS', 0.72], ['PETS', 0.22]]",True,150,102,11:42:49.551747
an fish captured the monkey outside an fish outside an monkey in Elise,"[['FAMILY AND PARENTING', 0.660179], ['FOOD AND DRINK', 0.327166], ['STYLE AND FASHION', 0.00349535], ['SPORTS', 0.00241231], ['HOBBIES AND INTERESTS', 0.00143566]]","[['AQUARIUMS', 0.71], ['PETS', 0.21]]",True,151,103,11:42:53.114545
an fish captured the monkey outside an fish outside an monkey in Steve,"[['FAMILY AND PARENTING', 0.635957], ['FOOD AND DRINK', 0.319823], ['HOBBIES AND INTERESTS', 0.0219795], ['SPORTS', 0.0086005], ['STYLE AND FASHION', 0.00262709]]","[['AQUARIUMS', 0.69], ['PETS', 0.23]]",True,152,104,11:42:56.929190
an fish captured the monkey outside an fish outside an monkey in Elise,"[['FAMILY AND PARENTING', 0.660179], ['FOOD AND DRINK', 0.327166], ['STYLE AND FASHION', 0.00349535], ['SPORTS', 0.00241231], ['HOBBIES AND INTERESTS', 0.00143566]]","[['AQUARIUMS', 0.71], ['PETS', 0.21]]",True,152,104,11:43:00.872658
an fish captured the monkey outside an fish outside an monkey in I,"[['FAMILY AND PARENTING', 0.893031], ['FOOD AND DRINK', 0.0942578], ['SPORTS', 0.00468492], ['HOBBIES AND INTERESTS', 0.00128707], ['STYLE AND FASHION', 0.00100511]]","[['AQUARIUMS', 0.71], ['PETS', 0.24]]",True,153,105,11:43:04.302864
an fish captured the monkey outside an fish outside an monkey with I,"[['FAMILY AND PARENTING', 0.504282], ['HOBBIES AND INTERESTS', 0.420125], ['FOOD AND DRINK', 0.0631684], ['STYLE AND FASHION', 0.00573488], ['SPORTS', 0.00306898]]","[['AQUARIUMS', 0.71], ['PETS', 0.24]]",True,154,106,11:43:07.563390
an fish captured a monkey outside an fish outside an monkey with I,"[['FAMILY AND PARENTING', 0.498671], ['HOBBIES AND INTERESTS', 0.415475], ['FOOD AND DRINK', 0.0639642], ['STYLE AND FASHION', 0.0156332], ['SPORTS', 0.00297803]]","[['AQUARIUMS', 0.71], ['PETS', 0.24]]",True,155,107,11:43:11.041815
an fish captured a monkey outside an fish outside an monkey with Steve,"[['FAMILY AND PARENTING', 0.512346], ['FOOD AND DRINK', 0.302087], ['STYLE AND FASHION', 0.155304], ['SPORTS', 0.0196558], ['SCIENCE', 0.00116224]]","[['AQUARIUMS', 0.69], ['PETS', 0.23]]",True,156,108,11:43:14.552183
an fish viewed a monkey outside an fish outside an monkey with Steve,"[['FAMILY AND PARENTING', 0.967344], ['STYLE AND FASHION', 0.0277707], ['SPORTS', 0.00101224], ['SCIENCE', 0.000756902], ['NON STANDARD CONTENT', 0.000348513]]","[['AQUARIUMS', 0.69], ['PETS', 0.23]]",True,157,109,11:43:17.836240
an fish viewed a monkey outside an fish on an monkey with Steve,"[['FAMILY AND PARENTING', 0.957258], ['STYLE AND FASHION', 0.0205565], ['SPORTS', 0.0195639], ['SCIENCE', 0.000523416], ['NON STANDARD CONTENT', 0.000265443]]","[['AQUARIUMS', 0.69], ['PETS', 0.23]]",True,158,110,11:43:21.177628
an fish viewed a monkey outside an fish on an monkey outside Steve,"[['FAMILY AND PARENTING', 1.0], ['SPORTS', 1.18866e-07], ['STYLE AND FASHION', 5.53501e-09], ['FOOD AND DRINK', 1.33885e-09], ['SCIENCE', 1.31964e-09]]","[['AQUARIUMS', 0.69], ['PETS', 0.23]]",True,159,111,11:43:24.554248
an fish viewed a monkey outside an fish on a monkey outside Steve,"[['FAMILY AND PARENTING', 1.0], ['SPORTS', 1.20185e-07], ['STYLE AND FASHION', 7.07969e-08], ['FOOD AND DRINK', 7.32225e-09], ['SCIENCE', 6.29096e-09]]","[['AQUARIUMS', 0.69], ['PETS', 0.23]]",True,160,112,11:43:28.152835
an fish viewed a monkey outside an fish on a man outside Steve,"[['FAMILY AND PARENTING', 0.784906], ['SPORTS', 0.208644], ['STYLE AND FASHION', 0.00124488], ['SCIENCE', 0.00097527], ['HEALTH AND FITNESS', 0.000400276]]","[['AQUARIUMS', 0.76], ['PETS', 0.33]]",True,161,113,11:43:31.721816
an fish viewed a monkey outside an fish on a man with Steve,"[['FAMILY AND PARENTING', 0.743293], ['SPORTS', 0.219762], ['STYLE AND FASHION', 0.0158777], ['SCIENCE', 0.0109254], ['HEALTH AND FITNESS', 0.00505951]]","[['AQUARIUMS', 0.76], ['PETS', 0.33]]",True,162,114,11:43:35.157901
an fish went a monkey outside an fish on a man with Steve,"[['FAMILY AND PARENTING', 0.766151], ['SPORTS', 0.166437], ['STYLE AND FASHION', 0.0422747], ['SCIENCE', 0.00837014], ['HEALTH AND FITNESS', 0.00143636]]","[['AQUARIUMS', 0.79], ['PETS', 0.37]]",True,163,115,11:43:38.683852
an fish captured a monkey outside an fish on a man with Steve,"[['FOOD AND DRINK', 0.692025], ['SPORTS', 0.190932], ['FAMILY AND PARENTING', 0.0787413], ['STYLE AND FASHION', 0.0246686], ['SCIENCE', 0.00372741]]","[['AQUARIUMS', 0.77], ['PETS', 0.34]]",True,164,116,11:43:42.281643
an fish captured a monkey outside an man on a man with Steve,"[['FOOD AND DRINK', 0.634608], ['FAMILY AND PARENTING', 0.353449], ['STYLE AND FASHION', 0.00716695], ['SCIENCE', 0.00156355], ['TRAVEL', 0.00116422]]","[['AQUARIUMS', 0.53], ['PETS', 0.14]]",True,165,117,11:43:46.614766
an fish captured a monkey outside an man outside a man with Steve,"[['FOOD AND DRINK', 0.643405], ['FAMILY AND PARENTING', 0.308305], ['STYLE AND FASHION', 0.0291934], ['SCIENCE', 0.00728745], ['NON STANDARD CONTENT', 0.00290365]]","[['AQUARIUMS', 0.53], ['PETS', 0.14]]",True,166,118,11:43:50.051479
an fish caught a monkey outside an man outside a man with Steve,"[['SPORTS', 0.993077], ['FAMILY AND PARENTING', 0.00647662], ['SCIENCE', 0.000193461], ['STYLE AND FASHION', 6.5587e-05], ['HEALTH AND FITNESS', 4.77249e-05]]","[['AQUARIUMS', 0.54], ['PETS', 0.17]]",True,167,119,11:43:53.729053
an fish caught a monkey outside the man outside a man with Steve,"[['SPORTS', 0.994343], ['FAMILY AND PARENTING', 0.00517011], ['SCIENCE', 0.000254004], ['HEALTH AND FITNESS', 6.95895e-05], ['STYLE AND FASHION', 1.73265e-05]]","[['AQUARIUMS', 0.54], ['PETS', 0.17]]",True,168,120,11:43:57.110727
an fish caught a monkey outside the man outside a man with I,"[['SPORTS', 0.972459], ['FAMILY AND PARENTING', 0.0204606], ['HOBBIES AND INTERESTS', 0.00665498], ['SCIENCE', 0.000247451], ['HEALTH AND FITNESS', 1.74354e-05]]","[['AQUARIUMS', 0.56], ['PETS', 0.19]]",True,169,121,11:44:00.592498
an fish caught a monkey outside the man outside a man with Steve,"[['SPORTS', 0.994343], ['FAMILY AND PARENTING', 0.00517011], ['SCIENCE', 0.000254004], ['HEALTH AND FITNESS', 6.95895e-05], ['STYLE AND FASHION', 1.73265e-05]]","[['AQUARIUMS', 0.54], ['PETS', 0.17]]",True,169,121,11:44:04.315317
a fish caught a monkey outside the man outside a man with Steve,"[['SPORTS', 0.999631], ['FAMILY AND PARENTING', 0.000284757], ['SCIENCE', 5.56514e-05], ['HEALTH AND FITNESS', 5.23729e-06], ['STYLE AND FASHION', 1.52172e-06]]","[['AQUARIUMS', 0.54], ['PETS', 0.17]]",True,170,122,11:44:07.874849
an fish caught a monkey outside the man outside a man with Steve,"[['SPORTS', 0.994343], ['FAMILY AND PARENTING', 0.00517011], ['SCIENCE', 0.000254004], ['HEALTH AND FITNESS', 6.95895e-05], ['STYLE AND FASHION', 1.73265e-05]]","[['AQUARIUMS', 0.54], ['PETS', 0.17]]",True,170,122,11:44:11.622773
an fish caught a monkey outside the man outside a man in Steve,"[['SPORTS', 0.99384], ['FAMILY AND PARENTING', 0.00581896], ['SCIENCE', 9.34617e-05], ['HOBBIES AND INTERESTS', 3.02219e-05], ['TRAVEL', 1.78687e-05]]","[['AQUARIUMS', 0.54], ['PETS', 0.17]]",True,171,123,11:44:15.323587
an fish caught a monkey outside the man in a man in Steve,"[['SPORTS', 0.993487], ['FAMILY AND PARENTING', 0.00555577], ['SCIENCE', 0.000410533], ['HOBBIES AND INTERESTS', 0.000115063], ['TRAVEL', 7.6163e-05]]","[['AQUARIUMS', 0.54], ['PETS', 0.17]]",True,172,124,11:44:18.741818
an fish wounded a monkey outside the man in a man in Steve,"[['FAMILY AND PARENTING', 0.762856], ['TRAVEL', 0.0965361], ['NON STANDARD CONTENT', 0.0740291], ['HOBBIES AND INTERESTS', 0.0148912], ['SCIENCE', 0.0133679]]","[['AQUARIUMS', 0.52], ['PETS', 0.14]]",True,173,125,11:44:22.377210
an fish wounded a monkey outside the man in a hedgehog in Steve,"[['SCIENCE', 0.555847], ['FAMILY AND PARENTING', 0.419889], ['HOBBIES AND INTERESTS', 0.011804], ['NON STANDARD CONTENT', 0.00142893], ['TRAVEL', 0.000758867]]","[['AQUARIUMS', 0.52], ['PETS', 0.13]]",True,174,126,11:44:25.953998
an hedgehog wounded a monkey outside the man in a hedgehog in Steve,"[['SCIENCE', 0.931933], ['FAMILY AND PARENTING', 0.0280997], ['HOBBIES AND INTERESTS', 0.0186141], ['SPORTS', 0.000591876], ['NON STANDARD CONTENT', 0.00013973]]","[['GARDENING', 0.21], ['HOBBIES & INTERESTS', 0.07], ['HOME & GARDEN', 0.06], ['BIRDWATCHING', 0.05]]",True,175,127,11:44:29.321228
my hedgehog wounded a monkey outside the man in a hedgehog in Steve,"[['SCIENCE', 0.744144], ['FAMILY AND PARENTING', 0.128095], ['HOBBIES AND INTERESTS', 0.0637562], ['SPORTS', 0.00159176], ['NON STANDARD CONTENT', 0.000394467]]","[['GARDENING', 0.21], ['HOBBIES & INTERESTS', 0.07], ['HOME & GARDEN', 0.06], ['BIRDWATCHING', 0.05]]",True,176,128,11:44:33.310318
my hedgehog wounded an monkey outside the man in a hedgehog in Steve,"[['SCIENCE', 0.770613], ['FAMILY AND PARENTING', 0.120321], ['HOBBIES AND INTERESTS', 0.0532243], ['SPORTS', 0.00102555], ['TRAVEL', 5.11426e-05]]","[['GARDENING', 0.21], ['HOBBIES & INTERESTS', 0.07], ['HOME & GARDEN', 0.06], ['BIRDWATCHING', 0.05]]",True,177,129,11:44:36.830640
my hedgehog wounded my monkey outside the man in a hedgehog in Steve,"[['SCIENCE', 0.376092], ['FAMILY AND PARENTING', 0.367461], ['HOBBIES AND INTERESTS', 0.140083], ['SPORTS', 0.00215289], ['PETS', 0.00020363]]","[['GARDENING', 0.21], ['HOBBIES & INTERESTS', 0.07], ['HOME & GARDEN', 0.06], ['BIRDWATCHING', 0.05]]",True,178,130,11:44:40.337201
my hedgehog captured my monkey outside the man in a hedgehog in Steve,"[['FAMILY AND PARENTING', 0.335323], ['SCIENCE', 0.282538], ['HOBBIES AND INTERESTS', 0.245288], ['SPORTS', 0.00617179], ['PETS', 0.000244757]]","[['PROFANE CONTENT', 0.21], ['GARDENING', 0.21], ['HOBBIES & INTERESTS', 0.07], ['NON-STANDARD CONTENT', 0.06], ['HOME & GARDEN', 0.06]]",True,179,131,11:44:44.043742
my hedgehog captured my monkey outside the man in a hedgehog in Elise,"[['FAMILY AND PARENTING', 0.516664], ['SCIENCE', 0.434906], ['HOBBIES AND INTERESTS', 0.0283484], ['SPORTS', 0.00272154], ['PETS', 8.94522e-05]]","[['GARDENING', 0.22], ['PROFANE CONTENT', 0.21], ['HOBBIES & INTERESTS', 0.07], ['NON-STANDARD CONTENT', 0.06], ['HOME & GARDEN', 0.06]]",True,180,132,11:44:47.643796
my hedgehog captured an monkey outside the man in a hedgehog in Elise,"[['SCIENCE', 0.829625], ['FAMILY AND PARENTING', 0.153374], ['HOBBIES AND INTERESTS', 0.00911927], ['SPORTS', 0.00117505], ['PETS', 1.62297e-05]]","[['GARDENING', 0.22], ['PROFANE CONTENT', 0.21], ['HOBBIES & INTERESTS', 0.07], ['NON-STANDARD CONTENT', 0.06], ['HOME & GARDEN', 0.06]]",True,181,133,11:44:51.054491
the hedgehog captured an monkey outside the man in a hedgehog in Elise,"[['SCIENCE', 0.934421], ['FAMILY AND PARENTING', 0.0332295], ['HOBBIES AND INTERESTS', 0.0168762], ['SPORTS', 0.00306974], ['TRAVEL', 4.14613e-05]]","[['GARDENING', 0.22], ['PROFANE CONTENT', 0.21], ['HOBBIES & INTERESTS', 0.07], ['NON-STANDARD CONTENT', 0.06], ['HOME & GARDEN', 0.06]]",True,182,134,11:44:54.748870
the hedgehog captured an monkey outside the man in a hedgehog in Steve,"[['SCIENCE', 0.682268], ['HOBBIES AND INTERESTS', 0.190807], ['FAMILY AND PARENTING', 0.0256636], ['SPORTS', 0.00773659], ['TRAVEL', 3.57306e-05]]","[['PROFANE CONTENT', 0.21], ['GARDENING', 0.21], ['HOBBIES & INTERESTS', 0.07], ['NON-STANDARD CONTENT', 0.06], ['HOME & GARDEN', 0.06]]",True,183,135,11:44:58.114559
the hedgehog ran an monkey outside the man in a hedgehog in Steve,"[['SCIENCE', 0.708322], ['HOBBIES AND INTERESTS', 0.185212], ['FAMILY AND PARENTING', 0.0220036], ['SPORTS', 0.00707518], ['TECHNOLOGY AND COMPUTING', 5.02385e-05]]","[['PROFANE CONTENT', 0.22], ['GARDENING', 0.22], ['HOBBIES & INTERESTS', 0.07], ['HOME & GARDEN', 0.06], ['NON-STANDARD CONTENT', 0.06]]",True,184,136,11:45:01.553781
the hedgehog ran an monkey outside the man in a hedgehog in Elise,"[['SCIENCE', 0.945625], ['FAMILY AND PARENTING', 0.0276838], ['HOBBIES AND INTERESTS', 0.0115974], ['SPORTS', 0.00273074], ['TRAVEL', 3.81863e-05]]","[['GARDENING', 0.24], ['PROFANE CONTENT', 0.22], ['HOBBIES & INTERESTS', 0.07], ['HOME & GARDEN', 0.06], ['NON-STANDARD CONTENT', 0.06]]",True,185,137,11:45:04.959403
the hedgehog ran an monkey outside the man in a lawn in Elise,"[['FAMILY AND PARENTING', 0.974543], ['HOBBIES AND INTERESTS', 0.0167889], ['SPORTS', 0.00130534], ['TRAVEL', 0.000161541], ['TECHNOLOGY AND COMPUTING', 9.01988e-05]]","[['GARDENING', 0.23], ['HOME & GARDEN', 0.09]]",True,186,138,11:45:08.654476
the hedgehog ran an monkey outside the man in a lawn in Mark,"[['FAMILY AND PARENTING', 0.956173], ['HOBBIES AND INTERESTS', 0.0346767], ['SPORTS', 0.0016923], ['TRAVEL', 0.000543073], ['SCIENCE', 0.0001984]]","[['GARDENING', 0.22], ['HOME & GARDEN', 0.09]]",True,187,139,11:45:12.218492
the hedgehog ran an monkey near the man in a lawn in Mark,"[['HOBBIES AND INTERESTS', 0.833569], ['SPORTS', 0.0521796], ['TRAVEL', 0.0303046], ['SCIENCE', 0.00665469], ['TECHNOLOGY AND COMPUTING', 0.00412473]]","[['GARDENING', 0.22], ['HOME & GARDEN', 0.09]]",True,188,140,11:45:15.847613
my hedgehog ran an monkey near the man in a lawn in Mark,"[['HOBBIES AND INTERESTS', 0.603544], ['SPORTS', 0.203415], ['TRAVEL', 0.119034], ['SCIENCE', 0.00545017], ['RELIGION AND SPIRITUALITY', 0.00405763]]","[['GARDENING', 0.22], ['HOME & GARDEN', 0.09]]",True,189,141,11:45:19.562993
my hedgehog ran an monkey near the man in a lawn in I,"[['HOBBIES AND INTERESTS', 0.648091], ['SPORTS', 0.247122], ['TRAVEL', 0.012151], ['SCIENCE', 0.00599626], ['RELIGION AND SPIRITUALITY', 0.00562778]]","[['GARDENING', 0.23], ['HOME & GARDEN', 0.1]]",True,190,142,11:45:23.161609
